-- phpMyAdmin SQL Dump
-- version 5.0.1
-- https://www.phpmyadmin.net/
--
-- Host: 127.0.0.1
-- Generation Time: May 31, 2024 at 01:13 PM
-- Server version: 10.4.11-MariaDB
-- PHP Version: 7.4.1

SET SQL_MODE = "NO_AUTO_VALUE_ON_ZERO";
SET AUTOCOMMIT = 0;
START TRANSACTION;
SET time_zone = "+00:00";


/*!40101 SET @OLD_CHARACTER_SET_CLIENT=@@CHARACTER_SET_CLIENT */;
/*!40101 SET @OLD_CHARACTER_SET_RESULTS=@@CHARACTER_SET_RESULTS */;
/*!40101 SET @OLD_COLLATION_CONNECTION=@@COLLATION_CONNECTION */;
/*!40101 SET NAMES utf8mb4 */;

--
-- Database: `karera`
--

-- --------------------------------------------------------

--
-- Table structure for table `addresses`
--

CREATE TABLE `addresses` (
  `id` int(11) NOT NULL,
  `street` varchar(255) NOT NULL,
  `provinceId` int(11) DEFAULT NULL,
  `barangayId` int(11) DEFAULT NULL,
  `cityId` int(11) DEFAULT NULL,
  `zipCode` varchar(4) NOT NULL,
  `createdAt` datetime NOT NULL,
  `updatedAt` datetime NOT NULL
) ENGINE=InnoDB DEFAULT CHARSET=utf8mb4;

-- --------------------------------------------------------

--
-- Table structure for table `barangays`
--

CREATE TABLE `barangays` (
  `id` int(11) NOT NULL,
  `name` varchar(255) NOT NULL,
  `cityId` int(11) NOT NULL,
  `createdAt` datetime NOT NULL,
  `updatedAt` datetime NOT NULL
) ENGINE=InnoDB DEFAULT CHARSET=utf8mb4;

--
-- Dumping data for table `barangays`
--

INSERT INTO `barangays` (`id`, `name`, `cityId`, `createdAt`, `updatedAt`) VALUES
(1, 'Addition Hills', 22, '2024-05-31 11:16:52', '2024-05-31 11:16:52'),
(2, 'Balong-Bato', 22, '2024-05-31 11:16:52', '2024-05-31 11:16:52'),
(3, 'Batis', 22, '2024-05-31 11:16:52', '2024-05-31 11:16:52'),
(4, 'Corazon de Jesus', 22, '2024-05-31 11:16:52', '2024-05-31 11:16:52'),
(5, 'Ermitaño', 22, '2024-05-31 11:16:52', '2024-05-31 11:16:52'),
(6, 'Greenhills', 22, '2024-05-31 11:16:52', '2024-05-31 11:16:52'),
(7, 'Isabelita', 22, '2024-05-31 11:16:52', '2024-05-31 11:16:52'),
(8, 'Kabayanan', 22, '2024-05-31 11:16:52', '2024-05-31 11:16:52'),
(9, 'Little Baguio', 22, '2024-05-31 11:16:52', '2024-05-31 11:16:52'),
(10, 'Maytunas', 22, '2024-05-31 11:16:52', '2024-05-31 11:16:52'),
(11, 'Onse', 22, '2024-05-31 11:16:52', '2024-05-31 11:16:52'),
(12, 'Pasadena', 22, '2024-05-31 11:16:52', '2024-05-31 11:16:52'),
(13, 'Pedro Cruz', 22, '2024-05-31 11:16:52', '2024-05-31 11:16:52'),
(14, 'Progreso', 22, '2024-05-31 11:16:52', '2024-05-31 11:16:52'),
(15, 'Rivera', 22, '2024-05-31 11:16:52', '2024-05-31 11:16:52'),
(16, 'Salapan', 22, '2024-05-31 11:16:52', '2024-05-31 11:16:52'),
(17, 'San Perfecto', 22, '2024-05-31 11:16:52', '2024-05-31 11:16:52'),
(18, 'St. Joseph', 22, '2024-05-31 11:16:52', '2024-05-31 11:16:52'),
(19, 'Sta. Lucia', 22, '2024-05-31 11:16:52', '2024-05-31 11:16:52'),
(20, 'Sta. Teresita', 22, '2024-05-31 11:16:52', '2024-05-31 11:16:52'),
(21, 'Tibagan', 22, '2024-05-31 11:16:52', '2024-05-31 11:16:52'),
(22, 'West Crame', 22, '2024-05-31 11:16:52', '2024-05-31 11:16:52'),
(23, 'Addition Hills', 167, '2024-05-31 11:16:52', '2024-05-31 11:16:52'),
(24, 'Balong-Bato', 167, '2024-05-31 11:16:52', '2024-05-31 11:16:52'),
(25, 'Batis', 167, '2024-05-31 11:16:52', '2024-05-31 11:16:52'),
(26, 'Corazon de Jesus', 167, '2024-05-31 11:16:52', '2024-05-31 11:16:52'),
(27, 'Ermitaño', 167, '2024-05-31 11:16:52', '2024-05-31 11:16:52'),
(28, 'Greenhills', 167, '2024-05-31 11:16:52', '2024-05-31 11:16:52'),
(29, 'Isabelita', 167, '2024-05-31 11:16:52', '2024-05-31 11:16:52'),
(30, 'Kabayanan', 167, '2024-05-31 11:16:52', '2024-05-31 11:16:52'),
(31, 'Little Baguio', 167, '2024-05-31 11:16:52', '2024-05-31 11:16:52'),
(32, 'Maytunas', 167, '2024-05-31 11:16:52', '2024-05-31 11:16:52'),
(33, 'Onse', 167, '2024-05-31 11:16:52', '2024-05-31 11:16:52'),
(34, 'Pasadena', 167, '2024-05-31 11:16:52', '2024-05-31 11:16:52'),
(35, 'Pedro Cruz', 167, '2024-05-31 11:16:52', '2024-05-31 11:16:52'),
(36, 'Progreso', 167, '2024-05-31 11:16:52', '2024-05-31 11:16:52'),
(37, 'Rivera', 167, '2024-05-31 11:16:52', '2024-05-31 11:16:52'),
(38, 'Salapan', 167, '2024-05-31 11:16:52', '2024-05-31 11:16:52'),
(39, 'San Perfecto', 167, '2024-05-31 11:16:52', '2024-05-31 11:16:52'),
(40, 'St. Joseph', 167, '2024-05-31 11:16:52', '2024-05-31 11:16:52'),
(41, 'Sta. Lucia', 167, '2024-05-31 11:16:52', '2024-05-31 11:16:52'),
(42, 'Sta. Teresita', 167, '2024-05-31 11:16:52', '2024-05-31 11:16:52'),
(43, 'Tibagan', 167, '2024-05-31 11:16:52', '2024-05-31 11:16:52'),
(44, 'West Crame', 167, '2024-05-31 11:16:52', '2024-05-31 11:16:52'),
(45, 'Addition Hills', 637, '2024-05-31 11:16:52', '2024-05-31 11:16:52'),
(46, 'Balong-Bato', 637, '2024-05-31 11:16:52', '2024-05-31 11:16:52'),
(47, 'Batis', 637, '2024-05-31 11:16:52', '2024-05-31 11:16:52'),
(48, 'Corazon de Jesus', 637, '2024-05-31 11:16:52', '2024-05-31 11:16:52'),
(49, 'Ermitaño', 637, '2024-05-31 11:16:52', '2024-05-31 11:16:52'),
(50, 'Greenhills', 637, '2024-05-31 11:16:52', '2024-05-31 11:16:52'),
(51, 'Isabelita', 637, '2024-05-31 11:16:52', '2024-05-31 11:16:52'),
(52, 'Kabayanan', 637, '2024-05-31 11:16:52', '2024-05-31 11:16:52'),
(53, 'Little Baguio', 637, '2024-05-31 11:16:52', '2024-05-31 11:16:52'),
(54, 'Maytunas', 637, '2024-05-31 11:16:52', '2024-05-31 11:16:52'),
(55, 'Onse', 637, '2024-05-31 11:16:52', '2024-05-31 11:16:52'),
(56, 'Pasadena', 637, '2024-05-31 11:16:52', '2024-05-31 11:16:52'),
(57, 'Pedro Cruz', 637, '2024-05-31 11:16:52', '2024-05-31 11:16:52'),
(58, 'Progreso', 637, '2024-05-31 11:16:52', '2024-05-31 11:16:52'),
(59, 'Rivera', 637, '2024-05-31 11:16:52', '2024-05-31 11:16:52'),
(60, 'Salapan', 637, '2024-05-31 11:16:52', '2024-05-31 11:16:52'),
(61, 'San Perfecto', 637, '2024-05-31 11:16:52', '2024-05-31 11:16:52'),
(62, 'St. Joseph', 637, '2024-05-31 11:16:52', '2024-05-31 11:16:52'),
(63, 'Sta. Lucia', 637, '2024-05-31 11:16:52', '2024-05-31 11:16:52'),
(64, 'Sta. Teresita', 637, '2024-05-31 11:16:52', '2024-05-31 11:16:52'),
(65, 'Tibagan', 637, '2024-05-31 11:16:52', '2024-05-31 11:16:52'),
(66, 'West Crame', 637, '2024-05-31 11:16:52', '2024-05-31 11:16:52'),
(67, 'Addition Hills', 755, '2024-05-31 11:16:52', '2024-05-31 11:16:52'),
(68, 'Balong-Bato', 755, '2024-05-31 11:16:52', '2024-05-31 11:16:52'),
(69, 'Batis', 755, '2024-05-31 11:16:52', '2024-05-31 11:16:52'),
(70, 'Corazon de Jesus', 755, '2024-05-31 11:16:52', '2024-05-31 11:16:52'),
(71, 'Ermitaño', 755, '2024-05-31 11:16:52', '2024-05-31 11:16:52'),
(72, 'Greenhills', 755, '2024-05-31 11:16:52', '2024-05-31 11:16:52'),
(73, 'Isabelita', 755, '2024-05-31 11:16:52', '2024-05-31 11:16:52'),
(74, 'Kabayanan', 755, '2024-05-31 11:16:52', '2024-05-31 11:16:52'),
(75, 'Little Baguio', 755, '2024-05-31 11:16:52', '2024-05-31 11:16:52'),
(76, 'Maytunas', 755, '2024-05-31 11:16:52', '2024-05-31 11:16:52'),
(77, 'Onse', 755, '2024-05-31 11:16:52', '2024-05-31 11:16:52'),
(78, 'Pasadena', 755, '2024-05-31 11:16:52', '2024-05-31 11:16:52'),
(79, 'Pedro Cruz', 755, '2024-05-31 11:16:52', '2024-05-31 11:16:52'),
(80, 'Progreso', 755, '2024-05-31 11:16:52', '2024-05-31 11:16:52'),
(81, 'Rivera', 755, '2024-05-31 11:16:52', '2024-05-31 11:16:52'),
(82, 'Salapan', 755, '2024-05-31 11:16:52', '2024-05-31 11:16:52'),
(83, 'San Perfecto', 755, '2024-05-31 11:16:52', '2024-05-31 11:16:52'),
(84, 'St. Joseph', 755, '2024-05-31 11:16:52', '2024-05-31 11:16:52'),
(85, 'Sta. Lucia', 755, '2024-05-31 11:16:52', '2024-05-31 11:16:52'),
(86, 'Sta. Teresita', 755, '2024-05-31 11:16:52', '2024-05-31 11:16:52'),
(87, 'Tibagan', 755, '2024-05-31 11:16:52', '2024-05-31 11:16:52'),
(88, 'West Crame', 755, '2024-05-31 11:16:52', '2024-05-31 11:16:52'),
(89, 'Bagong Silang', 957, '2024-05-31 11:16:52', '2024-05-31 11:16:52'),
(90, 'Barrio San Jose', 957, '2024-05-31 11:16:52', '2024-05-31 11:16:52'),
(91, 'Kaybiga', 957, '2024-05-31 11:16:52', '2024-05-31 11:16:52'),
(92, 'Bagumbong', 957, '2024-05-31 11:16:52', '2024-05-31 11:16:52'),
(93, 'Bankers Village', 957, '2024-05-31 11:16:52', '2024-05-31 11:16:52'),
(94, 'Canumay East', 957, '2024-05-31 11:16:52', '2024-05-31 11:16:52'),
(95, 'Deparo', 957, '2024-05-31 11:16:52', '2024-05-31 11:16:52'),
(96, 'Llano', 957, '2024-05-31 11:16:52', '2024-05-31 11:16:52'),
(97, 'Novaliches Proper', 957, '2024-05-31 11:16:52', '2024-05-31 11:16:52'),
(98, 'San Agustin', 957, '2024-05-31 11:16:52', '2024-05-31 11:16:52'),
(99, 'San Jose', 957, '2024-05-31 11:16:52', '2024-05-31 11:16:52'),
(100, 'San Roque', 957, '2024-05-31 11:16:52', '2024-05-31 11:16:52'),
(101, 'Santa Quiteria', 957, '2024-05-31 11:16:52', '2024-05-31 11:16:52'),
(102, 'Tala', 957, '2024-05-31 11:16:52', '2024-05-31 11:16:52'),
(103, 'Zabarte', 957, '2024-05-31 11:16:52', '2024-05-31 11:16:52'),
(104, 'Almanza Uno', 958, '2024-05-31 11:16:52', '2024-05-31 11:16:52'),
(105, 'BF International', 958, '2024-05-31 11:16:52', '2024-05-31 11:16:52'),
(106, 'Manuyo Uno', 958, '2024-05-31 11:16:52', '2024-05-31 11:16:52'),
(107, 'Pamplona Uno', 958, '2024-05-31 11:16:52', '2024-05-31 11:16:52'),
(108, 'Pilar Village', 958, '2024-05-31 11:16:52', '2024-05-31 11:16:52'),
(109, 'Talon Uno', 958, '2024-05-31 11:16:52', '2024-05-31 11:16:52'),
(110, 'Zapote', 958, '2024-05-31 11:16:52', '2024-05-31 11:16:52'),
(111, 'CAA-BF International', 958, '2024-05-31 11:16:52', '2024-05-31 11:16:52'),
(112, 'Manuyo Dos', 958, '2024-05-31 11:16:52', '2024-05-31 11:16:52'),
(113, 'Pamplona Dos', 958, '2024-05-31 11:16:52', '2024-05-31 11:16:52'),
(114, 'Pulang Lupa Uno', 958, '2024-05-31 11:16:52', '2024-05-31 11:16:52'),
(115, 'Talon Dos', 958, '2024-05-31 11:16:52', '2024-05-31 11:16:52'),
(116, 'Zapote II', 958, '2024-05-31 11:16:52', '2024-05-31 11:16:52'),
(117, 'Bel-Air', 959, '2024-05-31 11:16:52', '2024-05-31 11:16:52'),
(118, 'Forbes Park', 959, '2024-05-31 11:16:52', '2024-05-31 11:16:52'),
(119, 'Guadalupe Nuevo', 959, '2024-05-31 11:16:52', '2024-05-31 11:16:52'),
(120, 'Kasilawan', 959, '2024-05-31 11:16:52', '2024-05-31 11:16:52'),
(121, 'Palanan', 959, '2024-05-31 11:16:52', '2024-05-31 11:16:52'),
(122, 'Pinagkaisahan', 959, '2024-05-31 11:16:52', '2024-05-31 11:16:52'),
(123, 'Pio del Pilar', 959, '2024-05-31 11:16:52', '2024-05-31 11:16:52'),
(124, 'San Antonio', 959, '2024-05-31 11:16:52', '2024-05-31 11:16:52'),
(125, 'San Isidro', 959, '2024-05-31 11:16:52', '2024-05-31 11:16:52'),
(126, 'San Lorenzo', 959, '2024-05-31 11:16:52', '2024-05-31 11:16:52'),
(127, 'Santa Cruz', 959, '2024-05-31 11:16:52', '2024-05-31 11:16:52'),
(128, 'Singkamas', 959, '2024-05-31 11:16:52', '2024-05-31 11:16:52'),
(129, 'Tejeros', 959, '2024-05-31 11:16:52', '2024-05-31 11:16:52'),
(130, 'Urdaneta', 959, '2024-05-31 11:16:52', '2024-05-31 11:16:52'),
(131, 'Acacia', 960, '2024-05-31 11:16:52', '2024-05-31 11:16:52'),
(132, 'Baritan', 960, '2024-05-31 11:16:52', '2024-05-31 11:16:52'),
(133, 'Catmon', 960, '2024-05-31 11:16:52', '2024-05-31 11:16:52'),
(134, 'Concepcion', 960, '2024-05-31 11:16:52', '2024-05-31 11:16:52'),
(135, 'Dampalit', 960, '2024-05-31 11:16:52', '2024-05-31 11:16:52'),
(136, 'Flores', 960, '2024-05-31 11:16:52', '2024-05-31 11:16:52'),
(137, 'Hulong Duhat', 960, '2024-05-31 11:16:52', '2024-05-31 11:16:52'),
(138, 'Ibaba', 960, '2024-05-31 11:16:52', '2024-05-31 11:16:52'),
(139, 'Longos', 960, '2024-05-31 11:16:52', '2024-05-31 11:16:52'),
(140, 'Maysilo', 960, '2024-05-31 11:16:52', '2024-05-31 11:16:52'),
(141, 'Muzon', 960, '2024-05-31 11:16:52', '2024-05-31 11:16:52'),
(142, 'Niugan', 960, '2024-05-31 11:16:52', '2024-05-31 11:16:52'),
(143, 'Potrero', 960, '2024-05-31 11:16:52', '2024-05-31 11:16:52'),
(144, 'San Agustin', 960, '2024-05-31 11:16:52', '2024-05-31 11:16:52'),
(145, 'Santolan', 960, '2024-05-31 11:16:52', '2024-05-31 11:16:52'),
(146, 'Tañong', 960, '2024-05-31 11:16:52', '2024-05-31 11:16:52'),
(147, 'Tugatog', 960, '2024-05-31 11:16:52', '2024-05-31 11:16:52'),
(148, 'Tonsuya', 960, '2024-05-31 11:16:52', '2024-05-31 11:16:52'),
(149, 'Tinajeros', 960, '2024-05-31 11:16:52', '2024-05-31 11:16:52'),
(150, 'Tonsuya', 960, '2024-05-31 11:16:52', '2024-05-31 11:16:52'),
(151, 'Addition Hills', 961, '2024-05-31 11:16:52', '2024-05-31 11:16:52'),
(152, 'Bagong Silang', 961, '2024-05-31 11:16:52', '2024-05-31 11:16:52'),
(153, 'Barangka Drive', 961, '2024-05-31 11:16:52', '2024-05-31 11:16:52'),
(154, 'Barangka Ibaba', 961, '2024-05-31 11:16:52', '2024-05-31 11:16:52'),
(155, 'Barangka Ilaya', 961, '2024-05-31 11:16:52', '2024-05-31 11:16:52'),
(156, 'Barangka Itaas', 961, '2024-05-31 11:16:52', '2024-05-31 11:16:52'),
(157, 'Burol', 961, '2024-05-31 11:16:52', '2024-05-31 11:16:52'),
(158, 'Daang Bakal', 961, '2024-05-31 11:16:52', '2024-05-31 11:16:52'),
(159, 'Hagdang Bato Itaas', 961, '2024-05-31 11:16:52', '2024-05-31 11:16:52'),
(160, 'Hagdang Bato Libis', 961, '2024-05-31 11:16:52', '2024-05-31 11:16:52'),
(161, 'Harapin Ang Bukas', 961, '2024-05-31 11:16:52', '2024-05-31 11:16:52'),
(162, 'Highway Hills', 961, '2024-05-31 11:16:52', '2024-05-31 11:16:52'),
(163, 'Hulo', 961, '2024-05-31 11:16:52', '2024-05-31 11:16:52'),
(164, 'Mabini-J. Rizal', 961, '2024-05-31 11:16:52', '2024-05-31 11:16:52'),
(165, 'Malamig', 961, '2024-05-31 11:16:52', '2024-05-31 11:16:52'),
(166, 'Mauway', 961, '2024-05-31 11:16:52', '2024-05-31 11:16:52'),
(167, 'Namayan', 961, '2024-05-31 11:16:52', '2024-05-31 11:16:52'),
(168, 'New Zañiga', 961, '2024-05-31 11:16:52', '2024-05-31 11:16:52'),
(169, 'Old Zañiga', 961, '2024-05-31 11:16:52', '2024-05-31 11:16:52'),
(170, 'Pag-asa', 961, '2024-05-31 11:16:52', '2024-05-31 11:16:52'),
(171, 'Plainview', 961, '2024-05-31 11:16:52', '2024-05-31 11:16:52'),
(172, 'Pleasant Hills', 961, '2024-05-31 11:16:52', '2024-05-31 11:16:52'),
(173, 'Poblacion', 961, '2024-05-31 11:16:52', '2024-05-31 11:16:52'),
(174, 'San Jose', 961, '2024-05-31 11:16:52', '2024-05-31 11:16:52'),
(175, 'Vergara', 961, '2024-05-31 11:16:52', '2024-05-31 11:16:52'),
(176, '1003', 962, '2024-05-31 11:16:52', '2024-05-31 11:16:52'),
(177, 'Adriatico', 962, '2024-05-31 11:16:52', '2024-05-31 11:16:52'),
(178, 'Baliwag', 962, '2024-05-31 11:16:52', '2024-05-31 11:16:52'),
(179, 'Balut', 962, '2024-05-31 11:16:52', '2024-05-31 11:16:52'),
(180, 'Basilica', 962, '2024-05-31 11:16:52', '2024-05-31 11:16:52'),
(181, 'Binondo', 962, '2024-05-31 11:16:52', '2024-05-31 11:16:52'),
(182, 'Blumentritt', 962, '2024-05-31 11:16:52', '2024-05-31 11:16:52'),
(183, 'Bolton', 962, '2024-05-31 11:16:52', '2024-05-31 11:16:52'),
(184, 'Boni', 962, '2024-05-31 11:16:52', '2024-05-31 11:16:52'),
(185, 'Boulevard', 962, '2024-05-31 11:16:52', '2024-05-31 11:16:52'),
(186, 'Buting', 962, '2024-05-31 11:16:52', '2024-05-31 11:16:52'),
(187, 'Caniogan', 962, '2024-05-31 11:16:52', '2024-05-31 11:16:52'),
(188, 'Carriedo', 962, '2024-05-31 11:16:52', '2024-05-31 11:16:52'),
(189, 'Claro M. Recto', 962, '2024-05-31 11:16:52', '2024-05-31 11:16:52'),
(190, 'Commonwealth', 962, '2024-05-31 11:16:52', '2024-05-31 11:16:52'),
(191, 'Concepcion', 962, '2024-05-31 11:16:52', '2024-05-31 11:16:52'),
(192, 'Daanghari', 962, '2024-05-31 11:16:52', '2024-05-31 11:16:52'),
(193, 'Dasmarinas', 962, '2024-05-31 11:16:52', '2024-05-31 11:16:52'),
(194, 'Divisoria', 962, '2024-05-31 11:16:52', '2024-05-31 11:16:52'),
(195, 'Ermita', 962, '2024-05-31 11:16:52', '2024-05-31 11:16:52'),
(196, 'Escolta', 962, '2024-05-31 11:16:52', '2024-05-31 11:16:52'),
(197, 'Grace Park', 962, '2024-05-31 11:16:52', '2024-05-31 11:16:52'),
(198, 'Ibaba', 962, '2024-05-31 11:16:52', '2024-05-31 11:16:52'),
(199, 'Intramuros', 962, '2024-05-31 11:16:52', '2024-05-31 11:16:52'),
(200, 'La Loma', 962, '2024-05-31 11:16:52', '2024-05-31 11:16:52'),
(201, 'Lilac', 962, '2024-05-31 11:16:52', '2024-05-31 11:16:52'),
(202, 'Mabini', 962, '2024-05-31 11:16:52', '2024-05-31 11:16:52'),
(203, 'Malanday', 962, '2024-05-31 11:16:52', '2024-05-31 11:16:52'),
(204, 'Malibay', 962, '2024-05-31 11:16:52', '2024-05-31 11:16:52'),
(205, 'Mandala', 962, '2024-05-31 11:16:52', '2024-05-31 11:16:52'),
(206, 'Manggahan', 962, '2024-05-31 11:16:52', '2024-05-31 11:16:52'),
(207, 'Maybunga', 962, '2024-05-31 11:16:52', '2024-05-31 11:16:52'),
(208, 'Napindan', 962, '2024-05-31 11:16:52', '2024-05-31 11:16:52'),
(209, 'Navotas', 962, '2024-05-31 11:16:52', '2024-05-31 11:16:52'),
(210, 'Paco', 962, '2024-05-31 11:16:52', '2024-05-31 11:16:52'),
(211, 'Pamplona', 962, '2024-05-31 11:16:52', '2024-05-31 11:16:52'),
(212, 'Pandacan', 962, '2024-05-31 11:16:52', '2024-05-31 11:16:52'),
(213, 'Pasig', 962, '2024-05-31 11:16:52', '2024-05-31 11:16:52'),
(214, 'Port Area', 962, '2024-05-31 11:16:52', '2024-05-31 11:16:52'),
(215, 'Quiapo', 962, '2024-05-31 11:16:52', '2024-05-31 11:16:52'),
(216, 'San Andres', 962, '2024-05-31 11:16:52', '2024-05-31 11:16:52'),
(217, 'San Juan', 962, '2024-05-31 11:16:52', '2024-05-31 11:16:52'),
(218, 'San Nicolas', 962, '2024-05-31 11:16:52', '2024-05-31 11:16:52'),
(219, 'San Pedro', 962, '2024-05-31 11:16:52', '2024-05-31 11:16:52'),
(220, 'San Roque', 962, '2024-05-31 11:16:52', '2024-05-31 11:16:52'),
(221, 'Santa Ana', 962, '2024-05-31 11:16:52', '2024-05-31 11:16:52'),
(222, 'Santa Cruz', 962, '2024-05-31 11:16:52', '2024-05-31 11:16:52'),
(223, 'Santa Mesa', 962, '2024-05-31 11:16:52', '2024-05-31 11:16:52'),
(224, 'Santo Domingo', 962, '2024-05-31 11:16:52', '2024-05-31 11:16:52'),
(225, 'Santo Niño', 962, '2024-05-31 11:16:52', '2024-05-31 11:16:52'),
(226, 'Santol', 962, '2024-05-31 11:16:52', '2024-05-31 11:16:52'),
(227, 'Tondo', 962, '2024-05-31 11:16:52', '2024-05-31 11:16:52'),
(228, 'Tuktukan', 962, '2024-05-31 11:16:52', '2024-05-31 11:16:52'),
(229, 'Ususan', 962, '2024-05-31 11:16:52', '2024-05-31 11:16:52'),
(230, 'Barangka', 963, '2024-05-31 11:16:52', '2024-05-31 11:16:52'),
(231, 'Concepcion Dos', 963, '2024-05-31 11:16:52', '2024-05-31 11:16:52'),
(232, 'Concepcion Uno', 963, '2024-05-31 11:16:52', '2024-05-31 11:16:52'),
(233, 'Dela Peña', 963, '2024-05-31 11:16:52', '2024-05-31 11:16:52'),
(234, 'Industrial Valley Complex', 963, '2024-05-31 11:16:52', '2024-05-31 11:16:52'),
(235, 'Jesus dela Peña', 963, '2024-05-31 11:16:52', '2024-05-31 11:16:52'),
(236, 'Malanday', 963, '2024-05-31 11:16:52', '2024-05-31 11:16:52'),
(237, 'Malanday', 963, '2024-05-31 11:16:52', '2024-05-31 11:16:52'),
(238, 'Manggahan', 963, '2024-05-31 11:16:52', '2024-05-31 11:16:52'),
(239, 'Nangka', 963, '2024-05-31 11:16:52', '2024-05-31 11:16:52'),
(240, 'Parang', 963, '2024-05-31 11:16:52', '2024-05-31 11:16:52'),
(241, 'San Roque', 963, '2024-05-31 11:16:52', '2024-05-31 11:16:52'),
(242, 'Santa Elena', 963, '2024-05-31 11:16:52', '2024-05-31 11:16:52'),
(243, 'Santo Niño', 963, '2024-05-31 11:16:52', '2024-05-31 11:16:52'),
(244, 'Tañong', 963, '2024-05-31 11:16:52', '2024-05-31 11:16:52'),
(245, 'Tumana', 963, '2024-05-31 11:16:52', '2024-05-31 11:16:52'),
(246, 'Alabang', 964, '2024-05-31 11:16:52', '2024-05-31 11:16:52'),
(247, 'Ayala Alabang Village', 964, '2024-05-31 11:16:52', '2024-05-31 11:16:52'),
(248, 'Bayanan', 964, '2024-05-31 11:16:52', '2024-05-31 11:16:52'),
(249, 'Buli', 964, '2024-05-31 11:16:52', '2024-05-31 11:16:52'),
(250, 'Cupang', 964, '2024-05-31 11:16:52', '2024-05-31 11:16:52'),
(251, 'Muntinlupa Poblacion', 964, '2024-05-31 11:16:52', '2024-05-31 11:16:52'),
(252, 'Putatan', 964, '2024-05-31 11:16:52', '2024-05-31 11:16:52'),
(253, 'Sucat', 964, '2024-05-31 11:16:52', '2024-05-31 11:16:52'),
(254, 'Tunasan', 964, '2024-05-31 11:16:52', '2024-05-31 11:16:52'),
(255, 'Bangculasi', 965, '2024-05-31 11:16:52', '2024-05-31 11:16:52'),
(256, 'Daanghari', 965, '2024-05-31 11:16:52', '2024-05-31 11:16:52'),
(257, 'Navotas East', 965, '2024-05-31 11:16:52', '2024-05-31 11:16:52'),
(258, 'Navotas West', 965, '2024-05-31 11:16:52', '2024-05-31 11:16:52'),
(259, 'North Bay Boulevard North', 965, '2024-05-31 11:16:52', '2024-05-31 11:16:52'),
(260, 'North Bay Boulevard South', 965, '2024-05-31 11:16:52', '2024-05-31 11:16:52'),
(261, 'North Bay Boulevard South 1', 965, '2024-05-31 11:16:52', '2024-05-31 11:16:52'),
(262, 'North Bay Boulevard South 2', 965, '2024-05-31 11:16:52', '2024-05-31 11:16:52'),
(263, 'San Jose', 965, '2024-05-31 11:16:52', '2024-05-31 11:16:52'),
(264, 'Sipac-Almacen', 965, '2024-05-31 11:16:52', '2024-05-31 11:16:52'),
(265, 'Tangos', 965, '2024-05-31 11:16:52', '2024-05-31 11:16:52'),
(266, 'Tanza', 965, '2024-05-31 11:16:52', '2024-05-31 11:16:52'),
(267, 'Baclaran', 966, '2024-05-31 11:16:52', '2024-05-31 11:16:52'),
(268, 'Don Bosco', 966, '2024-05-31 11:16:52', '2024-05-31 11:16:52'),
(269, 'La Huerta', 966, '2024-05-31 11:16:52', '2024-05-31 11:16:52'),
(270, 'Moonwalk', 966, '2024-05-31 11:16:52', '2024-05-31 11:16:52'),
(271, 'San Antonio', 966, '2024-05-31 11:16:52', '2024-05-31 11:16:52'),
(272, 'San Dionisio', 966, '2024-05-31 11:16:52', '2024-05-31 11:16:52'),
(273, 'San Isidro', 966, '2024-05-31 11:16:52', '2024-05-31 11:16:52'),
(274, 'San Martin de Porres', 966, '2024-05-31 11:16:52', '2024-05-31 11:16:52'),
(275, 'San Nicolas', 966, '2024-05-31 11:16:52', '2024-05-31 11:16:52'),
(276, 'Santa Clara', 966, '2024-05-31 11:16:52', '2024-05-31 11:16:52'),
(277, 'Santa Rita', 966, '2024-05-31 11:16:52', '2024-05-31 11:16:52'),
(278, 'Santo Niño', 966, '2024-05-31 11:16:52', '2024-05-31 11:16:52'),
(279, 'Santo Rosario', 966, '2024-05-31 11:16:52', '2024-05-31 11:16:52'),
(280, 'Sun Valley', 966, '2024-05-31 11:16:52', '2024-05-31 11:16:52'),
(281, 'Tambo', 966, '2024-05-31 11:16:52', '2024-05-31 11:16:52'),
(282, 'Barangay 1', 967, '2024-05-31 11:16:52', '2024-05-31 11:16:52'),
(283, 'Barangay 2', 967, '2024-05-31 11:16:52', '2024-05-31 11:16:52'),
(284, 'Barangay 3', 967, '2024-05-31 11:16:52', '2024-05-31 11:16:52'),
(285, 'Barangay 4', 967, '2024-05-31 11:16:52', '2024-05-31 11:16:52'),
(286, 'Barangay 5', 967, '2024-05-31 11:16:52', '2024-05-31 11:16:52'),
(287, 'Barangay 6', 967, '2024-05-31 11:16:52', '2024-05-31 11:16:52'),
(288, 'Barangay 7', 967, '2024-05-31 11:16:52', '2024-05-31 11:16:52'),
(289, 'Barangay 8', 967, '2024-05-31 11:16:52', '2024-05-31 11:16:52'),
(290, 'Barangay 9', 967, '2024-05-31 11:16:52', '2024-05-31 11:16:52'),
(291, 'Barangay 10', 967, '2024-05-31 11:16:52', '2024-05-31 11:16:52'),
(292, 'Barangay 11', 967, '2024-05-31 11:16:52', '2024-05-31 11:16:52'),
(293, 'Barangay 12', 967, '2024-05-31 11:16:52', '2024-05-31 11:16:52'),
(294, 'Barangay 13', 967, '2024-05-31 11:16:52', '2024-05-31 11:16:52'),
(295, 'Barangay 14', 967, '2024-05-31 11:16:52', '2024-05-31 11:16:52'),
(296, 'Barangay 15', 967, '2024-05-31 11:16:52', '2024-05-31 11:16:52'),
(297, 'Barangay 16', 967, '2024-05-31 11:16:52', '2024-05-31 11:16:52'),
(298, 'Barangay 17', 967, '2024-05-31 11:16:52', '2024-05-31 11:16:52'),
(299, 'Barangay 18', 967, '2024-05-31 11:16:52', '2024-05-31 11:16:52'),
(300, 'Barangay 19', 967, '2024-05-31 11:16:52', '2024-05-31 11:16:52'),
(301, 'Barangay 20', 967, '2024-05-31 11:16:52', '2024-05-31 11:16:52'),
(302, 'Barangay 21', 967, '2024-05-31 11:16:52', '2024-05-31 11:16:52'),
(303, 'Barangay 22', 967, '2024-05-31 11:16:52', '2024-05-31 11:16:52'),
(304, 'Barangay 23', 967, '2024-05-31 11:16:52', '2024-05-31 11:16:52'),
(305, 'Barangay 24', 967, '2024-05-31 11:16:52', '2024-05-31 11:16:52'),
(306, 'Barangay 25', 967, '2024-05-31 11:16:52', '2024-05-31 11:16:52'),
(307, 'Barangay 26', 967, '2024-05-31 11:16:52', '2024-05-31 11:16:52'),
(308, 'Barangay 27', 967, '2024-05-31 11:16:52', '2024-05-31 11:16:52'),
(309, 'Barangay 28', 967, '2024-05-31 11:16:52', '2024-05-31 11:16:52'),
(310, 'Barangay 29', 967, '2024-05-31 11:16:52', '2024-05-31 11:16:52'),
(311, 'Barangay 30', 967, '2024-05-31 11:16:52', '2024-05-31 11:16:52'),
(312, 'Barangay 31', 967, '2024-05-31 11:16:52', '2024-05-31 11:16:52'),
(313, 'Barangay 32', 967, '2024-05-31 11:16:52', '2024-05-31 11:16:52'),
(314, 'Barangay 33', 967, '2024-05-31 11:16:52', '2024-05-31 11:16:52'),
(315, 'Barangay 34', 967, '2024-05-31 11:16:52', '2024-05-31 11:16:52'),
(316, 'Barangay 35', 967, '2024-05-31 11:16:52', '2024-05-31 11:16:52'),
(317, 'Barangay 36', 967, '2024-05-31 11:16:52', '2024-05-31 11:16:52'),
(318, 'Barangay 37', 967, '2024-05-31 11:16:52', '2024-05-31 11:16:52'),
(319, 'Barangay 38', 967, '2024-05-31 11:16:52', '2024-05-31 11:16:52'),
(320, 'Barangay 39', 967, '2024-05-31 11:16:52', '2024-05-31 11:16:52'),
(321, 'Barangay 40', 967, '2024-05-31 11:16:52', '2024-05-31 11:16:52'),
(322, 'Barangay 41', 967, '2024-05-31 11:16:52', '2024-05-31 11:16:52'),
(323, 'Barangay 42', 967, '2024-05-31 11:16:52', '2024-05-31 11:16:52'),
(324, 'Barangay 43', 967, '2024-05-31 11:16:52', '2024-05-31 11:16:52'),
(325, 'Barangay 44', 967, '2024-05-31 11:16:52', '2024-05-31 11:16:52'),
(326, 'Barangay 45', 967, '2024-05-31 11:16:52', '2024-05-31 11:16:52'),
(327, 'Barangay 46', 967, '2024-05-31 11:16:52', '2024-05-31 11:16:52'),
(328, 'Barangay 47', 967, '2024-05-31 11:16:52', '2024-05-31 11:16:52'),
(329, 'Barangay 48', 967, '2024-05-31 11:16:52', '2024-05-31 11:16:52'),
(330, 'Barangay 49', 967, '2024-05-31 11:16:52', '2024-05-31 11:16:52'),
(331, 'Barangay 50', 967, '2024-05-31 11:16:52', '2024-05-31 11:16:52'),
(332, 'Barangay 51', 967, '2024-05-31 11:16:52', '2024-05-31 11:16:52'),
(333, 'Barangay 52', 967, '2024-05-31 11:16:52', '2024-05-31 11:16:52'),
(334, 'Barangay 53', 967, '2024-05-31 11:16:52', '2024-05-31 11:16:52'),
(335, 'Barangay 54', 967, '2024-05-31 11:16:52', '2024-05-31 11:16:52'),
(336, 'Barangay 55', 967, '2024-05-31 11:16:52', '2024-05-31 11:16:52'),
(337, 'Barangay 56', 967, '2024-05-31 11:16:52', '2024-05-31 11:16:52'),
(338, 'Barangay 57', 967, '2024-05-31 11:16:52', '2024-05-31 11:16:52'),
(339, 'Barangay 58', 967, '2024-05-31 11:16:52', '2024-05-31 11:16:52'),
(340, 'Barangay 59', 967, '2024-05-31 11:16:52', '2024-05-31 11:16:52'),
(341, 'Barangay 60', 967, '2024-05-31 11:16:52', '2024-05-31 11:16:52'),
(342, 'Barangay 61', 967, '2024-05-31 11:16:52', '2024-05-31 11:16:52'),
(343, 'Barangay 62', 967, '2024-05-31 11:16:52', '2024-05-31 11:16:52'),
(344, 'Barangay 63', 967, '2024-05-31 11:16:52', '2024-05-31 11:16:52'),
(345, 'Barangay 64', 967, '2024-05-31 11:16:52', '2024-05-31 11:16:52'),
(346, 'Barangay 65', 967, '2024-05-31 11:16:52', '2024-05-31 11:16:52'),
(347, 'Barangay 66', 967, '2024-05-31 11:16:52', '2024-05-31 11:16:52'),
(348, 'Barangay 67', 967, '2024-05-31 11:16:52', '2024-05-31 11:16:52'),
(349, 'Barangay 68', 967, '2024-05-31 11:16:52', '2024-05-31 11:16:52'),
(350, 'Barangay 69', 967, '2024-05-31 11:16:52', '2024-05-31 11:16:52'),
(351, 'Barangay 70', 967, '2024-05-31 11:16:52', '2024-05-31 11:16:52'),
(352, 'Barangay 71', 967, '2024-05-31 11:16:52', '2024-05-31 11:16:52'),
(353, 'Barangay 72', 967, '2024-05-31 11:16:52', '2024-05-31 11:16:52'),
(354, 'Barangay 73', 967, '2024-05-31 11:16:52', '2024-05-31 11:16:52'),
(355, 'Barangay 74', 967, '2024-05-31 11:16:52', '2024-05-31 11:16:52'),
(356, 'Barangay 75', 967, '2024-05-31 11:16:52', '2024-05-31 11:16:52'),
(357, 'Barangay 76', 967, '2024-05-31 11:16:52', '2024-05-31 11:16:52'),
(358, 'Barangay 77', 967, '2024-05-31 11:16:52', '2024-05-31 11:16:52'),
(359, 'Barangay 78', 967, '2024-05-31 11:16:52', '2024-05-31 11:16:52'),
(360, 'Barangay 79', 967, '2024-05-31 11:16:52', '2024-05-31 11:16:52'),
(361, 'Barangay 80', 967, '2024-05-31 11:16:52', '2024-05-31 11:16:52'),
(362, 'Barangay 81', 967, '2024-05-31 11:16:52', '2024-05-31 11:16:52'),
(363, 'Barangay 82', 967, '2024-05-31 11:16:52', '2024-05-31 11:16:52'),
(364, 'Barangay 83', 967, '2024-05-31 11:16:52', '2024-05-31 11:16:52'),
(365, 'Barangay 84', 967, '2024-05-31 11:16:52', '2024-05-31 11:16:52'),
(366, 'Barangay 85', 967, '2024-05-31 11:16:52', '2024-05-31 11:16:52'),
(367, 'Barangay 86', 967, '2024-05-31 11:16:52', '2024-05-31 11:16:52'),
(368, 'Barangay 87', 967, '2024-05-31 11:16:52', '2024-05-31 11:16:52'),
(369, 'Barangay 88', 967, '2024-05-31 11:16:52', '2024-05-31 11:16:52'),
(370, 'Barangay 89', 967, '2024-05-31 11:16:52', '2024-05-31 11:16:52'),
(371, 'Barangay 90', 967, '2024-05-31 11:16:52', '2024-05-31 11:16:52'),
(372, 'Barangay 91', 967, '2024-05-31 11:16:52', '2024-05-31 11:16:52'),
(373, 'Barangay 92', 967, '2024-05-31 11:16:52', '2024-05-31 11:16:52'),
(374, 'Barangay 93', 967, '2024-05-31 11:16:52', '2024-05-31 11:16:52'),
(375, 'Barangay 94', 967, '2024-05-31 11:16:52', '2024-05-31 11:16:52'),
(376, 'Barangay 95', 967, '2024-05-31 11:16:52', '2024-05-31 11:16:52'),
(377, 'Barangay 96', 967, '2024-05-31 11:16:52', '2024-05-31 11:16:52'),
(378, 'Barangay 97', 967, '2024-05-31 11:16:52', '2024-05-31 11:16:52'),
(379, 'Barangay 98', 967, '2024-05-31 11:16:52', '2024-05-31 11:16:52'),
(380, 'Barangay 99', 967, '2024-05-31 11:16:52', '2024-05-31 11:16:52'),
(381, 'Barangay 100', 967, '2024-05-31 11:16:52', '2024-05-31 11:16:52'),
(382, 'Bagong Ilog', 968, '2024-05-31 11:16:52', '2024-05-31 11:16:52'),
(383, 'Bagong Katipunan', 968, '2024-05-31 11:16:52', '2024-05-31 11:16:52'),
(384, 'Bagong Kauswagan', 968, '2024-05-31 11:16:52', '2024-05-31 11:16:52'),
(385, 'Bagong Lipunan ng Crame', 968, '2024-05-31 11:16:52', '2024-05-31 11:16:52'),
(386, 'Bagong Pag-asa', 968, '2024-05-31 11:16:52', '2024-05-31 11:16:52'),
(387, 'Bagong Tanyag', 968, '2024-05-31 11:16:52', '2024-05-31 11:16:52'),
(388, 'Bahayang Pag-asa', 968, '2024-05-31 11:16:52', '2024-05-31 11:16:52'),
(389, 'Bambang', 968, '2024-05-31 11:16:52', '2024-05-31 11:16:52'),
(390, 'Buting', 968, '2024-05-31 11:16:52', '2024-05-31 11:16:52'),
(391, 'Caniogan', 968, '2024-05-31 11:16:52', '2024-05-31 11:16:52'),
(392, 'Kalawaan', 968, '2024-05-31 11:16:52', '2024-05-31 11:16:52'),
(393, 'Kapasigan', 968, '2024-05-31 11:16:52', '2024-05-31 11:16:52'),
(394, 'Kapitolyo', 968, '2024-05-31 11:16:52', '2024-05-31 11:16:52'),
(395, 'Manggahan', 968, '2024-05-31 11:16:52', '2024-05-31 11:16:52'),
(396, 'Maybunga', 968, '2024-05-31 11:16:52', '2024-05-31 11:16:52'),
(397, 'Oranbo', 968, '2024-05-31 11:16:52', '2024-05-31 11:16:52'),
(398, 'Palatiw', 968, '2024-05-31 11:16:52', '2024-05-31 11:16:52'),
(399, 'Pinagbuhatan', 968, '2024-05-31 11:16:52', '2024-05-31 11:16:52'),
(400, 'Pineda', 968, '2024-05-31 11:16:52', '2024-05-31 11:16:52'),
(401, 'Rosario', 968, '2024-05-31 11:16:52', '2024-05-31 11:16:52'),
(402, 'Sagad', 968, '2024-05-31 11:16:52', '2024-05-31 11:16:52'),
(403, 'San Antonio', 968, '2024-05-31 11:16:52', '2024-05-31 11:16:52'),
(404, 'San Joaquin', 968, '2024-05-31 11:16:52', '2024-05-31 11:16:52'),
(405, 'San Jose', 968, '2024-05-31 11:16:52', '2024-05-31 11:16:52'),
(406, 'San Miguel', 968, '2024-05-31 11:16:52', '2024-05-31 11:16:52'),
(407, 'San Nicolas', 968, '2024-05-31 11:16:52', '2024-05-31 11:16:52'),
(408, 'San Sebastian', 968, '2024-05-31 11:16:52', '2024-05-31 11:16:52'),
(409, 'Santa Cruz', 968, '2024-05-31 11:16:52', '2024-05-31 11:16:52'),
(410, 'Santa Lucia', 968, '2024-05-31 11:16:52', '2024-05-31 11:16:52'),
(411, 'Santo Tomas', 968, '2024-05-31 11:16:52', '2024-05-31 11:16:52'),
(412, 'Santolan', 968, '2024-05-31 11:16:52', '2024-05-31 11:16:52'),
(413, 'Sumilang', 968, '2024-05-31 11:16:52', '2024-05-31 11:16:52'),
(414, 'Ugong', 968, '2024-05-31 11:16:52', '2024-05-31 11:16:52'),
(415, 'Unciano (Bgy. 69)', 968, '2024-05-31 11:16:52', '2024-05-31 11:16:52'),
(416, 'Aguho', 969, '2024-05-31 11:16:52', '2024-05-31 11:16:52'),
(417, 'Dela Paz', 969, '2024-05-31 11:16:52', '2024-05-31 11:16:52'),
(418, 'Martires del \'96', 969, '2024-05-31 11:16:52', '2024-05-31 11:16:52'),
(419, 'Poblacion', 969, '2024-05-31 11:16:52', '2024-05-31 11:16:52'),
(420, 'San Roque', 969, '2024-05-31 11:16:52', '2024-05-31 11:16:52'),
(421, 'Sta. Ana', 969, '2024-05-31 11:16:52', '2024-05-31 11:16:52'),
(422, 'Sta. Cruz', 969, '2024-05-31 11:16:52', '2024-05-31 11:16:52'),
(423, 'Sta. Elena', 969, '2024-05-31 11:16:52', '2024-05-31 11:16:52'),
(424, 'Sto. Rosario-Kanluran', 969, '2024-05-31 11:16:52', '2024-05-31 11:16:52'),
(425, 'Sto. Rosario-Silangan', 969, '2024-05-31 11:16:52', '2024-05-31 11:16:52'),
(426, 'Alicia', 970, '2024-05-31 11:16:52', '2024-05-31 11:16:52'),
(427, 'Amihan', 970, '2024-05-31 11:16:52', '2024-05-31 11:16:52'),
(428, 'Apolonio Samson', 970, '2024-05-31 11:16:52', '2024-05-31 11:16:52'),
(429, 'Baesa', 970, '2024-05-31 11:16:52', '2024-05-31 11:16:52'),
(430, 'Bagbag', 970, '2024-05-31 11:16:52', '2024-05-31 11:16:52'),
(431, 'Bagong Lipunan ng Crame', 970, '2024-05-31 11:16:52', '2024-05-31 11:16:52'),
(432, 'Bagong Pag-asa', 970, '2024-05-31 11:16:52', '2024-05-31 11:16:52'),
(433, 'Bagong Silangan', 970, '2024-05-31 11:16:52', '2024-05-31 11:16:52'),
(434, 'Bagong Buhay', 970, '2024-05-31 11:16:52', '2024-05-31 11:16:52'),
(435, 'Balingasa', 970, '2024-05-31 11:16:52', '2024-05-31 11:16:52'),
(436, 'Balintawak', 970, '2024-05-31 11:16:52', '2024-05-31 11:16:52'),
(437, 'Batasan Hills', 970, '2024-05-31 11:16:52', '2024-05-31 11:16:52'),
(438, 'Bayanihan', 970, '2024-05-31 11:16:52', '2024-05-31 11:16:52'),
(439, 'Blue Ridge A', 970, '2024-05-31 11:16:52', '2024-05-31 11:16:52'),
(440, 'Blue Ridge B', 970, '2024-05-31 11:16:52', '2024-05-31 11:16:52'),
(441, 'Botocan', 970, '2024-05-31 11:16:52', '2024-05-31 11:16:52'),
(442, 'Bungad', 970, '2024-05-31 11:16:52', '2024-05-31 11:16:52'),
(443, 'Camp Aguinaldo', 970, '2024-05-31 11:16:52', '2024-05-31 11:16:52'),
(444, 'Capri', 970, '2024-05-31 11:16:52', '2024-05-31 11:16:52'),
(445, 'Central', 970, '2024-05-31 11:16:52', '2024-05-31 11:16:52'),
(446, 'Claro', 970, '2024-05-31 11:16:52', '2024-05-31 11:16:52'),
(447, 'Commonwealth', 970, '2024-05-31 11:16:52', '2024-05-31 11:16:52'),
(448, 'Concepcion Dos', 970, '2024-05-31 11:16:52', '2024-05-31 11:16:52'),
(449, 'Concepcion Uno', 970, '2024-05-31 11:16:52', '2024-05-31 11:16:52'),
(450, 'Corazon de Jesus', 970, '2024-05-31 11:16:52', '2024-05-31 11:16:52'),
(451, 'Cubao', 970, '2024-05-31 11:16:52', '2024-05-31 11:16:52'),
(452, 'Culiat', 970, '2024-05-31 11:16:52', '2024-05-31 11:16:52'),
(453, 'Damar', 970, '2024-05-31 11:16:52', '2024-05-31 11:16:52'),
(454, 'Damayang Lagi', 970, '2024-05-31 11:16:52', '2024-05-31 11:16:52'),
(455, 'Damayan', 970, '2024-05-31 11:16:52', '2024-05-31 11:16:52'),
(456, 'Dangay', 970, '2024-05-31 11:16:52', '2024-05-31 11:16:52'),
(457, 'Del Monte', 970, '2024-05-31 11:16:52', '2024-05-31 11:16:52'),
(458, 'Dioquino Zobel', 970, '2024-05-31 11:16:52', '2024-05-31 11:16:52'),
(459, 'Dona Aurora', 970, '2024-05-31 11:16:52', '2024-05-31 11:16:52'),
(460, 'Dona Imelda', 970, '2024-05-31 11:16:52', '2024-05-31 11:16:52'),
(461, 'Dona Josefa', 970, '2024-05-31 11:16:52', '2024-05-31 11:16:52'),
(462, 'Dona Petra', 970, '2024-05-31 11:16:52', '2024-05-31 11:16:52'),
(463, 'Duyan-Duyan', 970, '2024-05-31 11:16:52', '2024-05-31 11:16:52'),
(464, 'E. Rodriguez', 970, '2024-05-31 11:16:52', '2024-05-31 11:16:52'),
(465, 'Escopa I', 970, '2024-05-31 11:16:52', '2024-05-31 11:16:52'),
(466, 'Escopa II', 970, '2024-05-31 11:16:52', '2024-05-31 11:16:52'),
(467, 'Escopa III', 970, '2024-05-31 11:16:52', '2024-05-31 11:16:52'),
(468, 'Fairview', 970, '2024-05-31 11:16:52', '2024-05-31 11:16:52'),
(469, 'Galas', 970, '2024-05-31 11:16:52', '2024-05-31 11:16:52'),
(470, 'Gulod', 970, '2024-05-31 11:16:52', '2024-05-31 11:16:52'),
(471, 'Horseshoe', 970, '2024-05-31 11:16:52', '2024-05-31 11:16:52'),
(472, 'Immaculate Concepcion', 970, '2024-05-31 11:16:52', '2024-05-31 11:16:52'),
(473, 'Jordan Plains', 970, '2024-05-31 11:16:52', '2024-05-31 11:16:52'),
(474, 'Kaligayahan', 970, '2024-05-31 11:16:52', '2024-05-31 11:16:52'),
(475, 'Kalusugan', 970, '2024-05-31 11:16:52', '2024-05-31 11:16:52'),
(476, 'Kamuning', 970, '2024-05-31 11:16:52', '2024-05-31 11:16:52'),
(477, 'Katipunan', 970, '2024-05-31 11:16:52', '2024-05-31 11:16:52'),
(478, 'Kaunlaran', 970, '2024-05-31 11:16:52', '2024-05-31 11:16:52'),
(479, 'Kristong Hari', 970, '2024-05-31 11:16:52', '2024-05-31 11:16:52'),
(480, 'Krishna', 970, '2024-05-31 11:16:52', '2024-05-31 11:16:52'),
(481, 'Laging Handa', 970, '2024-05-31 11:16:52', '2024-05-31 11:16:52'),
(482, 'Laloma', 970, '2024-05-31 11:16:52', '2024-05-31 11:16:52'),
(483, 'Libis', 970, '2024-05-31 11:16:52', '2024-05-31 11:16:52'),
(484, 'Lourdes', 970, '2024-05-31 11:16:52', '2024-05-31 11:16:52'),
(485, 'Loyola Heights', 970, '2024-05-31 11:16:52', '2024-05-31 11:16:52'),
(486, 'Mabini-J. Rizal', 970, '2024-05-31 11:16:52', '2024-05-31 11:16:52'),
(487, 'Magsaysay', 970, '2024-05-31 11:16:52', '2024-05-31 11:16:52'),
(488, 'Maharlika', 970, '2024-05-31 11:16:52', '2024-05-31 11:16:52'),
(489, 'Malaya', 970, '2024-05-31 11:16:52', '2024-05-31 11:16:52'),
(490, 'Maligaya', 970, '2024-05-31 11:16:52', '2024-05-31 11:16:52'),
(491, 'Mangga', 970, '2024-05-31 11:16:52', '2024-05-31 11:16:52'),
(492, 'Manresa', 970, '2024-05-31 11:16:52', '2024-05-31 11:16:52'),
(493, 'Mariblo', 970, '2024-05-31 11:16:52', '2024-05-31 11:16:52'),
(494, 'Masambong', 970, '2024-05-31 11:16:52', '2024-05-31 11:16:52'),
(495, 'Matandang Balara', 970, '2024-05-31 11:16:52', '2024-05-31 11:16:52'),
(496, 'Matalahib', 970, '2024-05-31 11:16:52', '2024-05-31 11:16:52'),
(497, 'Matandang Balara', 970, '2024-05-31 11:16:52', '2024-05-31 11:16:52'),
(498, 'Milagrosa', 970, '2024-05-31 11:16:52', '2024-05-31 11:16:52'),
(499, 'Nagkaisang Nayon', 970, '2024-05-31 11:16:52', '2024-05-31 11:16:52'),
(500, 'Namayan', 970, '2024-05-31 11:16:52', '2024-05-31 11:16:52'),
(501, 'New Era', 970, '2024-05-31 11:16:52', '2024-05-31 11:16:52'),
(502, 'Novaliches Proper', 970, '2024-05-31 11:16:52', '2024-05-31 11:16:52'),
(503, 'Obogon', 970, '2024-05-31 11:16:52', '2024-05-31 11:16:52'),
(504, 'Old Capitol Site', 970, '2024-05-31 11:16:52', '2024-05-31 11:16:52'),
(505, 'Obrero', 970, '2024-05-31 11:16:52', '2024-05-31 11:16:52'),
(506, 'Paltok', 970, '2024-05-31 11:16:52', '2024-05-31 11:16:52'),
(507, 'Pansol', 970, '2024-05-31 11:16:52', '2024-05-31 11:16:52'),
(508, 'Paraiso', 970, '2024-05-31 11:16:52', '2024-05-31 11:16:52'),
(509, 'Pasong Putik Proper', 970, '2024-05-31 11:16:52', '2024-05-31 11:16:52'),
(510, 'Pasong Tamo', 970, '2024-05-31 11:16:52', '2024-05-31 11:16:52'),
(511, 'Philam', 970, '2024-05-31 11:16:52', '2024-05-31 11:16:52'),
(512, 'Pinyahan', 970, '2024-05-31 11:16:52', '2024-05-31 11:16:52'),
(513, 'Project 6', 970, '2024-05-31 11:16:52', '2024-05-31 11:16:52'),
(514, 'Project 7', 970, '2024-05-31 11:16:52', '2024-05-31 11:16:52'),
(515, 'Project 8', 970, '2024-05-31 11:16:52', '2024-05-31 11:16:52'),
(516, 'Quirino 2-A', 970, '2024-05-31 11:16:52', '2024-05-31 11:16:52'),
(517, 'Quirino 2-B', 970, '2024-05-31 11:16:52', '2024-05-31 11:16:52'),
(518, 'Quirino 2-C', 970, '2024-05-31 11:16:52', '2024-05-31 11:16:52'),
(519, 'Quirino 2-D', 970, '2024-05-31 11:16:52', '2024-05-31 11:16:52'),
(520, 'Quirino 2-E', 970, '2024-05-31 11:16:52', '2024-05-31 11:16:52'),
(521, 'Quirino 2-F', 970, '2024-05-31 11:16:52', '2024-05-31 11:16:52'),
(522, 'Quirino 2-G', 970, '2024-05-31 11:16:52', '2024-05-31 11:16:52'),
(523, 'Quirino 2-H', 970, '2024-05-31 11:16:52', '2024-05-31 11:16:52'),
(524, 'Quirino 2-I', 970, '2024-05-31 11:16:52', '2024-05-31 11:16:52'),
(525, 'Quirino 2-J', 970, '2024-05-31 11:16:52', '2024-05-31 11:16:52'),
(526, 'Quirino 2-K', 970, '2024-05-31 11:16:52', '2024-05-31 11:16:52'),
(527, 'Quirino 3-A', 970, '2024-05-31 11:16:52', '2024-05-31 11:16:52'),
(528, 'Quirino 3-B', 970, '2024-05-31 11:16:52', '2024-05-31 11:16:52'),
(529, 'Quirino 3-C', 970, '2024-05-31 11:16:52', '2024-05-31 11:16:52'),
(530, 'Quirino 3-D', 970, '2024-05-31 11:16:52', '2024-05-31 11:16:52'),
(531, 'Quirino 3-E', 970, '2024-05-31 11:16:52', '2024-05-31 11:16:52'),
(532, 'Quirino 3-F', 970, '2024-05-31 11:16:52', '2024-05-31 11:16:52'),
(533, 'Quirino 3-G', 970, '2024-05-31 11:16:52', '2024-05-31 11:16:52'),
(534, 'Quirino 3-H', 970, '2024-05-31 11:16:52', '2024-05-31 11:16:52'),
(535, 'Quirino 3-I', 970, '2024-05-31 11:16:52', '2024-05-31 11:16:52'),
(536, 'Quirino 3-J', 970, '2024-05-31 11:16:52', '2024-05-31 11:16:52'),
(537, 'Quirino 3-K', 970, '2024-05-31 11:16:52', '2024-05-31 11:16:52'),
(538, 'Quirino 3-L', 970, '2024-05-31 11:16:52', '2024-05-31 11:16:52'),
(539, 'Quirino 3-M', 970, '2024-05-31 11:16:52', '2024-05-31 11:16:52'),
(540, 'Quirino 3-N', 970, '2024-05-31 11:16:52', '2024-05-31 11:16:52'),
(541, 'Quirino 3-O', 970, '2024-05-31 11:16:52', '2024-05-31 11:16:52'),
(542, 'Quirino 3-P', 970, '2024-05-31 11:16:52', '2024-05-31 11:16:52'),
(543, 'Quirino 3-Q', 970, '2024-05-31 11:16:52', '2024-05-31 11:16:52'),
(544, 'Quirino 3-R', 970, '2024-05-31 11:16:52', '2024-05-31 11:16:52'),
(545, 'Quirino 3-S', 970, '2024-05-31 11:16:52', '2024-05-31 11:16:52'),
(546, 'Quirino 3-T', 970, '2024-05-31 11:16:52', '2024-05-31 11:16:52'),
(547, 'Quirino 3-U', 970, '2024-05-31 11:16:52', '2024-05-31 11:16:52'),
(548, 'Quirino 3-V', 970, '2024-05-31 11:16:52', '2024-05-31 11:16:52'),
(549, 'Quirino 3-X', 970, '2024-05-31 11:16:52', '2024-05-31 11:16:52'),
(550, 'Quirino 3-Y', 970, '2024-05-31 11:16:52', '2024-05-31 11:16:52'),
(551, 'Quirino 3-Z', 970, '2024-05-31 11:16:52', '2024-05-31 11:16:52'),
(552, 'Quirino 4-A', 970, '2024-05-31 11:16:52', '2024-05-31 11:16:52'),
(553, 'Quirino 4-B', 970, '2024-05-31 11:16:52', '2024-05-31 11:16:52'),
(554, 'Quirino 4-C', 970, '2024-05-31 11:16:52', '2024-05-31 11:16:52'),
(555, 'Quirino 4-D', 970, '2024-05-31 11:16:52', '2024-05-31 11:16:52'),
(556, 'Quirino 4-E', 970, '2024-05-31 11:16:52', '2024-05-31 11:16:52'),
(557, 'Quirino 4-F', 970, '2024-05-31 11:16:52', '2024-05-31 11:16:52'),
(558, 'Quirino 4-G', 970, '2024-05-31 11:16:52', '2024-05-31 11:16:52'),
(559, 'Quirino 4-H', 970, '2024-05-31 11:16:52', '2024-05-31 11:16:52'),
(560, 'Quirino 4-I', 970, '2024-05-31 11:16:52', '2024-05-31 11:16:52'),
(561, 'Quirino 4-J', 970, '2024-05-31 11:16:52', '2024-05-31 11:16:52'),
(562, 'Quirino 4-K', 970, '2024-05-31 11:16:52', '2024-05-31 11:16:52'),
(563, 'Quirino 4-L', 970, '2024-05-31 11:16:52', '2024-05-31 11:16:52'),
(564, 'Quirino 4-M', 970, '2024-05-31 11:16:52', '2024-05-31 11:16:52'),
(565, 'Quirino 4-N', 970, '2024-05-31 11:16:52', '2024-05-31 11:16:52'),
(566, 'Quirino 4-O', 970, '2024-05-31 11:16:52', '2024-05-31 11:16:52'),
(567, 'Quirino 4-P', 970, '2024-05-31 11:16:52', '2024-05-31 11:16:52'),
(568, 'Quirino 4-Q', 970, '2024-05-31 11:16:52', '2024-05-31 11:16:52'),
(569, 'Quirino 4-R', 970, '2024-05-31 11:16:52', '2024-05-31 11:16:52'),
(570, 'Quirino 4-S', 970, '2024-05-31 11:16:52', '2024-05-31 11:16:52'),
(571, 'Quirino 4-T', 970, '2024-05-31 11:16:52', '2024-05-31 11:16:52'),
(572, 'Quirino 4-U', 970, '2024-05-31 11:16:52', '2024-05-31 11:16:52'),
(573, 'Quirino 4-V', 970, '2024-05-31 11:16:52', '2024-05-31 11:16:52'),
(574, 'Quirino 4-W', 970, '2024-05-31 11:16:52', '2024-05-31 11:16:52'),
(575, 'Quirino 4-X', 970, '2024-05-31 11:16:52', '2024-05-31 11:16:52'),
(576, 'Quirino 4-Y', 970, '2024-05-31 11:16:52', '2024-05-31 11:16:52'),
(577, 'Quirino 4-Z', 970, '2024-05-31 11:16:52', '2024-05-31 11:16:52'),
(578, 'Quirino 5-A', 970, '2024-05-31 11:16:52', '2024-05-31 11:16:52'),
(579, 'Quirino 5-B', 970, '2024-05-31 11:16:52', '2024-05-31 11:16:52'),
(580, 'Quirino 5-C', 970, '2024-05-31 11:16:52', '2024-05-31 11:16:52'),
(581, 'Quirino 5-D', 970, '2024-05-31 11:16:52', '2024-05-31 11:16:52'),
(582, 'Quirino 5-E', 970, '2024-05-31 11:16:52', '2024-05-31 11:16:52'),
(583, 'Quirino 5-F', 970, '2024-05-31 11:16:52', '2024-05-31 11:16:52'),
(584, 'Quirino 5-G', 970, '2024-05-31 11:16:52', '2024-05-31 11:16:52'),
(585, 'Quirino 5-H', 970, '2024-05-31 11:16:52', '2024-05-31 11:16:52'),
(586, 'Quirino 5-I', 970, '2024-05-31 11:16:52', '2024-05-31 11:16:52'),
(587, 'Quirino 5-J', 970, '2024-05-31 11:16:52', '2024-05-31 11:16:52'),
(588, 'Quirino 5-K', 970, '2024-05-31 11:16:52', '2024-05-31 11:16:52'),
(589, 'Quirino 5-L', 970, '2024-05-31 11:16:52', '2024-05-31 11:16:52'),
(590, 'Quirino 5-M', 970, '2024-05-31 11:16:52', '2024-05-31 11:16:52'),
(591, 'Quirino 5-N', 970, '2024-05-31 11:16:52', '2024-05-31 11:16:52'),
(592, 'Quirino 5-O', 970, '2024-05-31 11:16:52', '2024-05-31 11:16:52'),
(593, 'Quirino 5-P', 970, '2024-05-31 11:16:52', '2024-05-31 11:16:52'),
(594, 'Quirino 5-Q', 970, '2024-05-31 11:16:52', '2024-05-31 11:16:52'),
(595, 'Quirino 5-R', 970, '2024-05-31 11:16:52', '2024-05-31 11:16:52'),
(596, 'Quirino 5-S', 970, '2024-05-31 11:16:52', '2024-05-31 11:16:52'),
(597, 'Quirino 5-T', 970, '2024-05-31 11:16:52', '2024-05-31 11:16:52'),
(598, 'Quirino 5-U', 970, '2024-05-31 11:16:52', '2024-05-31 11:16:52'),
(599, 'Quirino 5-V', 970, '2024-05-31 11:16:52', '2024-05-31 11:16:52'),
(600, 'Quirino 5-W', 970, '2024-05-31 11:16:52', '2024-05-31 11:16:52'),
(601, 'Quirino 5-X', 970, '2024-05-31 11:16:52', '2024-05-31 11:16:52'),
(602, 'Quirino 5-Y', 970, '2024-05-31 11:16:52', '2024-05-31 11:16:52'),
(603, 'Quirino 5-Z', 970, '2024-05-31 11:16:52', '2024-05-31 11:16:52'),
(604, 'Ramon Magsaysay', 970, '2024-05-31 11:16:52', '2024-05-31 11:16:52'),
(605, 'Riverside', 970, '2024-05-31 11:16:52', '2024-05-31 11:16:52'),
(606, 'Roxas', 970, '2024-05-31 11:16:52', '2024-05-31 11:16:52'),
(607, 'Sacred Heart', 970, '2024-05-31 11:16:52', '2024-05-31 11:16:52'),
(608, 'Saint Ignatius', 970, '2024-05-31 11:16:52', '2024-05-31 11:16:52'),
(609, 'Saint Peter', 970, '2024-05-31 11:16:52', '2024-05-31 11:16:52'),
(610, 'Salvacion', 970, '2024-05-31 11:16:52', '2024-05-31 11:16:52'),
(611, 'San Agustin', 970, '2024-05-31 11:16:52', '2024-05-31 11:16:52'),
(612, 'San Antonio', 970, '2024-05-31 11:16:52', '2024-05-31 11:16:52'),
(613, 'San Bartolome', 970, '2024-05-31 11:16:52', '2024-05-31 11:16:52'),
(614, 'San Isidro Labrador', 970, '2024-05-31 11:16:52', '2024-05-31 11:16:52'),
(615, 'San Isidro Galas', 970, '2024-05-31 11:16:52', '2024-05-31 11:16:52'),
(616, 'San Isidro Makabayan', 970, '2024-05-31 11:16:52', '2024-05-31 11:16:52'),
(617, 'San Isidro Padre', 970, '2024-05-31 11:16:52', '2024-05-31 11:16:52'),
(618, 'San Isidro Poblacion', 970, '2024-05-31 11:16:52', '2024-05-31 11:16:52'),
(619, 'San Isidro Viente Reales', 970, '2024-05-31 11:16:52', '2024-05-31 11:16:52'),
(620, 'San Jose', 970, '2024-05-31 11:16:52', '2024-05-31 11:16:52'),
(621, 'San Martin de Porres', 970, '2024-05-31 11:16:52', '2024-05-31 11:16:52'),
(622, 'San Roque', 970, '2024-05-31 11:16:52', '2024-05-31 11:16:52'),
(623, 'San Vicente', 970, '2024-05-31 11:16:52', '2024-05-31 11:16:52'),
(624, 'Santa Cruz', 970, '2024-05-31 11:16:52', '2024-05-31 11:16:52'),
(625, 'Santa Lucia', 970, '2024-05-31 11:16:52', '2024-05-31 11:16:52'),
(626, 'Santa Monica', 970, '2024-05-31 11:16:52', '2024-05-31 11:16:52'),
(627, 'Santa Teresita', 970, '2024-05-31 11:16:52', '2024-05-31 11:16:52'),
(628, 'Santol', 970, '2024-05-31 11:16:52', '2024-05-31 11:16:52'),
(629, 'Sauyo', 970, '2024-05-31 11:16:52', '2024-05-31 11:16:52'),
(630, 'Sienna', 970, '2024-05-31 11:16:52', '2024-05-31 11:16:52'),
(631, 'Silangan', 970, '2024-05-31 11:16:52', '2024-05-31 11:16:52'),
(632, 'Socorro', 970, '2024-05-31 11:16:52', '2024-05-31 11:16:52'),
(633, 'Santo Cristo', 970, '2024-05-31 11:16:52', '2024-05-31 11:16:52'),
(634, 'Santo Nino', 970, '2024-05-31 11:16:52', '2024-05-31 11:16:52'),
(635, 'Santo Tomas', 970, '2024-05-31 11:16:52', '2024-05-31 11:16:52'),
(636, 'Sauyo', 970, '2024-05-31 11:16:52', '2024-05-31 11:16:52'),
(637, 'Tagumpay', 970, '2024-05-31 11:16:52', '2024-05-31 11:16:52'),
(638, 'Talayan', 970, '2024-05-31 11:16:52', '2024-05-31 11:16:52'),
(639, 'Talipapa', 970, '2024-05-31 11:16:52', '2024-05-31 11:16:52'),
(640, 'Tandang Sora', 970, '2024-05-31 11:16:52', '2024-05-31 11:16:52'),
(641, 'Tatalon', 970, '2024-05-31 11:16:52', '2024-05-31 11:16:52'),
(642, 'Tatalon Estate', 970, '2024-05-31 11:16:52', '2024-05-31 11:16:52'),
(643, 'Ugong Norte', 970, '2024-05-31 11:16:52', '2024-05-31 11:16:52'),
(644, 'Ugong Sur', 970, '2024-05-31 11:16:52', '2024-05-31 11:16:52'),
(645, 'Unang Sigaw', 970, '2024-05-31 11:16:52', '2024-05-31 11:16:52'),
(646, 'Up Campus', 970, '2024-05-31 11:16:52', '2024-05-31 11:16:52'),
(647, 'Vasra', 970, '2024-05-31 11:16:52', '2024-05-31 11:16:52'),
(648, 'Veterans Village', 970, '2024-05-31 11:16:52', '2024-05-31 11:16:52'),
(649, 'Villa Aurora', 970, '2024-05-31 11:16:52', '2024-05-31 11:16:52'),
(650, 'Villa Maria Clara', 970, '2024-05-31 11:16:52', '2024-05-31 11:16:52'),
(651, 'West Kamias', 970, '2024-05-31 11:16:52', '2024-05-31 11:16:52'),
(652, 'West Triangle', 970, '2024-05-31 11:16:52', '2024-05-31 11:16:52'),
(653, 'White Plains', 970, '2024-05-31 11:16:52', '2024-05-31 11:16:52'),
(654, 'Zaniga', 970, '2024-05-31 11:16:52', '2024-05-31 11:16:52'),
(655, 'Addition Hills', 971, '2024-05-31 11:16:52', '2024-05-31 11:16:52'),
(656, 'Balong-Bato', 971, '2024-05-31 11:16:52', '2024-05-31 11:16:52'),
(657, 'Batis', 971, '2024-05-31 11:16:52', '2024-05-31 11:16:52'),
(658, 'Corazon de Jesus', 971, '2024-05-31 11:16:52', '2024-05-31 11:16:52'),
(659, 'Ermitaño', 971, '2024-05-31 11:16:52', '2024-05-31 11:16:52'),
(660, 'Greenhills', 971, '2024-05-31 11:16:52', '2024-05-31 11:16:52'),
(661, 'Isabelita', 971, '2024-05-31 11:16:52', '2024-05-31 11:16:52'),
(662, 'Kabayanan', 971, '2024-05-31 11:16:52', '2024-05-31 11:16:52'),
(663, 'Little Baguio', 971, '2024-05-31 11:16:52', '2024-05-31 11:16:52'),
(664, 'Maytunas', 971, '2024-05-31 11:16:52', '2024-05-31 11:16:52'),
(665, 'Onse', 971, '2024-05-31 11:16:52', '2024-05-31 11:16:52'),
(666, 'Pasadena', 971, '2024-05-31 11:16:52', '2024-05-31 11:16:52'),
(667, 'Pedro Cruz', 971, '2024-05-31 11:16:52', '2024-05-31 11:16:52'),
(668, 'Progreso', 971, '2024-05-31 11:16:52', '2024-05-31 11:16:52'),
(669, 'Rivera', 971, '2024-05-31 11:16:52', '2024-05-31 11:16:52'),
(670, 'Salapan', 971, '2024-05-31 11:16:52', '2024-05-31 11:16:52'),
(671, 'San Perfecto', 971, '2024-05-31 11:16:52', '2024-05-31 11:16:52'),
(672, 'St. Joseph', 971, '2024-05-31 11:16:52', '2024-05-31 11:16:52'),
(673, 'Sta. Lucia', 971, '2024-05-31 11:16:52', '2024-05-31 11:16:52'),
(674, 'Sta. Teresita', 971, '2024-05-31 11:16:52', '2024-05-31 11:16:52'),
(675, 'Tibagan', 971, '2024-05-31 11:16:52', '2024-05-31 11:16:52'),
(676, 'West Crame', 971, '2024-05-31 11:16:52', '2024-05-31 11:16:52'),
(677, 'Bagong Tanyag', 972, '2024-05-31 11:16:52', '2024-05-31 11:16:52'),
(678, 'Bagumbayan', 972, '2024-05-31 11:16:52', '2024-05-31 11:16:52'),
(679, 'Bambang', 972, '2024-05-31 11:16:52', '2024-05-31 11:16:52'),
(680, 'Calzada', 972, '2024-05-31 11:16:52', '2024-05-31 11:16:52'),
(681, 'Central Bicutan', 972, '2024-05-31 11:16:52', '2024-05-31 11:16:52'),
(682, 'Central Signal Village', 972, '2024-05-31 11:16:52', '2024-05-31 11:16:52'),
(683, 'Fort Bonifacio', 972, '2024-05-31 11:16:52', '2024-05-31 11:16:52'),
(684, 'Hagonoy', 972, '2024-05-31 11:16:52', '2024-05-31 11:16:52'),
(685, 'Ibayo-Tipas', 972, '2024-05-31 11:16:52', '2024-05-31 11:16:52'),
(686, 'Katuparan', 972, '2024-05-31 11:16:52', '2024-05-31 11:16:52'),
(687, 'Ligid-Tipas', 972, '2024-05-31 11:16:52', '2024-05-31 11:16:52'),
(688, 'Lower Bicutan', 972, '2024-05-31 11:16:52', '2024-05-31 11:16:52'),
(689, 'Maharlika Village', 972, '2024-05-31 11:16:52', '2024-05-31 11:16:52'),
(690, 'Napindan', 972, '2024-05-31 11:16:52', '2024-05-31 11:16:52'),
(691, 'New Lower Bicutan', 972, '2024-05-31 11:16:52', '2024-05-31 11:16:52'),
(692, 'North Daang Hari', 972, '2024-05-31 11:16:52', '2024-05-31 11:16:52'),
(693, 'North Signal Village', 972, '2024-05-31 11:16:52', '2024-05-31 11:16:52'),
(694, 'Palingon', 972, '2024-05-31 11:16:52', '2024-05-31 11:16:52'),
(695, 'Pinagsama', 972, '2024-05-31 11:16:52', '2024-05-31 11:16:52'),
(696, 'San Miguel', 972, '2024-05-31 11:16:52', '2024-05-31 11:16:52'),
(697, 'Santa Ana', 972, '2024-05-31 11:16:52', '2024-05-31 11:16:52'),
(698, 'South Daang Hari', 972, '2024-05-31 11:16:52', '2024-05-31 11:16:52'),
(699, 'South Signal Village', 972, '2024-05-31 11:16:52', '2024-05-31 11:16:52'),
(700, 'Tuktukan', 972, '2024-05-31 11:16:52', '2024-05-31 11:16:52'),
(701, 'Upper Bicutan', 972, '2024-05-31 11:16:52', '2024-05-31 11:16:52'),
(702, 'Ususan', 972, '2024-05-31 11:16:52', '2024-05-31 11:16:52'),
(703, 'Arkong Bato', 973, '2024-05-31 11:16:52', '2024-05-31 11:16:52'),
(704, 'Bagbaguin', 973, '2024-05-31 11:16:52', '2024-05-31 11:16:52'),
(705, 'Bignay', 973, '2024-05-31 11:16:52', '2024-05-31 11:16:52'),
(706, 'Canumay', 973, '2024-05-31 11:16:52', '2024-05-31 11:16:52'),
(707, 'Coloong', 973, '2024-05-31 11:16:52', '2024-05-31 11:16:52'),
(708, 'Dalandanan', 973, '2024-05-31 11:16:52', '2024-05-31 11:16:52'),
(709, 'Isabelita', 973, '2024-05-31 11:16:52', '2024-05-31 11:16:52'),
(710, 'Karuhatan', 973, '2024-05-31 11:16:52', '2024-05-31 11:16:52'),
(711, 'Malanday', 973, '2024-05-31 11:16:52', '2024-05-31 11:16:52'),
(712, 'Malanding', 973, '2024-05-31 11:16:52', '2024-05-31 11:16:52');
INSERT INTO `barangays` (`id`, `name`, `cityId`, `createdAt`, `updatedAt`) VALUES
(713, 'Mapulang Lupa', 973, '2024-05-31 11:16:52', '2024-05-31 11:16:52'),
(714, 'Maysan', 973, '2024-05-31 11:16:52', '2024-05-31 11:16:52'),
(715, 'Palasan', 973, '2024-05-31 11:16:52', '2024-05-31 11:16:52'),
(716, 'Pariancillo Villa', 973, '2024-05-31 11:16:52', '2024-05-31 11:16:52'),
(717, 'Pasolo', 973, '2024-05-31 11:16:52', '2024-05-31 11:16:52'),
(718, 'Poblacion', 973, '2024-05-31 11:16:52', '2024-05-31 11:16:52'),
(719, 'Polo', 973, '2024-05-31 11:16:52', '2024-05-31 11:16:52'),
(720, 'Punturin', 973, '2024-05-31 11:16:52', '2024-05-31 11:16:52'),
(721, 'Rincon', 973, '2024-05-31 11:16:52', '2024-05-31 11:16:52'),
(722, 'Tagalag', 973, '2024-05-31 11:16:52', '2024-05-31 11:16:52'),
(723, 'Valenzuela', 973, '2024-05-31 11:16:52', '2024-05-31 11:16:52'),
(724, 'Veinte Reales', 973, '2024-05-31 11:16:52', '2024-05-31 11:16:52'),
(725, 'Addition Hills', 1386, '2024-05-31 11:16:52', '2024-05-31 11:16:52'),
(726, 'Balong-Bato', 1386, '2024-05-31 11:16:52', '2024-05-31 11:16:52'),
(727, 'Batis', 1386, '2024-05-31 11:16:52', '2024-05-31 11:16:52'),
(728, 'Corazon de Jesus', 1386, '2024-05-31 11:16:52', '2024-05-31 11:16:52'),
(729, 'Ermitaño', 1386, '2024-05-31 11:16:52', '2024-05-31 11:16:52'),
(730, 'Greenhills', 1386, '2024-05-31 11:16:52', '2024-05-31 11:16:52'),
(731, 'Isabelita', 1386, '2024-05-31 11:16:52', '2024-05-31 11:16:52'),
(732, 'Kabayanan', 1386, '2024-05-31 11:16:52', '2024-05-31 11:16:52'),
(733, 'Little Baguio', 1386, '2024-05-31 11:16:52', '2024-05-31 11:16:52'),
(734, 'Maytunas', 1386, '2024-05-31 11:16:52', '2024-05-31 11:16:52'),
(735, 'Onse', 1386, '2024-05-31 11:16:52', '2024-05-31 11:16:52'),
(736, 'Pasadena', 1386, '2024-05-31 11:16:52', '2024-05-31 11:16:52'),
(737, 'Pedro Cruz', 1386, '2024-05-31 11:16:52', '2024-05-31 11:16:52'),
(738, 'Progreso', 1386, '2024-05-31 11:16:52', '2024-05-31 11:16:52'),
(739, 'Rivera', 1386, '2024-05-31 11:16:52', '2024-05-31 11:16:52'),
(740, 'Salapan', 1386, '2024-05-31 11:16:52', '2024-05-31 11:16:52'),
(741, 'San Perfecto', 1386, '2024-05-31 11:16:52', '2024-05-31 11:16:52'),
(742, 'St. Joseph', 1386, '2024-05-31 11:16:52', '2024-05-31 11:16:52'),
(743, 'Sta. Lucia', 1386, '2024-05-31 11:16:52', '2024-05-31 11:16:52'),
(744, 'Sta. Teresita', 1386, '2024-05-31 11:16:52', '2024-05-31 11:16:52'),
(745, 'Tibagan', 1386, '2024-05-31 11:16:52', '2024-05-31 11:16:52'),
(746, 'West Crame', 1386, '2024-05-31 11:16:52', '2024-05-31 11:16:52'),
(747, 'Addition Hills', 1429, '2024-05-31 11:16:52', '2024-05-31 11:16:52'),
(748, 'Balong-Bato', 1429, '2024-05-31 11:16:52', '2024-05-31 11:16:52'),
(749, 'Batis', 1429, '2024-05-31 11:16:52', '2024-05-31 11:16:52'),
(750, 'Corazon de Jesus', 1429, '2024-05-31 11:16:52', '2024-05-31 11:16:52'),
(751, 'Ermitaño', 1429, '2024-05-31 11:16:52', '2024-05-31 11:16:52'),
(752, 'Greenhills', 1429, '2024-05-31 11:16:52', '2024-05-31 11:16:52'),
(753, 'Isabelita', 1429, '2024-05-31 11:16:52', '2024-05-31 11:16:52'),
(754, 'Kabayanan', 1429, '2024-05-31 11:16:52', '2024-05-31 11:16:52'),
(755, 'Little Baguio', 1429, '2024-05-31 11:16:52', '2024-05-31 11:16:52'),
(756, 'Maytunas', 1429, '2024-05-31 11:16:52', '2024-05-31 11:16:52'),
(757, 'Onse', 1429, '2024-05-31 11:16:52', '2024-05-31 11:16:52'),
(758, 'Pasadena', 1429, '2024-05-31 11:16:52', '2024-05-31 11:16:52'),
(759, 'Pedro Cruz', 1429, '2024-05-31 11:16:52', '2024-05-31 11:16:52'),
(760, 'Progreso', 1429, '2024-05-31 11:16:52', '2024-05-31 11:16:52'),
(761, 'Rivera', 1429, '2024-05-31 11:16:52', '2024-05-31 11:16:52'),
(762, 'Salapan', 1429, '2024-05-31 11:16:52', '2024-05-31 11:16:52'),
(763, 'San Perfecto', 1429, '2024-05-31 11:16:52', '2024-05-31 11:16:52'),
(764, 'St. Joseph', 1429, '2024-05-31 11:16:52', '2024-05-31 11:16:52'),
(765, 'Sta. Lucia', 1429, '2024-05-31 11:16:52', '2024-05-31 11:16:52'),
(766, 'Sta. Teresita', 1429, '2024-05-31 11:16:52', '2024-05-31 11:16:52'),
(767, 'Tibagan', 1429, '2024-05-31 11:16:52', '2024-05-31 11:16:52'),
(768, 'West Crame', 1429, '2024-05-31 11:16:52', '2024-05-31 11:16:52');

-- --------------------------------------------------------

--
-- Table structure for table `bets`
--

CREATE TABLE `bets` (
  `id` int(11) NOT NULL,
  `game_id` int(11) NOT NULL,
  `transaction_id` int(11) NOT NULL,
  `zodiac` enum('Aries','Taurus','Gemini','Cancer','Leo','Virgo','Libra','Scorpio','Sagittarius','Capricorn','Aquarius','Pisces') NOT NULL,
  `createdAt` datetime NOT NULL,
  `updatedAt` datetime NOT NULL
) ENGINE=InnoDB DEFAULT CHARSET=utf8mb4;

-- --------------------------------------------------------

--
-- Table structure for table `bettings`
--

CREATE TABLE `bettings` (
  `id` int(11) NOT NULL,
  `status` enum('win','lose') NOT NULL,
  `amount` decimal(10,2) NOT NULL,
  `userId` int(11) NOT NULL,
  `gameId` int(11) NOT NULL,
  `createdAt` datetime NOT NULL DEFAULT current_timestamp(),
  `updatedAt` datetime NOT NULL DEFAULT current_timestamp() ON UPDATE current_timestamp()
) ENGINE=InnoDB DEFAULT CHARSET=utf8mb4;

-- --------------------------------------------------------

--
-- Table structure for table `cities`
--

CREATE TABLE `cities` (
  `id` int(11) NOT NULL,
  `name` varchar(255) NOT NULL,
  `provinceId` int(11) NOT NULL,
  `createdAt` datetime DEFAULT NULL,
  `updatedAt` datetime DEFAULT NULL
) ENGINE=InnoDB DEFAULT CHARSET=utf8mb4;

--
-- Dumping data for table `cities`
--

INSERT INTO `cities` (`id`, `name`, `provinceId`, `createdAt`, `updatedAt`) VALUES
(1, 'Bangued', 1, NULL, NULL),
(2, 'Boliney', 1, NULL, NULL),
(3, 'Bucay', 1, NULL, NULL),
(4, 'Bucloc', 1, NULL, NULL),
(5, 'Daguioman', 1, NULL, NULL),
(6, 'Danglas', 1, NULL, NULL),
(7, 'Dolores', 1, NULL, NULL),
(8, 'La Paz', 1, NULL, NULL),
(9, 'Lacub', 1, NULL, NULL),
(10, 'Lagangilang', 1, NULL, NULL),
(11, 'Lagayan', 1, NULL, NULL),
(12, 'Langiden', 1, NULL, NULL),
(13, 'Licuan-Baay', 1, NULL, NULL),
(14, 'Luba', 1, NULL, NULL),
(15, 'Malibcong', 1, NULL, NULL),
(16, 'Manabo', 1, NULL, NULL),
(17, 'Peñarrubia', 1, NULL, NULL),
(18, 'Pidigan', 1, NULL, NULL),
(19, 'Pilar', 1, NULL, NULL),
(20, 'Sallapadan', 1, NULL, NULL),
(21, 'San Isidro', 1, NULL, NULL),
(22, 'San Juan', 1, NULL, NULL),
(23, 'San Quintin', 1, NULL, NULL),
(24, 'Tayum', 1, NULL, NULL),
(25, 'Tineg', 1, NULL, NULL),
(26, 'Tubo', 1, NULL, NULL),
(27, 'Villaviciosa', 1, NULL, NULL),
(28, 'Buenavista', 2, NULL, NULL),
(29, 'Butuan', 2, NULL, NULL),
(30, 'Cabadbaran', 2, NULL, NULL),
(31, 'Carmen', 2, NULL, NULL),
(32, 'Jabonga', 2, NULL, NULL),
(33, 'Kitcharao', 2, NULL, NULL),
(34, 'Las Nieves', 2, NULL, NULL),
(35, 'Magallanes', 2, NULL, NULL),
(36, 'Nasipit', 2, NULL, NULL),
(37, 'Remedios T. Romualdez', 2, NULL, NULL),
(38, 'Santiago', 2, NULL, NULL),
(39, 'Tubay', 2, NULL, NULL),
(40, 'Bayugan', 3, NULL, NULL),
(41, 'Bunawan', 3, NULL, NULL),
(42, 'Esperanza', 3, NULL, NULL),
(43, 'La Paz', 3, NULL, NULL),
(44, 'Loreto', 3, NULL, NULL),
(45, 'Prosperidad', 3, NULL, NULL),
(46, 'Rosario', 3, NULL, NULL),
(47, 'San Francisco', 3, NULL, NULL),
(48, 'San Luis', 3, NULL, NULL),
(49, 'Santa Josefa', 3, NULL, NULL),
(50, 'Sibagat', 3, NULL, NULL),
(51, 'Talacogon', 3, NULL, NULL),
(52, 'Trento', 3, NULL, NULL),
(53, 'Veruela', 3, NULL, NULL),
(54, 'Altavas', 4, NULL, NULL),
(55, 'Balete', 4, NULL, NULL),
(56, 'Banga', 4, NULL, NULL),
(57, 'Batan', 4, NULL, NULL),
(58, 'Buruanga', 4, NULL, NULL),
(59, 'Ibajay', 4, NULL, NULL),
(60, 'Kalibo', 4, NULL, NULL),
(61, 'Lezo', 4, NULL, NULL),
(62, 'Libacao', 4, NULL, NULL),
(63, 'Madalag', 4, NULL, NULL),
(64, 'Makato', 4, NULL, NULL),
(65, 'Malay', 4, NULL, NULL),
(66, 'Malinao', 4, NULL, NULL),
(67, 'Nabas', 4, NULL, NULL),
(68, 'New Washington', 4, NULL, NULL),
(69, 'Numancia', 4, NULL, NULL),
(70, 'Tangalan', 4, NULL, NULL),
(71, 'Legazpi City', 5, NULL, NULL),
(72, 'Ligao City', 5, NULL, NULL),
(73, 'Tabaco City', 5, NULL, NULL),
(74, 'Legaspi City', 5, NULL, NULL),
(75, 'Daraga (Locsin)', 5, NULL, NULL),
(76, 'Guinobatan', 5, NULL, NULL),
(77, 'Manito', 5, NULL, NULL),
(78, 'Oas', 5, NULL, NULL),
(79, 'Pio Duran', 5, NULL, NULL),
(80, 'Polangui', 5, NULL, NULL),
(81, 'Rapu-Rapu', 5, NULL, NULL),
(82, 'Santo Domingo (Libog)', 5, NULL, NULL),
(83, 'Tiwi', 5, NULL, NULL),
(84, 'Anini-y', 6, NULL, NULL),
(85, 'Barbaza', 6, NULL, NULL),
(86, 'Belison', 6, NULL, NULL),
(87, 'Bugasong', 6, NULL, NULL),
(88, 'Caluya', 6, NULL, NULL),
(89, 'Culasi', 6, NULL, NULL),
(90, 'Hamtic', 6, NULL, NULL),
(91, 'Laua-an', 6, NULL, NULL),
(92, 'Libertad', 6, NULL, NULL),
(93, 'Pandan', 6, NULL, NULL),
(94, 'Patnongon', 6, NULL, NULL),
(95, 'San Jose', 6, NULL, NULL),
(96, 'San Remigio', 6, NULL, NULL),
(97, 'Sebaste', 6, NULL, NULL),
(98, 'Sibalom', 6, NULL, NULL),
(99, 'Tibiao', 6, NULL, NULL),
(100, 'Tobias Fornier', 6, NULL, NULL),
(101, 'Valderrama', 6, NULL, NULL),
(102, 'Calanasan (Bayag)', 7, NULL, NULL),
(103, 'Conner', 7, NULL, NULL),
(104, 'Flora', 7, NULL, NULL),
(105, 'Kabugao (Capital)', 7, NULL, NULL),
(106, 'Luna', 7, NULL, NULL),
(107, 'Pudtol', 7, NULL, NULL),
(108, 'Santa Marcela', 7, NULL, NULL),
(109, 'Baler', 8, NULL, NULL),
(110, 'Casiguran', 8, NULL, NULL),
(111, 'Dilasag', 8, NULL, NULL),
(112, 'Dinalungan', 8, NULL, NULL),
(113, 'Dingalan', 8, NULL, NULL),
(114, 'Dipaculao', 8, NULL, NULL),
(115, 'Maria Aurora', 8, NULL, NULL),
(116, 'San Luis', 8, NULL, NULL),
(117, 'Akbar', 9, NULL, NULL),
(118, 'Al-Barka', 9, NULL, NULL),
(119, 'Hadji Mohammad Ajul', 9, NULL, NULL),
(120, 'Hadji Muhtamad', 9, NULL, NULL),
(121, 'Isabela City', 9, NULL, NULL),
(122, 'Lamitan', 9, NULL, NULL),
(123, 'Lantawan', 9, NULL, NULL),
(124, 'Maluso', 9, NULL, NULL),
(125, 'Sumisip', 9, NULL, NULL),
(126, 'Tipo-Tipo', 9, NULL, NULL),
(127, 'Tuburan', 9, NULL, NULL),
(128, 'Ungkaya Pukan', 9, NULL, NULL),
(129, 'Balanga', 10, NULL, NULL),
(130, 'Dinalupihan', 10, NULL, NULL),
(131, 'Hermosa', 10, NULL, NULL),
(132, 'Limay', 10, NULL, NULL),
(133, 'Mariveles', 10, NULL, NULL),
(134, 'Morong', 10, NULL, NULL),
(135, 'Orani', 10, NULL, NULL),
(136, 'Orion', 10, NULL, NULL),
(137, 'Pilar', 10, NULL, NULL),
(138, 'Samal', 10, NULL, NULL),
(139, 'Basco', 11, NULL, NULL),
(140, 'Itbayat', 11, NULL, NULL),
(141, 'Ivana', 11, NULL, NULL),
(142, 'Mahatao', 11, NULL, NULL),
(143, 'Sabtang', 11, NULL, NULL),
(144, 'Uyugan', 11, NULL, NULL),
(145, 'Agoncillo', 12, NULL, NULL),
(146, 'Alitagtag', 12, NULL, NULL),
(147, 'Balayan', 12, NULL, NULL),
(148, 'Balete', 12, NULL, NULL),
(149, 'Batangas City', 12, NULL, NULL),
(150, 'Bauan', 12, NULL, NULL),
(151, 'Calaca', 12, NULL, NULL),
(152, 'Calatagan', 12, NULL, NULL),
(153, 'Cuenca', 12, NULL, NULL),
(154, 'Ibaan', 12, NULL, NULL),
(155, 'Laurel', 12, NULL, NULL),
(156, 'Lemery', 12, NULL, NULL),
(157, 'Lian', 12, NULL, NULL),
(158, 'Lipa City', 12, NULL, NULL),
(159, 'Lobo', 12, NULL, NULL),
(160, 'Mabini', 12, NULL, NULL),
(161, 'Malvar', 12, NULL, NULL),
(162, 'Mataasnakahoy', 12, NULL, NULL),
(163, 'Nasugbu', 12, NULL, NULL),
(164, 'Padre Garcia', 12, NULL, NULL),
(165, 'Rosario', 12, NULL, NULL),
(166, 'San Jose', 12, NULL, NULL),
(167, 'San Juan', 12, NULL, NULL),
(168, 'San Luis', 12, NULL, NULL),
(169, 'San Nicolas', 12, NULL, NULL),
(170, 'San Pascual', 12, NULL, NULL),
(171, 'Santa Teresita', 12, NULL, NULL),
(172, 'Santo Tomas', 12, NULL, NULL),
(173, 'Taal', 12, NULL, NULL),
(174, 'Talisay', 12, NULL, NULL),
(175, 'Tanauan City', 12, NULL, NULL),
(176, 'Taysan', 12, NULL, NULL),
(177, 'Tingloy', 12, NULL, NULL),
(178, 'Tuy', 12, NULL, NULL),
(179, 'Baguio City', 13, NULL, NULL),
(180, 'Atok', 13, NULL, NULL),
(181, 'Bakun', 13, NULL, NULL),
(182, 'Bokod', 13, NULL, NULL),
(183, 'Buguias', 13, NULL, NULL),
(184, 'Itogon', 13, NULL, NULL),
(185, 'Kabayan', 13, NULL, NULL),
(186, 'Kapangan', 13, NULL, NULL),
(187, 'Kibungan', 13, NULL, NULL),
(188, 'La Trinidad', 13, NULL, NULL),
(189, 'Mankayan', 13, NULL, NULL),
(190, 'Sablan', 13, NULL, NULL),
(191, 'Tuba', 13, NULL, NULL),
(192, 'Tublay', 13, NULL, NULL),
(193, 'Almeria', 14, NULL, NULL),
(194, 'Biliran', 14, NULL, NULL),
(195, 'Cabucgayan', 14, NULL, NULL),
(196, 'Caibiran', 14, NULL, NULL),
(197, 'Culaba', 14, NULL, NULL),
(198, 'Kawayan', 14, NULL, NULL),
(199, 'Maripipi', 14, NULL, NULL),
(200, 'Naval', 14, NULL, NULL),
(201, 'Alburquerque', 15, NULL, NULL),
(202, 'Alicia', 15, NULL, NULL),
(203, 'Anda', 15, NULL, NULL),
(204, 'Antequera', 15, NULL, NULL),
(205, 'Baclayon', 15, NULL, NULL),
(206, 'Balilihan', 15, NULL, NULL),
(207, 'Batuan', 15, NULL, NULL),
(208, 'Bien Unido', 15, NULL, NULL),
(209, 'Bilar', 15, NULL, NULL),
(210, 'Buenavista', 15, NULL, NULL),
(211, 'Calape', 15, NULL, NULL),
(212, 'Candijay', 15, NULL, NULL),
(213, 'Carmen', 15, NULL, NULL),
(214, 'Catigbian', 15, NULL, NULL),
(215, 'Clarin', 15, NULL, NULL),
(216, 'Corella', 15, NULL, NULL),
(217, 'Cortes', 15, NULL, NULL),
(218, 'Dagohoy', 15, NULL, NULL),
(219, 'Danao', 15, NULL, NULL),
(220, 'Dauis', 15, NULL, NULL),
(221, 'Dimiao', 15, NULL, NULL),
(222, 'Duero', 15, NULL, NULL),
(223, 'Garcia Hernandez', 15, NULL, NULL),
(224, 'Getafe', 15, NULL, NULL),
(225, 'Guindulman', 15, NULL, NULL),
(226, 'Inabanga', 15, NULL, NULL),
(227, 'Jagna', 15, NULL, NULL),
(228, 'Lila', 15, NULL, NULL),
(229, 'Loay', 15, NULL, NULL),
(230, 'Loboc', 15, NULL, NULL),
(231, 'Loon', 15, NULL, NULL),
(232, 'Mabini', 15, NULL, NULL),
(233, 'Maribojoc', 15, NULL, NULL),
(234, 'Panglao', 15, NULL, NULL),
(235, 'Pilar', 15, NULL, NULL),
(236, 'Pres. Carlos P. Garcia', 15, NULL, NULL),
(237, 'Sagbayan', 15, NULL, NULL),
(238, 'San Miguel', 15, NULL, NULL),
(239, 'Sevilla', 15, NULL, NULL),
(240, 'Sierra Bullones', 15, NULL, NULL),
(241, 'Sikatuna', 15, NULL, NULL),
(242, 'Tagbilaran City', 15, NULL, NULL),
(243, 'Talibon', 15, NULL, NULL),
(244, 'Trinidad', 15, NULL, NULL),
(245, 'Tubigon', 15, NULL, NULL),
(246, 'Ubay', 15, NULL, NULL),
(247, 'Valencia', 15, NULL, NULL),
(248, 'Baungon', 16, NULL, NULL),
(249, 'Cabanglasan', 16, NULL, NULL),
(250, 'Damulog', 16, NULL, NULL),
(251, 'Dangcagan', 16, NULL, NULL),
(252, 'Don Carlos', 16, NULL, NULL),
(253, 'Impasugong', 16, NULL, NULL),
(254, 'Kadingilan', 16, NULL, NULL),
(255, 'Kalilangan', 16, NULL, NULL),
(256, 'Kibawe', 16, NULL, NULL),
(257, 'Kitaotao', 16, NULL, NULL),
(258, 'Lantapan', 16, NULL, NULL),
(259, 'Libona', 16, NULL, NULL),
(260, 'Malaybalay City', 16, NULL, NULL),
(261, 'Malitbog', 16, NULL, NULL),
(262, 'Manolo Fortich', 16, NULL, NULL),
(263, 'Maramag', 16, NULL, NULL),
(264, 'Pangantucan', 16, NULL, NULL),
(265, 'Quezon', 16, NULL, NULL),
(266, 'San Fernando', 16, NULL, NULL),
(267, 'Sumilao', 16, NULL, NULL),
(268, 'Talakag', 16, NULL, NULL),
(269, 'Valencia City', 16, NULL, NULL),
(270, 'Angat', 17, NULL, NULL),
(271, 'Balagtas', 17, NULL, NULL),
(272, 'Balamban', 17, NULL, NULL),
(273, 'Baliuag', 17, NULL, NULL),
(274, 'Bocaue', 17, NULL, NULL),
(275, 'Bulacan', 17, NULL, NULL),
(276, 'Bustos', 17, NULL, NULL),
(277, 'Calumpit', 17, NULL, NULL),
(278, 'Dona Remedios Trinidad', 17, NULL, NULL),
(279, 'Guiguinto', 17, NULL, NULL),
(280, 'Hagonoy', 17, NULL, NULL),
(281, 'Malolos City', 17, NULL, NULL),
(282, 'Marilao', 17, NULL, NULL),
(283, 'Meycauayan City', 17, NULL, NULL),
(284, 'Norzagaray', 17, NULL, NULL),
(285, 'Obando', 17, NULL, NULL),
(286, 'Pandi', 17, NULL, NULL),
(287, 'Paombong', 17, NULL, NULL),
(288, 'Plaridel', 17, NULL, NULL),
(289, 'Pulilan', 17, NULL, NULL),
(290, 'San Ildefonso', 17, NULL, NULL),
(291, 'San Jose del Monte City', 17, NULL, NULL),
(292, 'San Miguel', 17, NULL, NULL),
(293, 'San Rafael', 17, NULL, NULL),
(294, 'Santa Maria', 17, NULL, NULL),
(295, 'Abulug', 18, NULL, NULL),
(296, 'Alcala', 18, NULL, NULL),
(297, 'Allacapan', 18, NULL, NULL),
(298, 'Amulung', 18, NULL, NULL),
(299, 'Aparri', 18, NULL, NULL),
(300, 'Baggao', 18, NULL, NULL),
(301, 'Ballesteros', 18, NULL, NULL),
(302, 'Buguey', 18, NULL, NULL),
(303, 'Calayan', 18, NULL, NULL),
(304, 'Camalaniugan', 18, NULL, NULL),
(305, 'Claveria', 18, NULL, NULL),
(306, 'Enrile', 18, NULL, NULL),
(307, 'Gattaran', 18, NULL, NULL),
(308, 'Gonzaga', 18, NULL, NULL),
(309, 'Iguig', 18, NULL, NULL),
(310, 'Lal-lo', 18, NULL, NULL),
(311, 'Lasam', 18, NULL, NULL),
(312, 'Pamplona', 18, NULL, NULL),
(313, 'Penablanca', 18, NULL, NULL),
(314, 'Piat', 18, NULL, NULL),
(315, 'Rizal', 18, NULL, NULL),
(316, 'Sanchez-Mira', 18, NULL, NULL),
(317, 'Santa Ana', 18, NULL, NULL),
(318, 'Santa Praxedes', 18, NULL, NULL),
(319, 'Santa Teresita', 18, NULL, NULL),
(320, 'Santo Nino', 18, NULL, NULL),
(321, 'Solana', 18, NULL, NULL),
(322, 'Tuao', 18, NULL, NULL),
(323, 'Tuguegarao City', 18, NULL, NULL),
(324, 'Basud', 19, NULL, NULL),
(325, 'Capalonga', 19, NULL, NULL),
(326, 'Daet', 19, NULL, NULL),
(327, 'Jose Panganiban', 19, NULL, NULL),
(328, 'Labo', 19, NULL, NULL),
(329, 'Mercedes', 19, NULL, NULL),
(330, 'Paracale', 19, NULL, NULL),
(331, 'San Lorenzo Ruiz', 19, NULL, NULL),
(332, 'San Vicente', 19, NULL, NULL),
(333, 'Santa Elena', 19, NULL, NULL),
(334, 'Talisay', 19, NULL, NULL),
(335, 'Vinzons', 19, NULL, NULL),
(336, 'Baao', 20, NULL, NULL),
(337, 'Balatan', 20, NULL, NULL),
(338, 'Bato', 20, NULL, NULL),
(339, 'Bombon', 20, NULL, NULL),
(340, 'Buhi', 20, NULL, NULL),
(341, 'Bula', 20, NULL, NULL),
(342, 'Cabusao', 20, NULL, NULL),
(343, 'Calabanga', 20, NULL, NULL),
(344, 'Camaligan', 20, NULL, NULL),
(345, 'Canaman', 20, NULL, NULL),
(346, 'Caramoan', 20, NULL, NULL),
(347, 'Del Gallego', 20, NULL, NULL),
(348, 'Gainza', 20, NULL, NULL),
(349, 'Garchitorena', 20, NULL, NULL),
(350, 'Goa', 20, NULL, NULL),
(351, 'Lagonoy', 20, NULL, NULL),
(352, 'Libmanan', 20, NULL, NULL),
(353, 'Lupi', 20, NULL, NULL),
(354, 'Magarao', 20, NULL, NULL),
(355, 'Milaor', 20, NULL, NULL),
(356, 'Minalabac', 20, NULL, NULL),
(357, 'Nabua', 20, NULL, NULL),
(358, 'Ocampo', 20, NULL, NULL),
(359, 'Pamplona', 20, NULL, NULL),
(360, 'Pasacao', 20, NULL, NULL),
(361, 'Pili', 20, NULL, NULL),
(362, 'Presentacion', 20, NULL, NULL),
(363, 'Ragay', 20, NULL, NULL),
(364, 'Sagnay', 20, NULL, NULL),
(365, 'San Fernando', 20, NULL, NULL),
(366, 'San Jose', 20, NULL, NULL),
(367, 'Sipocot', 20, NULL, NULL),
(368, 'Siruma', 20, NULL, NULL),
(369, 'Tigaon', 20, NULL, NULL),
(370, 'Tinambac', 20, NULL, NULL),
(371, 'Naga City', 20, NULL, NULL),
(372, 'Iriga City', 20, NULL, NULL),
(373, 'Catarman', 21, NULL, NULL),
(374, 'Guinsiliban', 21, NULL, NULL),
(375, 'Mahinog', 21, NULL, NULL),
(376, 'Mambajao', 21, NULL, NULL),
(377, 'Sagay', 21, NULL, NULL),
(378, 'Cuartero', 22, NULL, NULL),
(379, 'Dao', 22, NULL, NULL),
(380, 'Dumalag', 22, NULL, NULL),
(381, 'Dumarao', 22, NULL, NULL),
(382, 'Ivisan', 22, NULL, NULL),
(383, 'Jamindan', 22, NULL, NULL),
(384, 'Maayon', 22, NULL, NULL),
(385, 'Mambusao', 22, NULL, NULL),
(386, 'Panay', 22, NULL, NULL),
(387, 'Panitan', 22, NULL, NULL),
(388, 'Pilar', 22, NULL, NULL),
(389, 'Pontevedra', 22, NULL, NULL),
(390, 'President Roxas', 22, NULL, NULL),
(391, 'Roxas City', 22, NULL, NULL),
(392, 'Sapian', 22, NULL, NULL),
(393, 'Sigma', 22, NULL, NULL),
(394, 'Tapaz', 22, NULL, NULL),
(395, 'Bagamanoc', 23, NULL, NULL),
(396, 'Baras', 23, NULL, NULL),
(397, 'Bato', 23, NULL, NULL),
(398, 'Caramoran', 23, NULL, NULL),
(399, 'Gigmoto', 23, NULL, NULL),
(400, 'Pandan', 23, NULL, NULL),
(401, 'Panganiban', 23, NULL, NULL),
(402, 'San Andres', 23, NULL, NULL),
(403, 'San Miguel', 23, NULL, NULL),
(404, 'Viga', 23, NULL, NULL),
(405, 'Virac', 23, NULL, NULL),
(406, 'Bacoor', 24, NULL, NULL),
(407, 'Cavite City', 24, NULL, NULL),
(408, 'Dasmariñas', 24, NULL, NULL),
(409, 'General Trias', 24, NULL, NULL),
(410, 'Imus', 24, NULL, NULL),
(411, 'Trece Martires', 24, NULL, NULL),
(412, 'Tagaytay', 24, NULL, NULL),
(413, 'Silang', 24, NULL, NULL),
(414, 'Tanza', 24, NULL, NULL),
(415, 'Amadeo', 24, NULL, NULL),
(416, 'Carmona', 24, NULL, NULL),
(417, 'General Mariano Alvarez', 24, NULL, NULL),
(418, 'Indang', 24, NULL, NULL),
(419, 'Kawit', 24, NULL, NULL),
(420, 'Magallanes', 24, NULL, NULL),
(421, 'Maragondon', 24, NULL, NULL),
(422, 'Mendez', 24, NULL, NULL),
(423, 'Naic', 24, NULL, NULL),
(424, 'Noveleta', 24, NULL, NULL),
(425, 'Rosario', 24, NULL, NULL),
(426, 'Alfonso', 24, NULL, NULL),
(427, 'Gen. Emilio Aguinaldo', 24, NULL, NULL),
(428, 'Gen. Miguel Malvar', 24, NULL, NULL),
(429, 'Gen. Antonio Luna', 24, NULL, NULL),
(430, 'Gen. Artemio Ricarte', 24, NULL, NULL),
(431, 'Alcantara', 25, NULL, NULL),
(432, 'Alcoy', 25, NULL, NULL),
(433, 'Alegria', 25, NULL, NULL),
(434, 'Aloguinsan', 25, NULL, NULL),
(435, 'Argao', 25, NULL, NULL),
(436, 'Asturias', 25, NULL, NULL),
(437, 'Badian', 25, NULL, NULL),
(438, 'Balamban', 25, NULL, NULL),
(439, 'Bantayan', 25, NULL, NULL),
(440, 'Barili', 25, NULL, NULL),
(441, 'Bogo', 25, NULL, NULL),
(442, 'Boljoon', 25, NULL, NULL),
(443, 'Borbon', 25, NULL, NULL),
(444, 'Carcar', 25, NULL, NULL),
(445, 'Carmen', 25, NULL, NULL),
(446, 'Catmon', 25, NULL, NULL),
(447, 'Cebu City', 25, NULL, NULL),
(448, 'Compostela', 25, NULL, NULL),
(449, 'Consolacion', 25, NULL, NULL),
(450, 'Cordova', 25, NULL, NULL),
(451, 'Daanbantayan', 25, NULL, NULL),
(452, 'Dalaguete', 25, NULL, NULL),
(453, 'Danao City', 25, NULL, NULL),
(454, 'Dumanjug', 25, NULL, NULL),
(455, 'Ginatilan', 25, NULL, NULL),
(456, 'Liloan', 25, NULL, NULL),
(457, 'Madridejos', 25, NULL, NULL),
(458, 'Malabuyoc', 25, NULL, NULL),
(459, 'Mandaue', 25, NULL, NULL),
(460, 'Medellin', 25, NULL, NULL),
(461, 'Minglanilla', 25, NULL, NULL),
(462, 'Moalboal', 25, NULL, NULL),
(463, 'Naga', 25, NULL, NULL),
(464, 'Oslob', 25, NULL, NULL),
(465, 'Pilar', 25, NULL, NULL),
(466, 'Pinamungajan', 25, NULL, NULL),
(467, 'Poro', 25, NULL, NULL),
(468, 'Ronda', 25, NULL, NULL),
(469, 'Samboan', 25, NULL, NULL),
(470, 'San Fernando', 25, NULL, NULL),
(471, 'San Francisco', 25, NULL, NULL),
(472, 'San Remigio', 25, NULL, NULL),
(473, 'Santa Fe', 25, NULL, NULL),
(474, 'Santander', 25, NULL, NULL),
(475, 'Sibonga', 25, NULL, NULL),
(476, 'Sogod', 25, NULL, NULL),
(477, 'Tabogon', 25, NULL, NULL),
(478, 'Tabuelan', 25, NULL, NULL),
(479, 'Talisay', 25, NULL, NULL),
(480, 'Toledo', 25, NULL, NULL),
(481, 'Tuburan', 25, NULL, NULL),
(482, 'Tudela', 25, NULL, NULL),
(483, 'Alamada', 26, NULL, NULL),
(484, 'Aleosan', 26, NULL, NULL),
(485, 'Antipas', 26, NULL, NULL),
(486, 'Arakan', 26, NULL, NULL),
(487, 'Banisilan', 26, NULL, NULL),
(488, 'Carmen', 26, NULL, NULL),
(489, 'Kabacan', 26, NULL, NULL),
(490, 'Kidapawan', 26, NULL, NULL),
(491, 'Libungan', 26, NULL, NULL),
(492, 'M\'lang', 26, NULL, NULL),
(493, 'Magpet', 26, NULL, NULL),
(494, 'Makilala', 26, NULL, NULL),
(495, 'Matalam', 26, NULL, NULL),
(496, 'Midsayap', 26, NULL, NULL),
(497, 'Pigcawayan', 26, NULL, NULL),
(498, 'Pikit', 26, NULL, NULL),
(499, 'President Roxas', 26, NULL, NULL),
(500, 'Tulunan', 26, NULL, NULL),
(501, 'Compostela', 27, NULL, NULL),
(502, 'Laak', 27, NULL, NULL),
(503, 'Mabini', 27, NULL, NULL),
(504, 'Maco', 27, NULL, NULL),
(505, 'Maragusan', 27, NULL, NULL),
(506, 'Mawab', 27, NULL, NULL),
(507, 'Monkayo', 27, NULL, NULL),
(508, 'Montevista', 27, NULL, NULL),
(509, 'Nabunturan', 27, NULL, NULL),
(510, 'New Bataan', 27, NULL, NULL),
(511, 'Pantukan', 27, NULL, NULL),
(512, 'Asuncion', 28, NULL, NULL),
(513, 'Braulio E. Dujali', 28, NULL, NULL),
(514, 'Carmen', 28, NULL, NULL),
(515, 'Kapalong', 28, NULL, NULL),
(516, 'New Corella', 28, NULL, NULL),
(517, 'Panabo', 28, NULL, NULL),
(518, 'Samal', 28, NULL, NULL),
(519, 'San Isidro', 28, NULL, NULL),
(520, 'Santo Tomas', 28, NULL, NULL),
(521, 'Tagum City', 28, NULL, NULL),
(522, 'Talaingod', 28, NULL, NULL),
(523, 'Bansalan', 29, NULL, NULL),
(524, 'Davao City', 29, NULL, NULL),
(525, 'Digos', 29, NULL, NULL),
(526, 'Hagonoy', 29, NULL, NULL),
(527, 'Kiblawan', 29, NULL, NULL),
(528, 'Magsaysay', 29, NULL, NULL),
(529, 'Malalag', 29, NULL, NULL),
(530, 'Matanao', 29, NULL, NULL),
(531, 'Padada', 29, NULL, NULL),
(532, 'Santa Cruz', 29, NULL, NULL),
(533, 'Sulop', 29, NULL, NULL),
(534, 'Don Marcelino', 30, NULL, NULL),
(535, 'Jose Abad Santos', 30, NULL, NULL),
(536, 'Malita', 30, NULL, NULL),
(537, 'Santa Maria', 30, NULL, NULL),
(538, 'Sarangani', 30, NULL, NULL),
(539, 'Baganga', 31, NULL, NULL),
(540, 'Banaybanay', 31, NULL, NULL),
(541, 'Boston', 31, NULL, NULL),
(542, 'Caraga', 31, NULL, NULL),
(543, 'Cateel', 31, NULL, NULL),
(544, 'Governor Generoso', 31, NULL, NULL),
(545, 'Lupon', 31, NULL, NULL),
(546, 'Manay', 31, NULL, NULL),
(547, 'Mati', 31, NULL, NULL),
(548, 'San Isidro', 31, NULL, NULL),
(549, 'Tarragona', 31, NULL, NULL),
(550, 'Basilisa', 32, NULL, NULL),
(551, 'Cagdianao', 32, NULL, NULL),
(552, 'Dinagat', 32, NULL, NULL),
(553, 'Libjo', 32, NULL, NULL),
(554, 'Loreto', 32, NULL, NULL),
(555, 'San Jose', 32, NULL, NULL),
(556, 'Tubajon', 32, NULL, NULL),
(557, 'Arteche', 33, NULL, NULL),
(558, 'Balangiga', 33, NULL, NULL),
(559, 'Balangkayan', 33, NULL, NULL),
(560, 'Borongan', 33, NULL, NULL),
(561, 'Can-avid', 33, NULL, NULL),
(562, 'Dolores', 33, NULL, NULL),
(563, 'General MacArthur', 33, NULL, NULL),
(564, 'Giporlos', 33, NULL, NULL),
(565, 'Guiuan', 33, NULL, NULL),
(566, 'Hernani', 33, NULL, NULL),
(567, 'Jipapad', 33, NULL, NULL),
(568, 'Lawaan', 33, NULL, NULL),
(569, 'Llorente', 33, NULL, NULL),
(570, 'Maslog', 33, NULL, NULL),
(571, 'Maydolong', 33, NULL, NULL),
(572, 'Mercedes', 33, NULL, NULL),
(573, 'Oras', 33, NULL, NULL),
(574, 'Quinapondan', 33, NULL, NULL),
(575, 'Salcedo', 33, NULL, NULL),
(576, 'San Julian', 33, NULL, NULL),
(577, 'San Policarpo', 33, NULL, NULL),
(578, 'Sulat', 33, NULL, NULL),
(579, 'Taft', 33, NULL, NULL),
(580, 'Buenavista', 34, NULL, NULL),
(581, 'Jordan', 34, NULL, NULL),
(582, 'Nueva Valencia', 34, NULL, NULL),
(583, 'San Lorenzo', 34, NULL, NULL),
(584, 'Sibunag', 34, NULL, NULL),
(585, 'Aguinaldo', 35, NULL, NULL),
(586, 'Alfonso Lista', 35, NULL, NULL),
(587, 'Asipulo', 35, NULL, NULL),
(588, 'Banaue', 35, NULL, NULL),
(589, 'Hingyon', 35, NULL, NULL),
(590, 'Hungduan', 35, NULL, NULL),
(591, 'Kiangan', 35, NULL, NULL),
(592, 'Lagawe', 35, NULL, NULL),
(593, 'Lamut', 35, NULL, NULL),
(594, 'Mayoyao', 35, NULL, NULL),
(595, 'Tinoc', 35, NULL, NULL),
(596, 'Adams', 36, NULL, NULL),
(597, 'Bacarra', 36, NULL, NULL),
(598, 'Badoc', 36, NULL, NULL),
(599, 'Bangui', 36, NULL, NULL),
(600, 'Banna', 36, NULL, NULL),
(601, 'Batac', 36, NULL, NULL),
(602, 'Burgos', 36, NULL, NULL),
(603, 'Carasi', 36, NULL, NULL),
(604, 'Currimao', 36, NULL, NULL),
(605, 'Dingras', 36, NULL, NULL),
(606, 'Dumalneg', 36, NULL, NULL),
(607, 'Marcos', 36, NULL, NULL),
(608, 'Nueva Era', 36, NULL, NULL),
(609, 'Pagudpud', 36, NULL, NULL),
(610, 'Paoay', 36, NULL, NULL),
(611, 'Pasuquin', 36, NULL, NULL),
(612, 'Piddig', 36, NULL, NULL),
(613, 'Pinili', 36, NULL, NULL),
(614, 'San Nicolas', 36, NULL, NULL),
(615, 'Sarrat', 36, NULL, NULL),
(616, 'Solsona', 36, NULL, NULL),
(617, 'Vintar', 36, NULL, NULL),
(618, 'Alilem', 37, NULL, NULL),
(619, 'Banayoyo', 37, NULL, NULL),
(620, 'Bantay', 37, NULL, NULL),
(621, 'Burgos', 37, NULL, NULL),
(622, 'Cabugao', 37, NULL, NULL),
(623, 'Candon', 37, NULL, NULL),
(624, 'Caoayan', 37, NULL, NULL),
(625, 'Cervantes', 37, NULL, NULL),
(626, 'Galimuyod', 37, NULL, NULL),
(627, 'Gregorio Del Pilar', 37, NULL, NULL),
(628, 'Lidlidda', 37, NULL, NULL),
(629, 'Magsingal', 37, NULL, NULL),
(630, 'Nagbukel', 37, NULL, NULL),
(631, 'Narvacan', 37, NULL, NULL),
(632, 'Quirino', 37, NULL, NULL),
(633, 'Salcedo', 37, NULL, NULL),
(634, 'San Emilio', 37, NULL, NULL),
(635, 'San Esteban', 37, NULL, NULL),
(636, 'San Ildefonso', 37, NULL, NULL),
(637, 'San Juan', 37, NULL, NULL),
(638, 'San Vicente', 37, NULL, NULL),
(639, 'Santa', 37, NULL, NULL),
(640, 'Santa Catalina', 37, NULL, NULL),
(641, 'Santa Cruz', 37, NULL, NULL),
(642, 'Santa Lucia', 37, NULL, NULL),
(643, 'Santa Maria', 37, NULL, NULL),
(644, 'Santiago', 37, NULL, NULL),
(645, 'Santo Domingo', 37, NULL, NULL),
(646, 'Sigay', 37, NULL, NULL),
(647, 'Sinait', 37, NULL, NULL),
(648, 'Sugpon', 37, NULL, NULL),
(649, 'Suyo', 37, NULL, NULL),
(650, 'Tagudin', 37, NULL, NULL),
(651, 'Vigan', 37, NULL, NULL),
(652, 'Ajuy', 38, NULL, NULL),
(653, 'Alimodian', 38, NULL, NULL),
(654, 'Anilao', 38, NULL, NULL),
(655, 'Badiangan', 38, NULL, NULL),
(656, 'Balasan', 38, NULL, NULL),
(657, 'Banate', 38, NULL, NULL),
(658, 'Barotac Nuevo', 38, NULL, NULL),
(659, 'Barotac Viejo', 38, NULL, NULL),
(660, 'Batad', 38, NULL, NULL),
(661, 'Bingawan', 38, NULL, NULL),
(662, 'Cabatuan', 38, NULL, NULL),
(663, 'Calinog', 38, NULL, NULL),
(664, 'Carles', 38, NULL, NULL),
(665, 'Concepcion', 38, NULL, NULL),
(666, 'Dingle', 38, NULL, NULL),
(667, 'Dueñas', 38, NULL, NULL),
(668, 'Dumangas', 38, NULL, NULL),
(669, 'Estancia', 38, NULL, NULL),
(670, 'Guimbal', 38, NULL, NULL),
(671, 'Igbaras', 38, NULL, NULL),
(672, 'Iloilo City', 38, NULL, NULL),
(673, 'Janiuay', 38, NULL, NULL),
(674, 'Lambunao', 38, NULL, NULL),
(675, 'Leganes', 38, NULL, NULL),
(676, 'Lemery', 38, NULL, NULL),
(677, 'Leon', 38, NULL, NULL),
(678, 'Maasin', 38, NULL, NULL),
(679, 'Miagao', 38, NULL, NULL),
(680, 'Mina', 38, NULL, NULL),
(681, 'New Lucena', 38, NULL, NULL),
(682, 'Oton', 38, NULL, NULL),
(683, 'Pavia', 38, NULL, NULL),
(684, 'Pototan', 38, NULL, NULL),
(685, 'San Dionisio', 38, NULL, NULL),
(686, 'San Enrique', 38, NULL, NULL),
(687, 'San Joaquin', 38, NULL, NULL),
(688, 'San Miguel', 38, NULL, NULL),
(689, 'San Rafael', 38, NULL, NULL),
(690, 'Santa Barbara', 38, NULL, NULL),
(691, 'Sara', 38, NULL, NULL),
(692, 'Tigbauan', 38, NULL, NULL),
(693, 'Tubungan', 38, NULL, NULL),
(694, 'Zarraga', 38, NULL, NULL),
(695, 'Alicia', 39, NULL, NULL),
(696, 'Angadanan', 39, NULL, NULL),
(697, 'Aurora', 39, NULL, NULL),
(698, 'Benito Soliven', 39, NULL, NULL),
(699, 'Burgos', 39, NULL, NULL),
(700, 'Cabagan', 39, NULL, NULL),
(701, 'Cabatuan', 39, NULL, NULL),
(702, 'Cauayan', 39, NULL, NULL),
(703, 'Cordon', 39, NULL, NULL),
(704, 'Delfin Albano', 39, NULL, NULL),
(705, 'Dinapigue', 39, NULL, NULL),
(706, 'Divilacan', 39, NULL, NULL),
(707, 'Echague', 39, NULL, NULL),
(708, 'Gamu', 39, NULL, NULL),
(709, 'Ilagan', 39, NULL, NULL),
(710, 'Jones', 39, NULL, NULL),
(711, 'Luna', 39, NULL, NULL),
(712, 'Maconacon', 39, NULL, NULL),
(713, 'Mallig', 39, NULL, NULL),
(714, 'Naguilian', 39, NULL, NULL),
(715, 'Palanan', 39, NULL, NULL),
(716, 'Quezon', 39, NULL, NULL),
(717, 'Quirino', 39, NULL, NULL),
(718, 'Ramon', 39, NULL, NULL),
(719, 'Reina Mercedes', 39, NULL, NULL),
(720, 'Roxas', 39, NULL, NULL),
(721, 'San Agustin', 39, NULL, NULL),
(722, 'San Guillermo', 39, NULL, NULL),
(723, 'San Isidro', 39, NULL, NULL),
(724, 'San Manuel', 39, NULL, NULL),
(725, 'San Mariano', 39, NULL, NULL),
(726, 'San Mateo', 39, NULL, NULL),
(727, 'San Pablo', 39, NULL, NULL),
(728, 'Santa Maria', 39, NULL, NULL),
(729, 'Santiago', 39, NULL, NULL),
(730, 'Santo Tomas', 39, NULL, NULL),
(731, 'Tumauini', 39, NULL, NULL),
(732, 'Balbalan', 40, NULL, NULL),
(733, 'Lubuagan', 40, NULL, NULL),
(734, 'Pasil', 40, NULL, NULL),
(735, 'Pinukpuk', 40, NULL, NULL),
(736, 'Rizal', 40, NULL, NULL),
(737, 'Tabuk', 40, NULL, NULL),
(738, 'Tanudan', 40, NULL, NULL),
(739, 'Tinglayan', 40, NULL, NULL),
(740, 'Agoo', 41, NULL, NULL),
(741, 'Aringay', 41, NULL, NULL),
(742, 'Bacnotan', 41, NULL, NULL),
(743, 'Bagulin', 41, NULL, NULL),
(744, 'Balaoan', 41, NULL, NULL),
(745, 'Bangar', 41, NULL, NULL),
(746, 'Bauang', 41, NULL, NULL),
(747, 'Burgos', 41, NULL, NULL),
(748, 'Caba', 41, NULL, NULL),
(749, 'Luna', 41, NULL, NULL),
(750, 'Naguilian', 41, NULL, NULL),
(751, 'Pugo', 41, NULL, NULL),
(752, 'Rosario', 41, NULL, NULL),
(753, 'San Fernando', 41, NULL, NULL),
(754, 'San Gabriel', 41, NULL, NULL),
(755, 'San Juan', 41, NULL, NULL),
(756, 'Santo Tomas', 41, NULL, NULL),
(757, 'Santol', 41, NULL, NULL),
(758, 'Sudipen', 41, NULL, NULL),
(759, 'Tubao', 41, NULL, NULL),
(760, 'Alaminos', 42, NULL, NULL),
(761, 'Bay', 42, NULL, NULL),
(762, 'Biñan', 42, NULL, NULL),
(763, 'Cabuyao', 42, NULL, NULL),
(764, 'Calamba', 42, NULL, NULL),
(765, 'Calauan', 42, NULL, NULL),
(766, 'Cavinti', 42, NULL, NULL),
(767, 'Famy', 42, NULL, NULL),
(768, 'Kalayaan', 42, NULL, NULL),
(769, 'Liliw', 42, NULL, NULL),
(770, 'Los Baños', 42, NULL, NULL),
(771, 'Luisiana', 42, NULL, NULL),
(772, 'Lumban', 42, NULL, NULL),
(773, 'Mabitac', 42, NULL, NULL),
(774, 'Magdalena', 42, NULL, NULL),
(775, 'Majayjay', 42, NULL, NULL),
(776, 'Nagcarlan', 42, NULL, NULL),
(777, 'Paete', 42, NULL, NULL),
(778, 'Pagsanjan', 42, NULL, NULL),
(779, 'Pakil', 42, NULL, NULL),
(780, 'Pangil', 42, NULL, NULL),
(781, 'Pila', 42, NULL, NULL),
(782, 'Rizal', 42, NULL, NULL),
(783, 'San Pablo', 42, NULL, NULL),
(784, 'San Pedro', 42, NULL, NULL),
(785, 'Santa Cruz', 42, NULL, NULL),
(786, 'Santa Maria', 42, NULL, NULL),
(787, 'Santa Rosa', 42, NULL, NULL),
(788, 'Siniloan', 42, NULL, NULL),
(789, 'Victoria', 42, NULL, NULL),
(790, 'Bacolod', 43, NULL, NULL),
(791, 'Baloi', 43, NULL, NULL),
(792, 'Baroy', 43, NULL, NULL),
(793, 'Kapatagan', 43, NULL, NULL),
(794, 'Kauswagan', 43, NULL, NULL),
(795, 'Kolambugan', 43, NULL, NULL),
(796, 'Lala', 43, NULL, NULL),
(797, 'Linamon', 43, NULL, NULL),
(798, 'Magsaysay', 43, NULL, NULL),
(799, 'Maigo', 43, NULL, NULL),
(800, 'Matungao', 43, NULL, NULL),
(801, 'Munai', 43, NULL, NULL),
(802, 'Nunungan', 43, NULL, NULL),
(803, 'Pantao Ragat', 43, NULL, NULL),
(804, 'Pantar', 43, NULL, NULL),
(805, 'Poona Piagapo', 43, NULL, NULL),
(806, 'Salvador', 43, NULL, NULL),
(807, 'Sapad', 43, NULL, NULL),
(808, 'Sultan Naga Dimaporo', 43, NULL, NULL),
(809, 'Tagoloan', 43, NULL, NULL),
(810, 'Tangcal', 43, NULL, NULL),
(811, 'Tubod', 43, NULL, NULL),
(812, 'Bacolod-Kalawi', 44, NULL, NULL),
(813, 'Balabagan', 44, NULL, NULL),
(814, 'Balindong', 44, NULL, NULL),
(815, 'Bayang', 44, NULL, NULL),
(816, 'Binidayan', 44, NULL, NULL),
(817, 'Buadiposo-Buntong', 44, NULL, NULL),
(818, 'Bubong', 44, NULL, NULL),
(819, 'Bumbaran', 44, NULL, NULL),
(820, 'Butig', 44, NULL, NULL),
(821, 'Calanogas', 44, NULL, NULL),
(822, 'Ditsaan-Ramain', 44, NULL, NULL),
(823, 'Ganassi', 44, NULL, NULL),
(824, 'Kapai', 44, NULL, NULL),
(825, 'Kapatagan', 44, NULL, NULL),
(826, 'Lumba-Bayabao', 44, NULL, NULL),
(827, 'Lumbaca-Unayan', 44, NULL, NULL),
(828, 'Lumbatan', 44, NULL, NULL),
(829, 'Lumbayanague', 44, NULL, NULL),
(830, 'Madalum', 44, NULL, NULL),
(831, 'Madamba', 44, NULL, NULL),
(832, 'Maguing', 44, NULL, NULL),
(833, 'Malabang', 44, NULL, NULL),
(834, 'Marantao', 44, NULL, NULL),
(835, 'Marawi', 44, NULL, NULL),
(836, 'Marogong', 44, NULL, NULL),
(837, 'Masiu', 44, NULL, NULL),
(838, 'Mulondo', 44, NULL, NULL),
(839, 'Pagayawan', 44, NULL, NULL),
(840, 'Piagapo', 44, NULL, NULL),
(841, 'Poona Bayabao', 44, NULL, NULL),
(842, 'Pualas', 44, NULL, NULL),
(843, 'Saguiaran', 44, NULL, NULL),
(844, 'Sultan Dumalondong', 44, NULL, NULL),
(845, 'Tagoloan II', 44, NULL, NULL),
(846, 'Tamparan', 44, NULL, NULL),
(847, 'Taraka', 44, NULL, NULL),
(848, 'Tubaran', 44, NULL, NULL),
(849, 'Tugaya', 44, NULL, NULL),
(850, 'Wao', 44, NULL, NULL),
(851, 'Abuyog', 45, NULL, NULL),
(852, 'Alangalang', 45, NULL, NULL),
(853, 'Albuera', 45, NULL, NULL),
(854, 'Babatngon', 45, NULL, NULL),
(855, 'Barugo', 45, NULL, NULL),
(856, 'Bato', 45, NULL, NULL),
(857, 'Baybay', 45, NULL, NULL),
(858, 'Burauen', 45, NULL, NULL),
(859, 'Calubian', 45, NULL, NULL),
(860, 'Capoocan', 45, NULL, NULL),
(861, 'Carigara', 45, NULL, NULL),
(862, 'Dagami', 45, NULL, NULL),
(863, 'Dulag', 45, NULL, NULL),
(864, 'Hilongos', 45, NULL, NULL),
(865, 'Hindang', 45, NULL, NULL),
(866, 'Inopacan', 45, NULL, NULL),
(867, 'Isabel', 45, NULL, NULL),
(868, 'Jaro', 45, NULL, NULL),
(869, 'Javier', 45, NULL, NULL),
(870, 'Julita', 45, NULL, NULL),
(871, 'Kananga', 45, NULL, NULL),
(872, 'La Paz', 45, NULL, NULL),
(873, 'Leyte', 45, NULL, NULL),
(874, 'MacArthur', 45, NULL, NULL),
(875, 'Mahaplag', 45, NULL, NULL),
(876, 'Matag-ob', 45, NULL, NULL),
(877, 'Matalom', 45, NULL, NULL),
(878, 'Mayorga', 45, NULL, NULL),
(879, 'Merida', 45, NULL, NULL),
(880, 'Ormoc', 45, NULL, NULL),
(881, 'Palo', 45, NULL, NULL),
(882, 'Palompon', 45, NULL, NULL),
(883, 'Pastrana', 45, NULL, NULL),
(884, 'San Isidro', 45, NULL, NULL),
(885, 'San Miguel', 45, NULL, NULL),
(886, 'Santa Fe', 45, NULL, NULL),
(887, 'Tabango', 45, NULL, NULL),
(888, 'Tabontabon', 45, NULL, NULL),
(889, 'Tacloban', 45, NULL, NULL),
(890, 'Tanauan', 45, NULL, NULL),
(891, 'Tolosa', 45, NULL, NULL),
(892, 'Tunga', 45, NULL, NULL),
(893, 'Villaba', 45, NULL, NULL),
(894, 'Ampatuan', 46, NULL, NULL),
(895, 'Barira', 46, NULL, NULL),
(896, 'Buldon', 46, NULL, NULL),
(897, 'Datu Abdullah Sangki', 46, NULL, NULL),
(898, 'Datu Anggal Midtimbang', 46, NULL, NULL),
(899, 'Datu Blah T. Sinsuat', 46, NULL, NULL),
(900, 'Datu Hoffer Ampatuan', 46, NULL, NULL),
(901, 'Datu Montawal', 46, NULL, NULL),
(902, 'Datu Odin Sinsuat', 46, NULL, NULL),
(903, 'Datu Paglas', 46, NULL, NULL),
(904, 'Datu Piang', 46, NULL, NULL),
(905, 'Datu Salibo', 46, NULL, NULL),
(906, 'Datu Saudi-Ampatuan', 46, NULL, NULL),
(907, 'Datu Unsay', 46, NULL, NULL),
(908, 'Gen. S. K. Pendatun', 46, NULL, NULL),
(909, 'Guindulungan', 46, NULL, NULL),
(910, 'Mamasapano', 46, NULL, NULL),
(911, 'Mangudadatu', 46, NULL, NULL),
(912, 'Matanog', 46, NULL, NULL),
(913, 'Northern Kabuntalan', 46, NULL, NULL),
(914, 'Pagagawan', 46, NULL, NULL),
(915, 'Pagalungan', 46, NULL, NULL),
(916, 'Paglat', 46, NULL, NULL),
(917, 'Pandag', 46, NULL, NULL),
(918, 'Panglima Estino', 46, NULL, NULL),
(919, 'Panglima Sugala', 46, NULL, NULL),
(920, 'Rajah Buayan', 46, NULL, NULL),
(921, 'Shariff Aguak', 46, NULL, NULL),
(922, 'Shariff Saydona Mustapha', 46, NULL, NULL),
(923, 'South Upi', 46, NULL, NULL),
(924, 'Sultan Kudarat', 46, NULL, NULL),
(925, 'Sultan Mastura', 46, NULL, NULL),
(926, 'Sultan sa Barongis', 46, NULL, NULL),
(927, 'Talayan', 46, NULL, NULL),
(928, 'Talitay', 46, NULL, NULL),
(929, 'Upi', 46, NULL, NULL),
(930, 'Boac', 47, NULL, NULL),
(931, 'Buenavista', 47, NULL, NULL),
(932, 'Gasan', 47, NULL, NULL),
(933, 'Mogpog', 47, NULL, NULL),
(934, 'Santa Cruz', 47, NULL, NULL),
(935, 'Torrijos', 47, NULL, NULL),
(936, 'Aroroy', 48, NULL, NULL),
(937, 'Baleno', 48, NULL, NULL),
(938, 'Balud', 48, NULL, NULL),
(939, 'Batuan', 48, NULL, NULL),
(940, 'Cataingan', 48, NULL, NULL),
(941, 'Cawayan', 48, NULL, NULL),
(942, 'Claveria', 48, NULL, NULL),
(943, 'Dimasalang', 48, NULL, NULL),
(944, 'Esperanza', 48, NULL, NULL),
(945, 'Mandaon', 48, NULL, NULL),
(946, 'Masbate City', 48, NULL, NULL),
(947, 'Milagros', 48, NULL, NULL),
(948, 'Mobo', 48, NULL, NULL),
(949, 'Monreal', 48, NULL, NULL),
(950, 'Palanas', 48, NULL, NULL),
(951, 'Pio V. Corpuz', 48, NULL, NULL),
(952, 'Placer', 48, NULL, NULL),
(953, 'San Fernando', 48, NULL, NULL),
(954, 'San Jacinto', 48, NULL, NULL),
(955, 'San Pascual', 48, NULL, NULL),
(956, 'Uson', 48, NULL, NULL),
(957, 'Caloocan', 49, NULL, NULL),
(958, 'Las Piñas', 49, NULL, NULL),
(959, 'Makati', 49, NULL, NULL),
(960, 'Malabon', 49, NULL, NULL),
(961, 'Mandaluyong', 49, NULL, NULL),
(962, 'Manila', 49, NULL, NULL),
(963, 'Marikina', 49, NULL, NULL),
(964, 'Muntinlupa', 49, NULL, NULL),
(965, 'Navotas', 49, NULL, NULL),
(966, 'Parañaque', 49, NULL, NULL),
(967, 'Pasay', 49, NULL, NULL),
(968, 'Pasig', 49, NULL, NULL),
(969, 'Pateros', 49, NULL, NULL),
(970, 'Quezon City', 49, NULL, NULL),
(971, 'San Juan', 49, NULL, NULL),
(972, 'Taguig', 49, NULL, NULL),
(973, 'Valenzuela', 49, NULL, NULL),
(974, 'Aloran', 50, NULL, NULL),
(975, 'Baliangao', 50, NULL, NULL),
(976, 'Bonifacio', 50, NULL, NULL),
(977, 'Calamba', 50, NULL, NULL),
(978, 'Clarin', 50, NULL, NULL),
(979, 'Concepcion', 50, NULL, NULL),
(980, 'Don Victoriano Chiongbian', 50, NULL, NULL),
(981, 'Jimenez', 50, NULL, NULL),
(982, 'Lopez Jaena', 50, NULL, NULL),
(983, 'Panaon', 50, NULL, NULL),
(984, 'Plaridel', 50, NULL, NULL),
(985, 'Sapang Dalaga', 50, NULL, NULL),
(986, 'Sinacaban', 50, NULL, NULL),
(987, 'Tangub', 50, NULL, NULL),
(988, 'Tudela', 50, NULL, NULL),
(989, 'Alubijid', 51, NULL, NULL),
(990, 'Balingasag', 51, NULL, NULL),
(991, 'Balingoan', 51, NULL, NULL),
(992, 'Binuangan', 51, NULL, NULL),
(993, 'Claveria', 51, NULL, NULL),
(994, 'El Salvador', 51, NULL, NULL),
(995, 'Gitagum', 51, NULL, NULL),
(996, 'Initao', 51, NULL, NULL),
(997, 'Jasaan', 51, NULL, NULL),
(998, 'Kinoguitan', 51, NULL, NULL),
(999, 'Lagonglong', 51, NULL, NULL),
(1000, 'Laguindingan', 51, NULL, NULL),
(1001, 'Libertad', 51, NULL, NULL),
(1002, 'Lugait', 51, NULL, NULL),
(1003, 'Magsaysay', 51, NULL, NULL),
(1004, 'Manticao', 51, NULL, NULL),
(1005, 'Medina', 51, NULL, NULL),
(1006, 'Naawan', 51, NULL, NULL),
(1007, 'Opol', 51, NULL, NULL),
(1008, 'Salay', 51, NULL, NULL),
(1009, 'Sugbongcogon', 51, NULL, NULL),
(1010, 'Tagoloan', 51, NULL, NULL),
(1011, 'Talisayan', 51, NULL, NULL),
(1012, 'Villanueva', 51, NULL, NULL),
(1013, 'Barlig', 52, NULL, NULL),
(1014, 'Bauko', 52, NULL, NULL),
(1015, 'Besao', 52, NULL, NULL),
(1016, 'Bontoc', 52, NULL, NULL),
(1017, 'Natonin', 52, NULL, NULL),
(1018, 'Paracelis', 52, NULL, NULL),
(1019, 'Sabangan', 52, NULL, NULL),
(1020, 'Sadanga', 52, NULL, NULL),
(1021, 'Sagada', 52, NULL, NULL),
(1022, 'Tadian', 52, NULL, NULL),
(1023, 'Bacolod', 53, NULL, NULL),
(1024, 'Bago', 53, NULL, NULL),
(1025, 'Binalbagan', 53, NULL, NULL),
(1026, 'Cadiz', 53, NULL, NULL),
(1027, 'Calatrava', 53, NULL, NULL),
(1028, 'Candoni', 53, NULL, NULL),
(1029, 'Cauayan', 53, NULL, NULL),
(1030, 'Enrique B. Magalona', 53, NULL, NULL),
(1031, 'Escalante', 53, NULL, NULL),
(1032, 'Himamaylan', 53, NULL, NULL),
(1033, 'Hinigaran', 53, NULL, NULL),
(1034, 'Hinoba-an', 53, NULL, NULL),
(1035, 'Ilog', 53, NULL, NULL),
(1036, 'Isabela', 53, NULL, NULL),
(1037, 'Kabankalan', 53, NULL, NULL),
(1038, 'La Carlota', 53, NULL, NULL),
(1039, 'La Castellana', 53, NULL, NULL),
(1040, 'Manapla', 53, NULL, NULL),
(1041, 'Moises Padilla', 53, NULL, NULL),
(1042, 'Murcia', 53, NULL, NULL),
(1043, 'Pontevedra', 53, NULL, NULL),
(1044, 'Pulupandan', 53, NULL, NULL),
(1045, 'Sagay', 53, NULL, NULL),
(1046, 'Salvador Benedicto', 53, NULL, NULL),
(1047, 'San Carlos', 53, NULL, NULL),
(1048, 'San Enrique', 53, NULL, NULL),
(1049, 'Silay', 53, NULL, NULL),
(1050, 'Sipalay', 53, NULL, NULL),
(1051, 'Talisay', 53, NULL, NULL),
(1052, 'Toboso', 53, NULL, NULL),
(1053, 'Valladolid', 53, NULL, NULL),
(1054, 'Victorias', 53, NULL, NULL),
(1055, 'Amlan', 54, NULL, NULL),
(1056, 'Ayungon', 54, NULL, NULL),
(1057, 'Bacong', 54, NULL, NULL),
(1058, 'Bais', 54, NULL, NULL),
(1059, 'Basay', 54, NULL, NULL),
(1060, 'Bayawan', 54, NULL, NULL),
(1061, 'Bindoy', 54, NULL, NULL),
(1062, 'Canlaon', 54, NULL, NULL),
(1063, 'Dauin', 54, NULL, NULL),
(1064, 'Dumaguete', 54, NULL, NULL),
(1065, 'Guihulngan', 54, NULL, NULL),
(1066, 'Jimalalud', 54, NULL, NULL),
(1067, 'La Libertad', 54, NULL, NULL),
(1068, 'Mabinay', 54, NULL, NULL),
(1069, 'Manjuyod', 54, NULL, NULL),
(1070, 'Pamplona', 54, NULL, NULL),
(1071, 'San Jose', 54, NULL, NULL),
(1072, 'Santa Catalina', 54, NULL, NULL),
(1073, 'Siaton', 54, NULL, NULL),
(1074, 'Sibulan', 54, NULL, NULL),
(1075, 'Tanjay', 54, NULL, NULL),
(1076, 'Tayasan', 54, NULL, NULL),
(1077, 'Valencia', 54, NULL, NULL),
(1078, 'Vallehermoso', 54, NULL, NULL),
(1079, 'Zamboanguita', 54, NULL, NULL),
(1080, 'Allen', 55, NULL, NULL),
(1081, 'Biri', 55, NULL, NULL),
(1082, 'Bobon', 55, NULL, NULL),
(1083, 'Capul', 55, NULL, NULL),
(1084, 'Catarman', 55, NULL, NULL),
(1085, 'Catubig', 55, NULL, NULL),
(1086, 'Gamay', 55, NULL, NULL),
(1087, 'Laoang', 55, NULL, NULL),
(1088, 'Lapinig', 55, NULL, NULL),
(1089, 'Las Navas', 55, NULL, NULL),
(1090, 'Lavezares', 55, NULL, NULL),
(1091, 'Lope de Vega', 55, NULL, NULL),
(1092, 'Mapanas', 55, NULL, NULL),
(1093, 'Mondragon', 55, NULL, NULL),
(1094, 'Palapag', 55, NULL, NULL),
(1095, 'Pambujan', 55, NULL, NULL),
(1096, 'Rosario', 55, NULL, NULL),
(1097, 'San Antonio', 55, NULL, NULL),
(1098, 'San Isidro', 55, NULL, NULL),
(1099, 'San Jose', 55, NULL, NULL),
(1100, 'San Roque', 55, NULL, NULL),
(1101, 'San Vicente', 55, NULL, NULL),
(1102, 'Silvino Lobos', 55, NULL, NULL),
(1103, 'Victoria', 55, NULL, NULL),
(1104, 'Aliaga', 56, NULL, NULL),
(1105, 'Bongabon', 56, NULL, NULL),
(1106, 'Cabanatuan', 56, NULL, NULL),
(1107, 'Cabiao', 56, NULL, NULL),
(1108, 'Carranglan', 56, NULL, NULL),
(1109, 'Cuyapo', 56, NULL, NULL),
(1110, 'Gabaldon', 56, NULL, NULL),
(1111, 'Gapan', 56, NULL, NULL),
(1112, 'General Mamerto Natividad', 56, NULL, NULL),
(1113, 'General Tinio', 56, NULL, NULL),
(1114, 'Guimba', 56, NULL, NULL),
(1115, 'Jaen', 56, NULL, NULL),
(1116, 'Laur', 56, NULL, NULL),
(1117, 'Licab', 56, NULL, NULL),
(1118, 'Llanera', 56, NULL, NULL),
(1119, 'Lupao', 56, NULL, NULL),
(1120, 'Munoz', 56, NULL, NULL),
(1121, 'Nampicuan', 56, NULL, NULL),
(1122, 'Palayan', 56, NULL, NULL),
(1123, 'Pantabangan', 56, NULL, NULL),
(1124, 'Peñaranda', 56, NULL, NULL),
(1125, 'Quezon', 56, NULL, NULL),
(1126, 'Rizal', 56, NULL, NULL),
(1127, 'San Antonio', 56, NULL, NULL),
(1128, 'San Isidro', 56, NULL, NULL),
(1129, 'San Jose City', 56, NULL, NULL),
(1130, 'San Leonardo', 56, NULL, NULL),
(1131, 'Santa Rosa', 56, NULL, NULL),
(1132, 'Santo Domingo', 56, NULL, NULL),
(1133, 'Talavera', 56, NULL, NULL),
(1134, 'Talugtug', 56, NULL, NULL),
(1135, 'Zaragoza', 56, NULL, NULL),
(1136, 'Alfonso Castaneda', 57, NULL, NULL),
(1137, 'Ambaguio', 57, NULL, NULL),
(1138, 'Aritao', 57, NULL, NULL),
(1139, 'Bagabag', 57, NULL, NULL),
(1140, 'Bambang', 57, NULL, NULL),
(1141, 'Bayombong', 57, NULL, NULL),
(1142, 'Diadi', 57, NULL, NULL),
(1143, 'Dupax del Norte', 57, NULL, NULL),
(1144, 'Dupax del Sur', 57, NULL, NULL),
(1145, 'Kasibu', 57, NULL, NULL),
(1146, 'Kayapa', 57, NULL, NULL),
(1147, 'Quezon', 57, NULL, NULL),
(1148, 'Santa Fe', 57, NULL, NULL),
(1149, 'Solano', 57, NULL, NULL),
(1150, 'Villaverde', 57, NULL, NULL),
(1151, 'Abra de Ilog', 58, NULL, NULL),
(1152, 'Calintaan', 58, NULL, NULL),
(1153, 'Looc', 58, NULL, NULL),
(1154, 'Lubang', 58, NULL, NULL),
(1155, 'Magsaysay', 58, NULL, NULL),
(1156, 'Mamburao', 58, NULL, NULL),
(1157, 'Paluan', 58, NULL, NULL),
(1158, 'Rizal', 58, NULL, NULL),
(1159, 'Sablayan', 58, NULL, NULL),
(1160, 'San Jose', 58, NULL, NULL),
(1161, 'Santa Cruz', 58, NULL, NULL),
(1162, 'Baco', 59, NULL, NULL),
(1163, 'Bansud', 59, NULL, NULL),
(1164, 'Bongabong', 59, NULL, NULL),
(1165, 'Bulalacao', 59, NULL, NULL),
(1166, 'Calapan', 59, NULL, NULL),
(1167, 'Gloria', 59, NULL, NULL),
(1168, 'Mansalay', 59, NULL, NULL),
(1169, 'Naujan', 59, NULL, NULL),
(1170, 'Pinamalayan', 59, NULL, NULL),
(1171, 'Pola', 59, NULL, NULL),
(1172, 'Puerto Galera', 59, NULL, NULL),
(1173, 'Roxas', 59, NULL, NULL),
(1174, 'San Teodoro', 59, NULL, NULL),
(1175, 'Socorro', 59, NULL, NULL),
(1176, 'Victoria', 59, NULL, NULL),
(1177, 'Aborlan', 60, NULL, NULL),
(1178, 'Agutaya', 60, NULL, NULL),
(1179, 'Araceli', 60, NULL, NULL),
(1180, 'Balabac', 60, NULL, NULL),
(1181, 'Bataraza', 60, NULL, NULL),
(1182, 'Brooke\'s Point', 60, NULL, NULL),
(1183, 'Busuanga', 60, NULL, NULL),
(1184, 'Cagayancillo', 60, NULL, NULL),
(1185, 'Coron', 60, NULL, NULL),
(1186, 'Culion', 60, NULL, NULL),
(1187, 'Cuyo', 60, NULL, NULL),
(1188, 'Dumaran', 60, NULL, NULL),
(1189, 'El Nido', 60, NULL, NULL),
(1190, 'Kalayaan', 60, NULL, NULL),
(1191, 'Linapacan', 60, NULL, NULL),
(1192, 'Magsaysay', 60, NULL, NULL),
(1193, 'Narra', 60, NULL, NULL),
(1194, 'Puerto Princesa', 60, NULL, NULL),
(1195, 'Quezon', 60, NULL, NULL),
(1196, 'Rizal', 60, NULL, NULL),
(1197, 'Roxas', 60, NULL, NULL),
(1198, 'San Vicente', 60, NULL, NULL),
(1199, 'Sofronio Española', 60, NULL, NULL),
(1200, 'Taytay', 60, NULL, NULL),
(1201, 'Angeles', 61, NULL, NULL),
(1202, 'Apalit', 61, NULL, NULL),
(1203, 'Arayat', 61, NULL, NULL),
(1204, 'Bacolor', 61, NULL, NULL),
(1205, 'Candaba', 61, NULL, NULL),
(1206, 'Floridablanca', 61, NULL, NULL),
(1207, 'Guagua', 61, NULL, NULL),
(1208, 'Lubao', 61, NULL, NULL),
(1209, 'Mabalacat', 61, NULL, NULL),
(1210, 'Macabebe', 61, NULL, NULL),
(1211, 'Magalang', 61, NULL, NULL),
(1212, 'Masantol', 61, NULL, NULL),
(1213, 'Mexico', 61, NULL, NULL),
(1214, 'Minalin', 61, NULL, NULL),
(1215, 'Porac', 61, NULL, NULL),
(1216, 'San Fernando', 61, NULL, NULL),
(1217, 'San Luis', 61, NULL, NULL),
(1218, 'San Simon', 61, NULL, NULL),
(1219, 'Santa Ana', 61, NULL, NULL),
(1220, 'Santa Rita', 61, NULL, NULL),
(1221, 'Santo Tomas', 61, NULL, NULL),
(1222, 'Sasmuan', 61, NULL, NULL),
(1223, 'Agno', 62, NULL, NULL),
(1224, 'Aguilar', 62, NULL, NULL),
(1225, 'Alaminos', 62, NULL, NULL),
(1226, 'Alcala', 62, NULL, NULL),
(1227, 'Anda', 62, NULL, NULL),
(1228, 'Asingan', 62, NULL, NULL),
(1229, 'Balungao', 62, NULL, NULL),
(1230, 'Bani', 62, NULL, NULL),
(1231, 'Basista', 62, NULL, NULL),
(1232, 'Bautista', 62, NULL, NULL),
(1233, 'Bayambang', 62, NULL, NULL),
(1234, 'Binalonan', 62, NULL, NULL),
(1235, 'Binmaley', 62, NULL, NULL),
(1236, 'Bolinao', 62, NULL, NULL),
(1237, 'Bugallon', 62, NULL, NULL),
(1238, 'Burgos', 62, NULL, NULL),
(1239, 'Calasiao', 62, NULL, NULL),
(1240, 'Dagupan', 62, NULL, NULL),
(1241, 'Dasol', 62, NULL, NULL),
(1242, 'Infanta', 62, NULL, NULL),
(1243, 'Labrador', 62, NULL, NULL),
(1244, 'Laoac', 62, NULL, NULL),
(1245, 'Lingayen', 62, NULL, NULL),
(1246, 'Mabini', 62, NULL, NULL),
(1247, 'Malasiqui', 62, NULL, NULL),
(1248, 'Manaoag', 62, NULL, NULL),
(1249, 'Mangaldan', 62, NULL, NULL),
(1250, 'Mangatarem', 62, NULL, NULL),
(1251, 'Mapandan', 62, NULL, NULL),
(1252, 'Natividad', 62, NULL, NULL),
(1253, 'Pozorrubio', 62, NULL, NULL),
(1254, 'Rosales', 62, NULL, NULL),
(1255, 'San Carlos', 62, NULL, NULL),
(1256, 'San Fabian', 62, NULL, NULL),
(1257, 'San Jacinto', 62, NULL, NULL),
(1258, 'San Manuel', 62, NULL, NULL),
(1259, 'San Nicolas', 62, NULL, NULL),
(1260, 'San Quintin', 62, NULL, NULL),
(1261, 'Santa Barbara', 62, NULL, NULL),
(1262, 'Santa Maria', 62, NULL, NULL),
(1263, 'Santo Tomas', 62, NULL, NULL),
(1264, 'Sison', 62, NULL, NULL),
(1265, 'Sual', 62, NULL, NULL),
(1266, 'Tayug', 62, NULL, NULL),
(1267, 'Umingan', 62, NULL, NULL),
(1268, 'Urbiztondo', 62, NULL, NULL),
(1269, 'Urdaneta', 62, NULL, NULL),
(1270, 'Villasis', 62, NULL, NULL),
(1271, 'Agdangan', 63, NULL, NULL),
(1272, 'Alabat', 63, NULL, NULL),
(1273, 'Atimonan', 63, NULL, NULL),
(1274, 'Buenavista', 63, NULL, NULL),
(1275, 'Burdeos', 63, NULL, NULL),
(1276, 'Calauag', 63, NULL, NULL),
(1277, 'Candelaria', 63, NULL, NULL),
(1278, 'Catanauan', 63, NULL, NULL),
(1279, 'Dolores', 63, NULL, NULL),
(1280, 'General Luna', 63, NULL, NULL),
(1281, 'General Nakar', 63, NULL, NULL),
(1282, 'Guinayangan', 63, NULL, NULL),
(1283, 'Gumaca', 63, NULL, NULL),
(1284, 'Infanta', 63, NULL, NULL),
(1285, 'Jomalig', 63, NULL, NULL),
(1286, 'Lopez', 63, NULL, NULL),
(1287, 'Lucban', 63, NULL, NULL),
(1288, 'Lucena', 63, NULL, NULL),
(1289, 'Macalelon', 63, NULL, NULL),
(1290, 'Mauban', 63, NULL, NULL),
(1291, 'Mulanay', 63, NULL, NULL),
(1292, 'Padre Burgos', 63, NULL, NULL),
(1293, 'Pagbilao', 63, NULL, NULL),
(1294, 'Panukulan', 63, NULL, NULL),
(1295, 'Patnanungan', 63, NULL, NULL),
(1296, 'Perez', 63, NULL, NULL),
(1297, 'Pitogo', 63, NULL, NULL),
(1298, 'Plaridel', 63, NULL, NULL),
(1299, 'Polillo', 63, NULL, NULL),
(1300, 'Quezon', 63, NULL, NULL),
(1301, 'Real', 63, NULL, NULL),
(1302, 'Sampaloc', 63, NULL, NULL),
(1303, 'San Andres', 63, NULL, NULL),
(1304, 'San Antonio', 63, NULL, NULL),
(1305, 'San Francisco', 63, NULL, NULL),
(1306, 'San Narciso', 63, NULL, NULL),
(1307, 'Sariaya', 63, NULL, NULL),
(1308, 'Tagkawayan', 63, NULL, NULL),
(1309, 'Tayabas', 63, NULL, NULL),
(1310, 'Tiaong', 63, NULL, NULL),
(1311, 'Unisan', 63, NULL, NULL),
(1312, 'Aglipay', 64, NULL, NULL),
(1313, 'Cabarroguis', 64, NULL, NULL),
(1314, 'Diffun', 64, NULL, NULL),
(1315, 'Maddela', 64, NULL, NULL),
(1316, 'Nagtipunan', 64, NULL, NULL),
(1317, 'Saguday', 64, NULL, NULL),
(1318, 'Antipolo', 65, NULL, NULL),
(1319, 'Angono', 65, NULL, NULL),
(1320, 'Baras', 65, NULL, NULL),
(1321, 'Binangonan', 65, NULL, NULL),
(1322, 'Cainta', 65, NULL, NULL),
(1323, 'Cardona', 65, NULL, NULL),
(1324, 'Jalajala', 65, NULL, NULL),
(1325, 'Morong', 65, NULL, NULL),
(1326, 'Pililla', 65, NULL, NULL),
(1327, 'Rodriguez', 65, NULL, NULL),
(1328, 'San Mateo', 65, NULL, NULL),
(1329, 'Tanay', 65, NULL, NULL),
(1330, 'Taytay', 65, NULL, NULL),
(1331, 'Teresa', 65, NULL, NULL),
(1332, 'Alcantara', 66, NULL, NULL),
(1333, 'Banton', 66, NULL, NULL),
(1334, 'Cajidiocan', 66, NULL, NULL),
(1335, 'Calatrava', 66, NULL, NULL),
(1336, 'Concepcion', 66, NULL, NULL),
(1337, 'Corcuera', 66, NULL, NULL),
(1338, 'Ferrol', 66, NULL, NULL),
(1339, 'Looc', 66, NULL, NULL),
(1340, 'Magdiwang', 66, NULL, NULL),
(1341, 'Odiongan', 66, NULL, NULL),
(1342, 'Romblon', 66, NULL, NULL),
(1343, 'San Agustin', 66, NULL, NULL),
(1344, 'San Andres', 66, NULL, NULL),
(1345, 'San Fernando', 66, NULL, NULL),
(1346, 'San Jose', 66, NULL, NULL),
(1347, 'Santa Fe', 66, NULL, NULL),
(1348, 'Santa Maria', 66, NULL, NULL),
(1349, 'Almagro', 67, NULL, NULL),
(1350, 'Basey', 67, NULL, NULL),
(1351, 'Calbayog', 67, NULL, NULL),
(1352, 'Calbiga', 67, NULL, NULL),
(1353, 'Catbalogan', 67, NULL, NULL),
(1354, 'Daram', 67, NULL, NULL),
(1355, 'Gandara', 67, NULL, NULL),
(1356, 'Hinabangan', 67, NULL, NULL),
(1357, 'Jiabong', 67, NULL, NULL),
(1358, 'Marabut', 67, NULL, NULL),
(1359, 'Matuguinao', 67, NULL, NULL),
(1360, 'Motiong', 67, NULL, NULL),
(1361, 'Pagsanghan', 67, NULL, NULL),
(1362, 'Paranas', 67, NULL, NULL),
(1363, 'Pinabacdao', 67, NULL, NULL),
(1364, 'San Jorge', 67, NULL, NULL),
(1365, 'San Jose de Buan', 67, NULL, NULL),
(1366, 'San Sebastian', 67, NULL, NULL),
(1367, 'Santa Margarita', 67, NULL, NULL),
(1368, 'Santa Rita', 67, NULL, NULL),
(1369, 'Santo Niño', 67, NULL, NULL),
(1370, 'Tagapul-an', 67, NULL, NULL),
(1371, 'Talalora', 67, NULL, NULL),
(1372, 'Tarangnan', 67, NULL, NULL),
(1373, 'Villareal', 67, NULL, NULL),
(1374, 'Zumarraga', 67, NULL, NULL),
(1375, 'Alabel', 68, NULL, NULL),
(1376, 'Glan', 68, NULL, NULL),
(1377, 'Kiamba', 68, NULL, NULL),
(1378, 'Maasim', 68, NULL, NULL),
(1379, 'Maitum', 68, NULL, NULL),
(1380, 'Malapatan', 68, NULL, NULL),
(1381, 'Malungon', 68, NULL, NULL),
(1382, 'Enrique Villanueva', 69, NULL, NULL),
(1383, 'Larena', 69, NULL, NULL),
(1384, 'Lazi', 69, NULL, NULL),
(1385, 'Maria', 69, NULL, NULL),
(1386, 'San Juan', 69, NULL, NULL),
(1387, 'Siquijor', 69, NULL, NULL),
(1388, 'Barcelona', 70, NULL, NULL),
(1389, 'Bulan', 70, NULL, NULL),
(1390, 'Bulusan', 70, NULL, NULL),
(1391, 'Casiguran', 70, NULL, NULL),
(1392, 'Castilla', 70, NULL, NULL),
(1393, 'Donsol', 70, NULL, NULL),
(1394, 'Gubat', 70, NULL, NULL),
(1395, 'Irosin', 70, NULL, NULL),
(1396, 'Juban', 70, NULL, NULL),
(1397, 'Magallanes', 70, NULL, NULL),
(1398, 'Matnog', 70, NULL, NULL),
(1399, 'Pilar', 70, NULL, NULL),
(1400, 'Prieto Diaz', 70, NULL, NULL),
(1401, 'Santa Magdalena', 70, NULL, NULL),
(1402, 'Sorsogon City', 70, NULL, NULL),
(1403, 'Banga', 71, NULL, NULL),
(1404, 'General Santos', 71, NULL, NULL),
(1405, 'Koronadal', 71, NULL, NULL),
(1406, 'Lake Sebu', 71, NULL, NULL),
(1407, 'Norala', 71, NULL, NULL),
(1408, 'Polomolok', 71, NULL, NULL),
(1409, 'Santo Niño', 71, NULL, NULL),
(1410, 'Surallah', 71, NULL, NULL),
(1411, 'T\'Boli', 71, NULL, NULL),
(1412, 'Tampakan', 71, NULL, NULL),
(1413, 'Tantangan', 71, NULL, NULL),
(1414, 'Tupi', 71, NULL, NULL),
(1415, 'Anahawan', 72, NULL, NULL),
(1416, 'Bontoc', 72, NULL, NULL),
(1417, 'Hinunangan', 72, NULL, NULL),
(1418, 'Hinundayan', 72, NULL, NULL),
(1419, 'Libagon', 72, NULL, NULL),
(1420, 'Liloan', 72, NULL, NULL),
(1421, 'Limasawa', 72, NULL, NULL),
(1422, 'Maasin', 72, NULL, NULL),
(1423, 'Macrohon', 72, NULL, NULL),
(1424, 'Malitbog', 72, NULL, NULL),
(1425, 'Padre Burgos', 72, NULL, NULL),
(1426, 'Pintuyan', 72, NULL, NULL),
(1427, 'Saint Bernard', 72, NULL, NULL),
(1428, 'San Francisco', 72, NULL, NULL),
(1429, 'San Juan', 72, NULL, NULL),
(1430, 'San Ricardo', 72, NULL, NULL),
(1431, 'Silago', 72, NULL, NULL),
(1432, 'Sogod', 72, NULL, NULL),
(1433, 'Tomas Oppus', 72, NULL, NULL),
(1434, 'Bagumbayan', 73, NULL, NULL),
(1435, 'Columbio', 73, NULL, NULL),
(1436, 'Esperanza', 73, NULL, NULL),
(1437, 'Isulan', 73, NULL, NULL),
(1438, 'Kalamansig', 73, NULL, NULL),
(1439, 'Lambayong', 73, NULL, NULL),
(1440, 'Lebak', 73, NULL, NULL),
(1441, 'Lutayan', 73, NULL, NULL),
(1442, 'Palimbang', 73, NULL, NULL),
(1443, 'President Quirino', 73, NULL, NULL),
(1444, 'Senator Ninoy Aquino', 73, NULL, NULL),
(1445, 'Tacurong', 73, NULL, NULL),
(1446, 'Hadji Panglima Tahil', 74, NULL, NULL),
(1447, 'Indanan', 74, NULL, NULL),
(1448, 'Jolo', 74, NULL, NULL),
(1449, 'Kalingalan Caluang', 74, NULL, NULL),
(1450, 'Lugus', 74, NULL, NULL),
(1451, 'Luuk', 74, NULL, NULL),
(1452, 'Maimbung', 74, NULL, NULL),
(1453, 'Old Panamao', 74, NULL, NULL),
(1454, 'Omar', 74, NULL, NULL),
(1455, 'Pandami', 74, NULL, NULL),
(1456, 'Panglima Estino', 74, NULL, NULL),
(1457, 'Pangutaran', 74, NULL, NULL),
(1458, 'Parang', 74, NULL, NULL),
(1459, 'Pata', 74, NULL, NULL),
(1460, 'Patikul', 74, NULL, NULL),
(1461, 'Siasi', 74, NULL, NULL),
(1462, 'Talipao', 74, NULL, NULL),
(1463, 'Tapul', 74, NULL, NULL),
(1464, 'Tongkil', 74, NULL, NULL),
(1465, 'Alegria', 75, NULL, NULL),
(1466, 'Bacuag', 75, NULL, NULL),
(1467, 'Burgos', 75, NULL, NULL),
(1468, 'Claver', 75, NULL, NULL),
(1469, 'Dapa', 75, NULL, NULL),
(1470, 'Del Carmen', 75, NULL, NULL),
(1471, 'General Luna', 75, NULL, NULL),
(1472, 'Gigaquit', 75, NULL, NULL),
(1473, 'Mainit', 75, NULL, NULL),
(1474, 'Malimono', 75, NULL, NULL),
(1475, 'Pilar', 75, NULL, NULL),
(1476, 'Placer', 75, NULL, NULL),
(1477, 'San Benito', 75, NULL, NULL),
(1478, 'San Francisco', 75, NULL, NULL),
(1479, 'San Isidro', 75, NULL, NULL),
(1480, 'Santa Monica', 75, NULL, NULL),
(1481, 'Sison', 75, NULL, NULL),
(1482, 'Socorro', 75, NULL, NULL),
(1483, 'Surigao City', 75, NULL, NULL),
(1484, 'Tagana-an', 75, NULL, NULL),
(1485, 'Tubod', 75, NULL, NULL),
(1486, 'Barobo', 76, NULL, NULL),
(1487, 'Bayabas', 76, NULL, NULL),
(1488, 'Cagwait', 76, NULL, NULL),
(1489, 'Cantilan', 76, NULL, NULL),
(1490, 'Carmen', 76, NULL, NULL),
(1491, 'Carrascal', 76, NULL, NULL),
(1492, 'Cortes', 76, NULL, NULL),
(1493, 'Hinatuan', 76, NULL, NULL),
(1494, 'Lanuza', 76, NULL, NULL),
(1495, 'Lianga', 76, NULL, NULL),
(1496, 'Lingig', 76, NULL, NULL),
(1497, 'Madrid', 76, NULL, NULL),
(1498, 'Marihatag', 76, NULL, NULL),
(1499, 'San Agustin', 76, NULL, NULL);
INSERT INTO `cities` (`id`, `name`, `provinceId`, `createdAt`, `updatedAt`) VALUES
(1500, 'San Miguel', 76, NULL, NULL),
(1501, 'Tagbina', 76, NULL, NULL),
(1502, 'Tago', 76, NULL, NULL),
(1503, 'Tandag', 76, NULL, NULL),
(1504, 'Anao', 77, NULL, NULL),
(1505, 'Bamban', 77, NULL, NULL),
(1506, 'Camiling', 77, NULL, NULL),
(1507, 'Capas', 77, NULL, NULL),
(1508, 'Concepcion', 77, NULL, NULL),
(1509, 'Gerona', 77, NULL, NULL),
(1510, 'La Paz', 77, NULL, NULL),
(1511, 'Mayantoc', 77, NULL, NULL),
(1512, 'Moncada', 77, NULL, NULL),
(1513, 'Paniqui', 77, NULL, NULL),
(1514, 'Pura', 77, NULL, NULL),
(1515, 'Ramos', 77, NULL, NULL),
(1516, 'San Clemente', 77, NULL, NULL),
(1517, 'San Jose', 77, NULL, NULL),
(1518, 'San Manuel', 77, NULL, NULL),
(1519, 'Santa Ignacia', 77, NULL, NULL),
(1520, 'Tarlac City', 77, NULL, NULL),
(1521, 'Victoria', 77, NULL, NULL),
(1522, 'Bongao', 78, NULL, NULL),
(1523, 'Languyan', 78, NULL, NULL),
(1524, 'Mapun', 78, NULL, NULL),
(1525, 'Panglima Sugala', 78, NULL, NULL),
(1526, 'Sapa-Sapa', 78, NULL, NULL),
(1527, 'Sibutu', 78, NULL, NULL),
(1528, 'Simunul', 78, NULL, NULL),
(1529, 'Sitangkai', 78, NULL, NULL),
(1530, 'South Ubian', 78, NULL, NULL),
(1531, 'Tandubas', 78, NULL, NULL),
(1532, 'Turtle Islands', 78, NULL, NULL),
(1533, 'Botolan', 79, NULL, NULL),
(1534, 'Cabangan', 79, NULL, NULL),
(1535, 'Candelaria', 79, NULL, NULL),
(1536, 'Castillejos', 79, NULL, NULL),
(1537, 'Iba', 79, NULL, NULL),
(1538, 'Masinloc', 79, NULL, NULL),
(1539, 'Olongapo City', 79, NULL, NULL),
(1540, 'Palauig', 79, NULL, NULL),
(1541, 'San Antonio', 79, NULL, NULL),
(1542, 'San Felipe', 79, NULL, NULL),
(1543, 'San Marcelino', 79, NULL, NULL),
(1544, 'San Narciso', 79, NULL, NULL),
(1545, 'Santa Cruz', 79, NULL, NULL),
(1546, 'Subic', 79, NULL, NULL),
(1547, 'Baliguian', 80, NULL, NULL),
(1548, 'Dapitan', 80, NULL, NULL),
(1549, 'Dipolog', 80, NULL, NULL),
(1550, 'Godod', 80, NULL, NULL),
(1551, 'Gutalac', 80, NULL, NULL),
(1552, 'Jose Dalman', 80, NULL, NULL),
(1553, 'Kalawit', 80, NULL, NULL),
(1554, 'Katipunan', 80, NULL, NULL),
(1555, 'La Libertad', 80, NULL, NULL),
(1556, 'Labason', 80, NULL, NULL),
(1557, 'Leon B. Postigo', 80, NULL, NULL),
(1558, 'Liloy', 80, NULL, NULL),
(1559, 'Manukan', 80, NULL, NULL),
(1560, 'Mutia', 80, NULL, NULL),
(1561, 'Pinan', 80, NULL, NULL),
(1562, 'Polanco', 80, NULL, NULL),
(1563, 'President Manuel A. Roxas', 80, NULL, NULL),
(1564, 'Rizal', 80, NULL, NULL),
(1565, 'Salug', 80, NULL, NULL),
(1566, 'Sergio Osmeña Sr.', 80, NULL, NULL),
(1567, 'Siayan', 80, NULL, NULL),
(1568, 'Sibuco', 80, NULL, NULL),
(1569, 'Sibutad', 80, NULL, NULL),
(1570, 'Sindangan', 80, NULL, NULL),
(1571, 'Siocon', 80, NULL, NULL),
(1572, 'Sirawai', 80, NULL, NULL),
(1573, 'Tampilisan', 80, NULL, NULL),
(1574, 'Aurora', 81, NULL, NULL),
(1575, 'Bayog', 81, NULL, NULL),
(1576, 'Dimataling', 81, NULL, NULL),
(1577, 'Dinas', 81, NULL, NULL),
(1578, 'Dumalinao', 81, NULL, NULL),
(1579, 'Dumingag', 81, NULL, NULL),
(1580, 'Guipos', 81, NULL, NULL),
(1581, 'Josefina', 81, NULL, NULL),
(1582, 'Kumalarang', 81, NULL, NULL),
(1583, 'Labangan', 81, NULL, NULL),
(1584, 'Lakewood', 81, NULL, NULL),
(1585, 'Lapuyan', 81, NULL, NULL),
(1586, 'Mahayag', 81, NULL, NULL),
(1587, 'Margosatubig', 81, NULL, NULL),
(1588, 'Midsalip', 81, NULL, NULL),
(1589, 'Molave', 81, NULL, NULL),
(1590, 'Pagadian', 81, NULL, NULL),
(1591, 'Pitogo', 81, NULL, NULL),
(1592, 'Ramon Magsaysay', 81, NULL, NULL),
(1593, 'San Miguel', 81, NULL, NULL),
(1594, 'San Pablo', 81, NULL, NULL),
(1595, 'Sominot', 81, NULL, NULL),
(1596, 'Tabina', 81, NULL, NULL),
(1597, 'Tambulig', 81, NULL, NULL),
(1598, 'Tigbao', 81, NULL, NULL),
(1599, 'Tukuran', 81, NULL, NULL),
(1600, 'Vincenzo A. Sagun', 81, NULL, NULL),
(1601, 'Zamboanga City', 81, NULL, NULL),
(1602, 'Alicia', 82, NULL, NULL),
(1603, 'Buug', 82, NULL, NULL),
(1604, 'Diplahan', 82, NULL, NULL),
(1605, 'Imelda', 82, NULL, NULL),
(1606, 'Ipil', 82, NULL, NULL),
(1607, 'Kabasalan', 82, NULL, NULL),
(1608, 'Mabuhay', 82, NULL, NULL),
(1609, 'Malangas', 82, NULL, NULL),
(1610, 'Naga', 82, NULL, NULL),
(1611, 'Olutanga', 82, NULL, NULL),
(1612, 'Payao', 82, NULL, NULL),
(1613, 'Roseller T. Lim', 82, NULL, NULL),
(1614, 'Siay', 82, NULL, NULL),
(1615, 'Talusan', 82, NULL, NULL),
(1616, 'Titay', 82, NULL, NULL),
(1617, 'Tungawan', 82, NULL, NULL);

-- --------------------------------------------------------

--
-- Table structure for table `configs`
--

CREATE TABLE `configs` (
  `id` int(11) NOT NULL,
  `fee` decimal(10,2) DEFAULT NULL,
  `createdAt` datetime NOT NULL,
  `updatedAt` datetime NOT NULL,
  `config_id` int(11) DEFAULT NULL
) ENGINE=InnoDB DEFAULT CHARSET=utf8mb4;

-- --------------------------------------------------------

--
-- Table structure for table `game-assets`
--

CREATE TABLE `game-assets` (
  `id` int(11) NOT NULL,
  `gameId` int(11) NOT NULL,
  `name` varchar(255) NOT NULL,
  `createdAt` datetime DEFAULT NULL,
  `updatedAt` datetime DEFAULT NULL
) ENGINE=InnoDB DEFAULT CHARSET=utf8mb4;

--
-- Dumping data for table `game-assets`
--

INSERT INTO `game-assets` (`id`, `gameId`, `name`, `createdAt`, `updatedAt`) VALUES
(1, 1, 'aries', NULL, NULL),
(2, 1, 'cancer', NULL, NULL),
(3, 1, 'libra', NULL, NULL),
(4, 1, 'capricorn', NULL, NULL),
(5, 1, 'taurus', NULL, NULL),
(6, 1, 'leo', NULL, NULL),
(7, 1, 'scorpio', NULL, NULL),
(8, 1, 'aquarius', NULL, NULL),
(9, 1, 'gemini', NULL, NULL),
(10, 1, 'virgo', NULL, NULL),
(11, 1, 'sagittarius', NULL, NULL),
(12, 1, 'pisces', NULL, NULL);

-- --------------------------------------------------------

--
-- Table structure for table `game-match-bettings`
--

CREATE TABLE `game-match-bettings` (
  `id` int(11) NOT NULL,
  `matchBettorId` int(11) NOT NULL,
  `assetId` int(11) NOT NULL,
  `amount` decimal(10,2) NOT NULL,
  `createdAt` datetime NOT NULL DEFAULT current_timestamp(),
  `updatedAt` datetime NOT NULL DEFAULT current_timestamp() ON UPDATE current_timestamp()
) ENGINE=InnoDB DEFAULT CHARSET=utf8mb4;

-- --------------------------------------------------------

--
-- Table structure for table `game-match-bettors`
--

CREATE TABLE `game-match-bettors` (
  `id` int(11) NOT NULL,
  `userId` int(11) NOT NULL,
  `matchId` int(11) NOT NULL DEFAULT 0,
  `createdAt` datetime DEFAULT NULL,
  `updatedAt` datetime DEFAULT NULL,
  `assetId` int(11) DEFAULT NULL
) ENGINE=InnoDB DEFAULT CHARSET=utf8mb4;

-- --------------------------------------------------------

--
-- Table structure for table `game-matches`
--

CREATE TABLE `game-matches` (
  `id` int(11) NOT NULL,
  `gameId` int(11) NOT NULL,
  `status` enum('initial','open','lastcall','closed','winners','new') NOT NULL,
  `createdAt` datetime DEFAULT NULL,
  `updatedAt` datetime DEFAULT NULL
) ENGINE=InnoDB DEFAULT CHARSET=utf8mb4;

-- --------------------------------------------------------

--
-- Table structure for table `games`
--

CREATE TABLE `games` (
  `id` int(11) NOT NULL,
  `user_id` int(11) NOT NULL,
  `config_id` int(11) NOT NULL,
  `name` varchar(100) NOT NULL,
  `label` varchar(255) DEFAULT NULL,
  `gross` decimal(10,6) DEFAULT NULL,
  `createdAt` datetime NOT NULL,
  `updatedAt` datetime NOT NULL
) ENGINE=InnoDB DEFAULT CHARSET=utf8mb4;

--
-- Dumping data for table `games`
--

INSERT INTO `games` (`id`, `user_id`, `config_id`, `name`, `label`, `gross`, `createdAt`, `updatedAt`) VALUES
(1, 2, 1, 'Zodiac', NULL, '0.000000', '2024-05-31 19:04:40', '2024-05-31 19:04:40'),
(2, 2, 1, 'Zodiac', NULL, '0.000000', '2024-05-31 19:08:52', '2024-05-31 19:08:52');

-- --------------------------------------------------------

--
-- Table structure for table `games-list`
--

CREATE TABLE `games-list` (
  `id` int(11) NOT NULL,
  `name` varchar(255) NOT NULL,
  `label` varchar(255) NOT NULL,
  `createdAt` datetime DEFAULT NULL,
  `updatedAt` datetime DEFAULT NULL
) ENGINE=InnoDB DEFAULT CHARSET=utf8mb4;

--
-- Dumping data for table `games-list`
--

INSERT INTO `games-list` (`id`, `name`, `label`, `createdAt`, `updatedAt`) VALUES
(1, 'zodiac', 'Zodiac', '2024-05-31 11:16:54', '2024-05-31 11:16:54'),
(2, 'laglag', 'Lag Lag', '2024-05-31 11:16:54', '2024-05-31 11:16:54'),
(3, 'letra-karera', 'Letra Karera', '2024-05-31 11:16:54', '2024-05-31 11:16:54');

-- --------------------------------------------------------

--
-- Table structure for table `logs`
--

CREATE TABLE `logs` (
  `id` int(11) NOT NULL,
  `functionality` varchar(255) DEFAULT NULL,
  `message` text DEFAULT NULL,
  `level` varchar(50) DEFAULT NULL,
  `associatedId` int(11) NOT NULL,
  `associatedType` varchar(255) NOT NULL,
  `createdAt` datetime NOT NULL,
  `updatedAt` datetime NOT NULL,
  `userId` int(11) DEFAULT NULL
) ENGINE=InnoDB DEFAULT CHARSET=utf8mb4;

--
-- Dumping data for table `logs`
--

INSERT INTO `logs` (`id`, `functionality`, `message`, `level`, `associatedId`, `associatedType`, `createdAt`, `updatedAt`, `userId`) VALUES
(1, 'authentication', 'The mobile no. +639568198715 is successfully registered and OTP No. 111111 is sent', 'info', 1, 'user', '2024-05-31 11:19:44', '2024-05-31 11:19:44', NULL),
(2, 'authentication', 'The OTP No. 111111 was entered correctly and successfully registered.', 'info', 1, 'user', '2024-05-31 11:19:46', '2024-05-31 11:19:46', NULL),
(3, 'authentication', 'The mobile no. +639568198715 was login and an OTP No. 111111 is sent', 'info', 1, 'user', '2024-05-31 11:20:17', '2024-05-31 11:20:17', NULL),
(4, 'authentication', 'The OTP No. 111111 was entered correctly and successfully login.', 'info', 1, 'user', '2024-05-31 11:20:19', '2024-05-31 11:20:19', NULL),
(5, 'authentication', 'The mobile no. +639568198715 was login and an OTP No. 111111 is sent', 'info', 1, 'user', '2024-05-31 14:01:43', '2024-05-31 14:01:43', NULL),
(6, 'authentication', 'The OTP No. 111111 was entered correctly and successfully login.', 'info', 1, 'user', '2024-05-31 14:01:44', '2024-05-31 14:01:44', NULL),
(7, 'authentication', 'The mobile no. +639568198714 is successfully registered and OTP No. 111111 is sent', 'info', 2, 'user', '2024-05-31 18:58:02', '2024-05-31 18:58:02', NULL),
(8, 'authentication', 'The OTP No. 111111 was entered correctly and successfully registered.', 'info', 2, 'user', '2024-05-31 18:58:05', '2024-05-31 18:58:05', NULL),
(9, 'authentication', 'The mobile no. +639568198714 was login and an OTP No. 111111 is sent', 'info', 2, 'user', '2024-05-31 18:58:20', '2024-05-31 18:58:20', NULL),
(10, 'authentication', 'The OTP No. 111111 was entered correctly and successfully login.', 'info', 2, 'user', '2024-05-31 18:58:22', '2024-05-31 18:58:22', NULL),
(11, 'authentication', 'The mobile no. +639568198714 was login and an OTP No. 111111 is sent', 'info', 2, 'user', '2024-05-31 18:58:47', '2024-05-31 18:58:47', NULL),
(12, 'authentication', 'The OTP No. 111111 was entered correctly and successfully login.', 'info', 2, 'user', '2024-05-31 18:58:48', '2024-05-31 18:58:48', NULL),
(13, 'authentication', 'The mobile no. +639568198714 was login and an OTP No. 111111 is sent', 'info', 2, 'user', '2024-05-31 19:01:12', '2024-05-31 19:01:12', NULL),
(14, 'authentication', 'The OTP No. 111111 was entered correctly and successfully login.', 'info', 2, 'user', '2024-05-31 19:01:14', '2024-05-31 19:01:14', NULL),
(15, 'authentication', 'The mobile no. +639568198714 was login and an OTP No. 111111 is sent', 'info', 2, 'user', '2024-05-31 19:01:58', '2024-05-31 19:01:58', NULL),
(16, 'authentication', 'The OTP No. 111111 was entered correctly and successfully login.', 'info', 2, 'user', '2024-05-31 19:02:09', '2024-05-31 19:02:09', NULL);

-- --------------------------------------------------------

--
-- Table structure for table `migrations`
--

CREATE TABLE `migrations` (
  `name` varchar(255) COLLATE utf8_unicode_ci NOT NULL
) ENGINE=InnoDB DEFAULT CHARSET=utf8 COLLATE=utf8_unicode_ci;

--
-- Dumping data for table `migrations`
--

INSERT INTO `migrations` (`name`) VALUES
('20240413093227-create_logs_table.js'),
('20240413111324-create_sessions_table.js'),
('20240416093239-create_notifications_table.js'),
('20240418130153-create_user-groups_table.js'),
('20240425042753-create_addresses_table.js'),
('20240425043324-create_provinces_table.js'),
('20240425045452-create_cities_table.js'),
('20240425072121-create_barangays_table.js'),
('20240426064759-create_referrals_table.js'),
('20240510051919-create_bettings_table.js'),
('20240515020741-create_game_matches_table.js'),
('20240515023832-create_game_assets_table.js'),
('20240515032726-create_game_match_bettors_table.js'),
('20240518160319-create_game_match_bettings_table.js'),
('20240523104533-create_games_list_table.js');

-- --------------------------------------------------------

--
-- Table structure for table `notifications`
--

CREATE TABLE `notifications` (
  `id` int(11) NOT NULL,
  `userId` int(11) NOT NULL,
  `message` text NOT NULL,
  `module` varchar(255) NOT NULL,
  `reference` varchar(255) DEFAULT NULL,
  `type` enum('info','warning','error') NOT NULL,
  `isRead` tinyint(1) NOT NULL DEFAULT 0,
  `createdAt` datetime NOT NULL,
  `updatedAt` datetime NOT NULL
) ENGINE=InnoDB DEFAULT CHARSET=utf8mb4;

--
-- Dumping data for table `notifications`
--

INSERT INTO `notifications` (`id`, `userId`, `message`, `module`, `reference`, `type`, `isRead`, `createdAt`, `updatedAt`) VALUES
(1, 1, 'Welcome to Zodiac, Hi, We\'re excited to have you join our community of players,\n          here\'s what you need to fill up in your profile to get fully\n          verified and ready to cash out your winnings', 'profile', NULL, 'info', 0, '2024-05-31 11:19:44', '2024-05-31 11:19:44'),
(2, 2, 'Welcome to Zodiac, Hi, We\'re excited to have you join our community of players,\n          here\'s what you need to fill up in your profile to get fully\n          verified and ready to cash out your winnings', 'profile', NULL, 'info', 0, '2024-05-31 18:58:02', '2024-05-31 18:58:02');

-- --------------------------------------------------------

--
-- Table structure for table `provinces`
--

CREATE TABLE `provinces` (
  `id` int(11) NOT NULL,
  `name` varchar(255) NOT NULL,
  `createdAt` datetime DEFAULT NULL,
  `updatedAt` datetime DEFAULT NULL
) ENGINE=InnoDB DEFAULT CHARSET=utf8mb4;

--
-- Dumping data for table `provinces`
--

INSERT INTO `provinces` (`id`, `name`, `createdAt`, `updatedAt`) VALUES
(1, 'Abra', NULL, NULL),
(2, 'Agusan del Norte', NULL, NULL),
(3, 'Agusan del Sur', NULL, NULL),
(4, 'Aklan', NULL, NULL),
(5, 'Albay', NULL, NULL),
(6, 'Antique', NULL, NULL),
(7, 'Apayao', NULL, NULL),
(8, 'Aurora', NULL, NULL),
(9, 'Basilan', NULL, NULL),
(10, 'Bataan', NULL, NULL),
(11, 'Batanes', NULL, NULL),
(12, 'Batangas', NULL, NULL),
(13, 'Benguet', NULL, NULL),
(14, 'Biliran', NULL, NULL),
(15, 'Bohol', NULL, NULL),
(16, 'Bukidnon', NULL, NULL),
(17, 'Bulacan', NULL, NULL),
(18, 'Cagayan', NULL, NULL),
(19, 'Camarines Norte', NULL, NULL),
(20, 'Camarines Sur', NULL, NULL),
(21, 'Camiguin', NULL, NULL),
(22, 'Capiz', NULL, NULL),
(23, 'Catanduanes', NULL, NULL),
(24, 'Cavite', NULL, NULL),
(25, 'Cebu', NULL, NULL),
(26, 'Cotabato', NULL, NULL),
(27, 'Davao de Oro', NULL, NULL),
(28, 'Davao del Norte', NULL, NULL),
(29, 'Davao del Sur', NULL, NULL),
(30, 'Davao Occidental', NULL, NULL),
(31, 'Davao Oriental', NULL, NULL),
(32, 'Dinagat Islands', NULL, NULL),
(33, 'Eastern Samar', NULL, NULL),
(34, 'Guimaras', NULL, NULL),
(35, 'Ifugao', NULL, NULL),
(36, 'Ilocos Norte', NULL, NULL),
(37, 'Ilocos Sur', NULL, NULL),
(38, 'Iloilo', NULL, NULL),
(39, 'Isabela', NULL, NULL),
(40, 'Kalinga', NULL, NULL),
(41, 'La Union', NULL, NULL),
(42, 'Laguna', NULL, NULL),
(43, 'Lanao del Norte', NULL, NULL),
(44, 'Lanao del Sur', NULL, NULL),
(45, 'Leyte', NULL, NULL),
(46, 'Maguindanao', NULL, NULL),
(47, 'Marinduque', NULL, NULL),
(48, 'Masbate', NULL, NULL),
(49, 'Metro Manila', NULL, NULL),
(50, 'Misamis Occidental', NULL, NULL),
(51, 'Misamis Oriental', NULL, NULL),
(52, 'Mountain Province', NULL, NULL),
(53, 'Negros Occidental', NULL, NULL),
(54, 'Negros Oriental', NULL, NULL),
(55, 'Northern Samar', NULL, NULL),
(56, 'Nueva Ecija', NULL, NULL),
(57, 'Nueva Vizcaya', NULL, NULL),
(58, 'Occidental Mindoro', NULL, NULL),
(59, 'Oriental Mindoro', NULL, NULL),
(60, 'Palawan', NULL, NULL),
(61, 'Pampanga', NULL, NULL),
(62, 'Pangasinan', NULL, NULL),
(63, 'Quezon', NULL, NULL),
(64, 'Quirino', NULL, NULL),
(65, 'Rizal', NULL, NULL),
(66, 'Romblon', NULL, NULL),
(67, 'Samar', NULL, NULL),
(68, 'Sarangani', NULL, NULL),
(69, 'Siquijor', NULL, NULL),
(70, 'Sorsogon', NULL, NULL),
(71, 'South Cotabato', NULL, NULL),
(72, 'Southern Leyte', NULL, NULL),
(73, 'Sultan Kudarat', NULL, NULL),
(74, 'Sulu', NULL, NULL),
(75, 'Surigao del Norte', NULL, NULL),
(76, 'Surigao del Sur', NULL, NULL),
(77, 'Tarlac', NULL, NULL),
(78, 'Tawi-Tawi', NULL, NULL),
(79, 'Zambales', NULL, NULL),
(80, 'Zamboanga del Norte', NULL, NULL),
(81, 'Zamboanga del Sur', NULL, NULL),
(82, 'Zamboanga Sibugay', NULL, NULL);

-- --------------------------------------------------------

--
-- Table structure for table `referrals`
--

CREATE TABLE `referrals` (
  `id` int(11) NOT NULL,
  `inviterId` int(11) NOT NULL,
  `playerId` int(11) NOT NULL,
  `createdAt` datetime NOT NULL,
  `updatedAt` datetime NOT NULL
) ENGINE=InnoDB DEFAULT CHARSET=utf8mb4;

-- --------------------------------------------------------

--
-- Table structure for table `sessions`
--

CREATE TABLE `sessions` (
  `id` int(11) NOT NULL,
  `userId` int(11) NOT NULL,
  `ipAddress` varchar(255) DEFAULT NULL,
  `userAgent` longtext CHARACTER SET utf8mb4 COLLATE utf8mb4_bin DEFAULT NULL CHECK (json_valid(`userAgent`)),
  `expiration` datetime NOT NULL,
  `createdAt` datetime NOT NULL,
  `updatedAt` datetime NOT NULL
) ENGINE=InnoDB DEFAULT CHARSET=utf8mb4;

--
-- Dumping data for table `sessions`
--

INSERT INTO `sessions` (`id`, `userId`, `ipAddress`, `userAgent`, `expiration`, `createdAt`, `updatedAt`) VALUES
(6, 2, '::1', '\"{\\\"family\\\":\\\"Mobile Safari\\\",\\\"major\\\":\\\"16\\\",\\\"minor\\\":\\\"6\\\",\\\"patch\\\":\\\"0\\\",\\\"device\\\":{\\\"family\\\":\\\"iPhone\\\",\\\"major\\\":\\\"0\\\",\\\"minor\\\":\\\"0\\\",\\\"patch\\\":\\\"0\\\"},\\\"os\\\":{\\\"family\\\":\\\"iOS\\\",\\\"major\\\":\\\"16\\\",\\\"minor\\\":\\\"6\\\",\\\"patch\\\":\\\"0\\\"}}\"', '2024-06-01 19:02:09', '2024-05-31 19:02:09', '2024-05-31 19:02:09');

-- --------------------------------------------------------

--
-- Table structure for table `transactions`
--

CREATE TABLE `transactions` (
  `id` int(11) NOT NULL,
  `wallet_id` int(11) NOT NULL,
  `game_id` int(11) DEFAULT NULL,
  `amount` decimal(10,2) NOT NULL,
  `type` enum('bet','wonprize','deposit','load','withdrawal') NOT NULL,
  `status` varchar(255) NOT NULL DEFAULT 'INITIAL',
  `callbackId` varchar(255) NOT NULL DEFAULT '',
  `createdAt` datetime NOT NULL,
  `updatedAt` datetime NOT NULL
) ENGINE=InnoDB DEFAULT CHARSET=utf8mb4;

--
-- Dumping data for table `transactions`
--

INSERT INTO `transactions` (`id`, `wallet_id`, `game_id`, `amount`, `type`, `status`, `callbackId`, `createdAt`, `updatedAt`) VALUES
(2, 1, NULL, '200.00', 'deposit', 'SUCCESS', '54780318699229184', '2024-05-31 11:57:25', '2024-05-31 12:03:01');

-- --------------------------------------------------------

--
-- Table structure for table `user-groups`
--

CREATE TABLE `user-groups` (
  `id` int(11) NOT NULL,
  `parentId` int(11) NOT NULL,
  `childId` int(11) NOT NULL,
  `type` varchar(255) NOT NULL,
  `createdAt` datetime NOT NULL,
  `updatedAt` datetime NOT NULL
) ENGINE=InnoDB DEFAULT CHARSET=utf8mb4;

-- --------------------------------------------------------

--
-- Table structure for table `users`
--

CREATE TABLE `users` (
  `id` int(11) NOT NULL,
  `uuid` char(36) CHARACTER SET utf8mb4 COLLATE utf8mb4_bin NOT NULL,
  `accountId` varchar(255) DEFAULT NULL,
  `mobile` varchar(255) NOT NULL DEFAULT '',
  `otp` varchar(255) DEFAULT NULL,
  `firstName` varchar(255) NOT NULL DEFAULT '',
  `lastName` varchar(255) NOT NULL DEFAULT '',
  `nickName` varchar(255) NOT NULL DEFAULT '',
  `role` enum('superadmin','admin','supervisor','verifier','masteragent','agent','operator','moderator','accounting','player') NOT NULL DEFAULT 'player',
  `referralCodeForMA` varchar(255) DEFAULT NULL,
  `referralLinkForMA` varchar(255) DEFAULT NULL,
  `referralCodeForAgent` varchar(255) DEFAULT NULL,
  `referralLinkForAgent` varchar(255) DEFAULT NULL,
  `username` varchar(255) DEFAULT '',
  `email` varchar(255) DEFAULT '',
  `birthdate` datetime DEFAULT NULL,
  `placeOfBirth` varchar(255) DEFAULT NULL,
  `nationalities` varchar(255) DEFAULT NULL,
  `natureOfWork` varchar(255) DEFAULT NULL,
  `sourceOfIncome` varchar(255) DEFAULT NULL,
  `gender` int(11) NOT NULL DEFAULT 0,
  `address` varchar(255) DEFAULT NULL,
  `usePresentAddress` int(11) NOT NULL DEFAULT 0,
  `currentAddressId` int(11) DEFAULT NULL,
  `permanentAddressId` int(11) DEFAULT NULL,
  `profilePicture` varchar(255) DEFAULT NULL,
  `govtType` varchar(255) NOT NULL DEFAULT '0',
  `govtId` varchar(255) NOT NULL DEFAULT '',
  `govtPicture` varchar(255) DEFAULT NULL,
  `govtIdPicture` varchar(255) DEFAULT NULL,
  `password` varchar(255) NOT NULL DEFAULT '',
  `otpExpiration` datetime DEFAULT NULL,
  `otpMaxEntries` int(11) DEFAULT 20,
  `otpMaxEntriesExpiration` datetime DEFAULT NULL,
  `isMobileVerified` tinyint(1) NOT NULL DEFAULT 0,
  `isEmailVerified` tinyint(1) NOT NULL DEFAULT 0,
  `actionStatus` enum('new','forapproval','fordeactive','deactive','approved','deactivate','denied') NOT NULL DEFAULT 'new',
  `isSupervisorApproved` tinyint(1) NOT NULL DEFAULT 0,
  `isVerifierApproved` tinyint(1) NOT NULL DEFAULT 0,
  `isDenied` tinyint(1) NOT NULL DEFAULT 0,
  `isDeactivated` tinyint(1) NOT NULL DEFAULT 0,
  `supervisorWhoApprove` char(36) CHARACTER SET utf8mb4 COLLATE utf8mb4_bin DEFAULT NULL,
  `verifierWhoApprove` char(36) CHARACTER SET utf8mb4 COLLATE utf8mb4_bin DEFAULT NULL,
  `personWhoDeactivated` char(36) CHARACTER SET utf8mb4 COLLATE utf8mb4_bin DEFAULT NULL,
  `personWhoDenied` char(36) CHARACTER SET utf8mb4 COLLATE utf8mb4_bin DEFAULT NULL,
  `supervisorApprovedAt` datetime DEFAULT NULL,
  `verifierApprovedAt` datetime DEFAULT NULL,
  `deniedReason` text DEFAULT NULL,
  `deactivatedReason` text DEFAULT NULL,
  `deniedAt` datetime DEFAULT NULL,
  `deactivatedAt` datetime DEFAULT NULL,
  `commission` decimal(5,2) DEFAULT NULL,
  `createdAt` datetime DEFAULT NULL,
  `updatedAt` datetime DEFAULT NULL,
  `deletedAt` datetime DEFAULT NULL,
  `createdBy` int(11) DEFAULT NULL
) ENGINE=InnoDB DEFAULT CHARSET=utf8mb4;

--
-- Dumping data for table `users`
--

INSERT INTO `users` (`id`, `uuid`, `accountId`, `mobile`, `otp`, `firstName`, `lastName`, `nickName`, `role`, `referralCodeForMA`, `referralLinkForMA`, `referralCodeForAgent`, `referralLinkForAgent`, `username`, `email`, `birthdate`, `placeOfBirth`, `nationalities`, `natureOfWork`, `sourceOfIncome`, `gender`, `address`, `usePresentAddress`, `currentAddressId`, `permanentAddressId`, `profilePicture`, `govtType`, `govtId`, `govtPicture`, `govtIdPicture`, `password`, `otpExpiration`, `otpMaxEntries`, `otpMaxEntriesExpiration`, `isMobileVerified`, `isEmailVerified`, `actionStatus`, `isSupervisorApproved`, `isVerifierApproved`, `isDenied`, `isDeactivated`, `supervisorWhoApprove`, `verifierWhoApprove`, `personWhoDeactivated`, `personWhoDenied`, `supervisorApprovedAt`, `verifierApprovedAt`, `deniedReason`, `deactivatedReason`, `deniedAt`, `deactivatedAt`, `commission`, `createdAt`, `updatedAt`, `deletedAt`, `createdBy`) VALUES
(1, '07ed5cae-173a-4662-82c0-608b378ef8cc', '54770832500592640', '+639568198715', '111111', 'Edward', 'Nastro', 'edna05117151', 'superadmin', NULL, NULL, NULL, NULL, NULL, NULL, '1995-05-11 08:00:00', NULL, NULL, NULL, NULL, 0, NULL, 0, NULL, NULL, NULL, '0', '', NULL, NULL, '', '2024-05-31 14:02:51', 20, '2024-06-01 14:05:43', 1, 0, 'new', 0, 0, 0, 0, NULL, NULL, NULL, NULL, NULL, NULL, NULL, NULL, NULL, NULL, NULL, '2024-05-31 11:19:43', '2024-05-31 14:01:43', NULL, NULL),
(2, '36db65b3-223c-4168-8688-7cc30226a1d4', '54886172018610176', '+639568198714', '111111', 'Rommel', 'Bastil', 'roba05167142', 'moderator', NULL, NULL, NULL, NULL, NULL, NULL, '1997-05-16 08:00:00', NULL, NULL, NULL, NULL, 0, NULL, 0, NULL, NULL, NULL, '0', '', NULL, NULL, '', '2024-05-31 19:03:06', 20, '2024-06-01 19:05:58', 1, 0, 'new', 0, 0, 0, 0, NULL, NULL, NULL, NULL, NULL, NULL, NULL, NULL, NULL, NULL, NULL, '2024-05-31 18:58:02', '2024-05-31 19:01:58', NULL, NULL);

-- --------------------------------------------------------

--
-- Table structure for table `wallets`
--

CREATE TABLE `wallets` (
  `id` int(11) NOT NULL,
  `user_id` int(11) NOT NULL,
  `balance` decimal(10,2) NOT NULL DEFAULT 0.00,
  `createdAt` datetime NOT NULL,
  `updatedAt` datetime NOT NULL
) ENGINE=InnoDB DEFAULT CHARSET=utf8mb4;

--
-- Dumping data for table `wallets`
--

INSERT INTO `wallets` (`id`, `user_id`, `balance`, `createdAt`, `updatedAt`) VALUES
(1, 1, '400.00', '2024-05-31 11:19:46', '2024-05-31 12:03:01'),
(2, 2, '0.00', '2024-05-31 18:58:05', '2024-05-31 18:58:05');

--
-- Indexes for dumped tables
--

--
-- Indexes for table `addresses`
--
ALTER TABLE `addresses`
  ADD PRIMARY KEY (`id`),
  ADD KEY `provinceId` (`provinceId`),
  ADD KEY `barangayId` (`barangayId`),
  ADD KEY `cityId` (`cityId`);

--
-- Indexes for table `barangays`
--
ALTER TABLE `barangays`
  ADD PRIMARY KEY (`id`),
  ADD KEY `cityId` (`cityId`);

--
-- Indexes for table `bets`
--
ALTER TABLE `bets`
  ADD PRIMARY KEY (`id`),
  ADD KEY `game_id` (`game_id`);

--
-- Indexes for table `bettings`
--
ALTER TABLE `bettings`
  ADD PRIMARY KEY (`id`),
  ADD KEY `userId` (`userId`),
  ADD KEY `gameId` (`gameId`);

--
-- Indexes for table `cities`
--
ALTER TABLE `cities`
  ADD PRIMARY KEY (`id`),
  ADD KEY `provinceId` (`provinceId`);

--
-- Indexes for table `configs`
--
ALTER TABLE `configs`
  ADD PRIMARY KEY (`id`),
  ADD KEY `config_id` (`config_id`);

--
-- Indexes for table `game-assets`
--
ALTER TABLE `game-assets`
  ADD PRIMARY KEY (`id`),
  ADD UNIQUE KEY `name` (`name`),
  ADD KEY `gameId` (`gameId`);

--
-- Indexes for table `game-match-bettings`
--
ALTER TABLE `game-match-bettings`
  ADD PRIMARY KEY (`id`),
  ADD KEY `matchBettorId` (`matchBettorId`),
  ADD KEY `assetId` (`assetId`);

--
-- Indexes for table `game-match-bettors`
--
ALTER TABLE `game-match-bettors`
  ADD PRIMARY KEY (`id`),
  ADD KEY `matchId` (`matchId`),
  ADD KEY `assetId` (`assetId`);

--
-- Indexes for table `game-matches`
--
ALTER TABLE `game-matches`
  ADD PRIMARY KEY (`id`),
  ADD KEY `gameId` (`gameId`);

--
-- Indexes for table `games`
--
ALTER TABLE `games`
  ADD PRIMARY KEY (`id`);

--
-- Indexes for table `games-list`
--
ALTER TABLE `games-list`
  ADD PRIMARY KEY (`id`),
  ADD UNIQUE KEY `name` (`name`);

--
-- Indexes for table `logs`
--
ALTER TABLE `logs`
  ADD PRIMARY KEY (`id`),
  ADD KEY `logs_associated_id_associated_type` (`associatedId`,`associatedType`);

--
-- Indexes for table `migrations`
--
ALTER TABLE `migrations`
  ADD PRIMARY KEY (`name`),
  ADD UNIQUE KEY `name` (`name`);

--
-- Indexes for table `notifications`
--
ALTER TABLE `notifications`
  ADD PRIMARY KEY (`id`),
  ADD KEY `userId` (`userId`);

--
-- Indexes for table `provinces`
--
ALTER TABLE `provinces`
  ADD PRIMARY KEY (`id`),
  ADD UNIQUE KEY `name` (`name`);

--
-- Indexes for table `referrals`
--
ALTER TABLE `referrals`
  ADD PRIMARY KEY (`id`);

--
-- Indexes for table `sessions`
--
ALTER TABLE `sessions`
  ADD PRIMARY KEY (`id`),
  ADD KEY `userId` (`userId`);

--
-- Indexes for table `transactions`
--
ALTER TABLE `transactions`
  ADD PRIMARY KEY (`id`),
  ADD KEY `wallet_id` (`wallet_id`);

--
-- Indexes for table `user-groups`
--
ALTER TABLE `user-groups`
  ADD PRIMARY KEY (`id`);

--
-- Indexes for table `users`
--
ALTER TABLE `users`
  ADD PRIMARY KEY (`id`,`uuid`),
  ADD UNIQUE KEY `nickName` (`nickName`),
  ADD UNIQUE KEY `mobile` (`mobile`),
  ADD UNIQUE KEY `accountId` (`accountId`),
  ADD UNIQUE KEY `username` (`username`),
  ADD UNIQUE KEY `email` (`email`),
  ADD KEY `currentAddressId` (`currentAddressId`),
  ADD KEY `permanentAddressId` (`permanentAddressId`);

--
-- Indexes for table `wallets`
--
ALTER TABLE `wallets`
  ADD PRIMARY KEY (`id`),
  ADD UNIQUE KEY `user_id` (`user_id`);

--
-- AUTO_INCREMENT for dumped tables
--

--
-- AUTO_INCREMENT for table `addresses`
--
ALTER TABLE `addresses`
  MODIFY `id` int(11) NOT NULL AUTO_INCREMENT;

--
-- AUTO_INCREMENT for table `barangays`
--
ALTER TABLE `barangays`
  MODIFY `id` int(11) NOT NULL AUTO_INCREMENT, AUTO_INCREMENT=769;

--
-- AUTO_INCREMENT for table `bets`
--
ALTER TABLE `bets`
  MODIFY `id` int(11) NOT NULL AUTO_INCREMENT;

--
-- AUTO_INCREMENT for table `bettings`
--
ALTER TABLE `bettings`
  MODIFY `id` int(11) NOT NULL AUTO_INCREMENT;

--
-- AUTO_INCREMENT for table `cities`
--
ALTER TABLE `cities`
  MODIFY `id` int(11) NOT NULL AUTO_INCREMENT, AUTO_INCREMENT=1618;

--
-- AUTO_INCREMENT for table `configs`
--
ALTER TABLE `configs`
  MODIFY `id` int(11) NOT NULL AUTO_INCREMENT;

--
-- AUTO_INCREMENT for table `game-assets`
--
ALTER TABLE `game-assets`
  MODIFY `id` int(11) NOT NULL AUTO_INCREMENT, AUTO_INCREMENT=13;

--
-- AUTO_INCREMENT for table `game-match-bettings`
--
ALTER TABLE `game-match-bettings`
  MODIFY `id` int(11) NOT NULL AUTO_INCREMENT;

--
-- AUTO_INCREMENT for table `game-match-bettors`
--
ALTER TABLE `game-match-bettors`
  MODIFY `id` int(11) NOT NULL AUTO_INCREMENT;

--
-- AUTO_INCREMENT for table `game-matches`
--
ALTER TABLE `game-matches`
  MODIFY `id` int(11) NOT NULL AUTO_INCREMENT;

--
-- AUTO_INCREMENT for table `games`
--
ALTER TABLE `games`
  MODIFY `id` int(11) NOT NULL AUTO_INCREMENT, AUTO_INCREMENT=3;

--
-- AUTO_INCREMENT for table `games-list`
--
ALTER TABLE `games-list`
  MODIFY `id` int(11) NOT NULL AUTO_INCREMENT, AUTO_INCREMENT=4;

--
-- AUTO_INCREMENT for table `logs`
--
ALTER TABLE `logs`
  MODIFY `id` int(11) NOT NULL AUTO_INCREMENT, AUTO_INCREMENT=17;

--
-- AUTO_INCREMENT for table `notifications`
--
ALTER TABLE `notifications`
  MODIFY `id` int(11) NOT NULL AUTO_INCREMENT, AUTO_INCREMENT=3;

--
-- AUTO_INCREMENT for table `provinces`
--
ALTER TABLE `provinces`
  MODIFY `id` int(11) NOT NULL AUTO_INCREMENT, AUTO_INCREMENT=83;

--
-- AUTO_INCREMENT for table `referrals`
--
ALTER TABLE `referrals`
  MODIFY `id` int(11) NOT NULL AUTO_INCREMENT;

--
-- AUTO_INCREMENT for table `sessions`
--
ALTER TABLE `sessions`
  MODIFY `id` int(11) NOT NULL AUTO_INCREMENT, AUTO_INCREMENT=7;

--
-- AUTO_INCREMENT for table `transactions`
--
ALTER TABLE `transactions`
  MODIFY `id` int(11) NOT NULL AUTO_INCREMENT, AUTO_INCREMENT=3;

--
-- AUTO_INCREMENT for table `user-groups`
--
ALTER TABLE `user-groups`
  MODIFY `id` int(11) NOT NULL AUTO_INCREMENT;

--
-- AUTO_INCREMENT for table `users`
--
ALTER TABLE `users`
  MODIFY `id` int(11) NOT NULL AUTO_INCREMENT, AUTO_INCREMENT=3;

--
-- AUTO_INCREMENT for table `wallets`
--
ALTER TABLE `wallets`
  MODIFY `id` int(11) NOT NULL AUTO_INCREMENT, AUTO_INCREMENT=3;

--
-- Constraints for dumped tables
--

--
-- Constraints for table `addresses`
--
ALTER TABLE `addresses`
  ADD CONSTRAINT `addresses_ibfk_1` FOREIGN KEY (`provinceId`) REFERENCES `provinces` (`id`) ON DELETE SET NULL ON UPDATE CASCADE,
  ADD CONSTRAINT `addresses_ibfk_2` FOREIGN KEY (`barangayId`) REFERENCES `barangays` (`id`) ON DELETE SET NULL ON UPDATE CASCADE,
  ADD CONSTRAINT `addresses_ibfk_3` FOREIGN KEY (`cityId`) REFERENCES `cities` (`id`) ON DELETE SET NULL ON UPDATE CASCADE;

--
-- Constraints for table `barangays`
--
ALTER TABLE `barangays`
  ADD CONSTRAINT `barangays_ibfk_1` FOREIGN KEY (`cityId`) REFERENCES `cities` (`id`) ON DELETE NO ACTION ON UPDATE CASCADE;

--
-- Constraints for table `bets`
--
ALTER TABLE `bets`
  ADD CONSTRAINT `bets_ibfk_1` FOREIGN KEY (`game_id`) REFERENCES `games` (`id`) ON DELETE NO ACTION ON UPDATE CASCADE;

--
-- Constraints for table `bettings`
--
ALTER TABLE `bettings`
  ADD CONSTRAINT `bettings_ibfk_1` FOREIGN KEY (`userId`) REFERENCES `users` (`id`) ON DELETE CASCADE ON UPDATE CASCADE,
  ADD CONSTRAINT `bettings_ibfk_2` FOREIGN KEY (`gameId`) REFERENCES `games-list` (`id`) ON DELETE CASCADE ON UPDATE CASCADE;

--
-- Constraints for table `cities`
--
ALTER TABLE `cities`
  ADD CONSTRAINT `cities_ibfk_1` FOREIGN KEY (`provinceId`) REFERENCES `provinces` (`id`) ON DELETE NO ACTION ON UPDATE CASCADE;

--
-- Constraints for table `configs`
--
ALTER TABLE `configs`
  ADD CONSTRAINT `configs_ibfk_1` FOREIGN KEY (`config_id`) REFERENCES `games` (`id`) ON DELETE SET NULL ON UPDATE CASCADE;

--
-- Constraints for table `game-assets`
--
ALTER TABLE `game-assets`
  ADD CONSTRAINT `game-assets_ibfk_1` FOREIGN KEY (`gameId`) REFERENCES `games-list` (`id`) ON DELETE NO ACTION ON UPDATE CASCADE;

--
-- Constraints for table `game-match-bettings`
--
ALTER TABLE `game-match-bettings`
  ADD CONSTRAINT `game-match-bettings_ibfk_1` FOREIGN KEY (`matchBettorId`) REFERENCES `game-match-bettors` (`id`) ON DELETE CASCADE ON UPDATE CASCADE,
  ADD CONSTRAINT `game-match-bettings_ibfk_2` FOREIGN KEY (`assetId`) REFERENCES `game-assets` (`id`) ON DELETE CASCADE ON UPDATE CASCADE;

--
-- Constraints for table `game-match-bettors`
--
ALTER TABLE `game-match-bettors`
  ADD CONSTRAINT `game-match-bettors_ibfk_1` FOREIGN KEY (`matchId`) REFERENCES `game-matches` (`id`) ON DELETE NO ACTION ON UPDATE CASCADE,
  ADD CONSTRAINT `game-match-bettors_ibfk_2` FOREIGN KEY (`assetId`) REFERENCES `game-assets` (`id`) ON DELETE SET NULL ON UPDATE CASCADE;

--
-- Constraints for table `game-matches`
--
ALTER TABLE `game-matches`
  ADD CONSTRAINT `game-matches_ibfk_1` FOREIGN KEY (`gameId`) REFERENCES `games-list` (`id`) ON DELETE NO ACTION ON UPDATE CASCADE;

--
-- Constraints for table `notifications`
--
ALTER TABLE `notifications`
  ADD CONSTRAINT `notifications_ibfk_1` FOREIGN KEY (`userId`) REFERENCES `users` (`id`) ON DELETE CASCADE;

--
-- Constraints for table `sessions`
--
ALTER TABLE `sessions`
  ADD CONSTRAINT `sessions_ibfk_1` FOREIGN KEY (`userId`) REFERENCES `users` (`id`) ON DELETE CASCADE;

--
-- Constraints for table `transactions`
--
ALTER TABLE `transactions`
  ADD CONSTRAINT `transactions_ibfk_1` FOREIGN KEY (`wallet_id`) REFERENCES `wallets` (`id`) ON DELETE NO ACTION ON UPDATE CASCADE;

--
-- Constraints for table `users`
--
ALTER TABLE `users`
  ADD CONSTRAINT `users_ibfk_1` FOREIGN KEY (`currentAddressId`) REFERENCES `addresses` (`id`) ON DELETE SET NULL ON UPDATE CASCADE,
  ADD CONSTRAINT `users_ibfk_2` FOREIGN KEY (`permanentAddressId`) REFERENCES `addresses` (`id`) ON DELETE SET NULL ON UPDATE CASCADE;
COMMIT;

/*!40101 SET CHARACTER_SET_CLIENT=@OLD_CHARACTER_SET_CLIENT */;
/*!40101 SET CHARACTER_SET_RESULTS=@OLD_CHARACTER_SET_RESULTS */;
/*!40101 SET COLLATION_CONNECTION=@OLD_COLLATION_CONNECTION */;
