-- MySQL dump 10.13  Distrib 8.0.37, for Linux (x86_64)
--
-- Host: localhost    Database: zodiac8001
-- ------------------------------------------------------
-- Server version	8.0.37-0ubuntu0.22.04.3

/*!40101 SET @OLD_CHARACTER_SET_CLIENT=@@CHARACTER_SET_CLIENT */;
/*!40101 SET @OLD_CHARACTER_SET_RESULTS=@@CHARACTER_SET_RESULTS */;
/*!40101 SET @OLD_COLLATION_CONNECTION=@@COLLATION_CONNECTION */;
/*!50503 SET NAMES utf8mb4 */;
/*!40103 SET @OLD_TIME_ZONE=@@TIME_ZONE */;
/*!40103 SET TIME_ZONE='+00:00' */;
/*!40014 SET @OLD_UNIQUE_CHECKS=@@UNIQUE_CHECKS, UNIQUE_CHECKS=0 */;
/*!40014 SET @OLD_FOREIGN_KEY_CHECKS=@@FOREIGN_KEY_CHECKS, FOREIGN_KEY_CHECKS=0 */;
/*!40101 SET @OLD_SQL_MODE=@@SQL_MODE, SQL_MODE='NO_AUTO_VALUE_ON_ZERO' */;
/*!40111 SET @OLD_SQL_NOTES=@@SQL_NOTES, SQL_NOTES=0 */;

--
-- Table structure for table `addresses`
--

DROP TABLE IF EXISTS `addresses`;
/*!40101 SET @saved_cs_client     = @@character_set_client */;
/*!50503 SET character_set_client = utf8mb4 */;
CREATE TABLE `addresses` (
  `id` int NOT NULL AUTO_INCREMENT,
  `street` varchar(255) NOT NULL,
  `provinceId` int DEFAULT NULL,
  `barangayId` int DEFAULT NULL,
  `cityId` int DEFAULT NULL,
  `zipCode` varchar(4) NOT NULL,
  `createdAt` datetime NOT NULL,
  `updatedAt` datetime NOT NULL,
  PRIMARY KEY (`id`),
  KEY `provinceId` (`provinceId`),
  KEY `barangayId` (`barangayId`),
  KEY `cityId` (`cityId`),
  CONSTRAINT `addresses_ibfk_1` FOREIGN KEY (`provinceId`) REFERENCES `provinces` (`id`) ON DELETE SET NULL ON UPDATE CASCADE,
  CONSTRAINT `addresses_ibfk_2` FOREIGN KEY (`barangayId`) REFERENCES `barangays` (`id`) ON DELETE SET NULL ON UPDATE CASCADE,
  CONSTRAINT `addresses_ibfk_3` FOREIGN KEY (`cityId`) REFERENCES `cities` (`id`) ON DELETE SET NULL ON UPDATE CASCADE
) ENGINE=InnoDB DEFAULT CHARSET=utf8mb4 COLLATE=utf8mb4_0900_ai_ci;
/*!40101 SET character_set_client = @saved_cs_client */;

--
-- Dumping data for table `addresses`
--

LOCK TABLES `addresses` WRITE;
/*!40000 ALTER TABLE `addresses` DISABLE KEYS */;
/*!40000 ALTER TABLE `addresses` ENABLE KEYS */;
UNLOCK TABLES;

--
-- Table structure for table `agentReferrals`
--

DROP TABLE IF EXISTS `agentReferrals`;
/*!40101 SET @saved_cs_client     = @@character_set_client */;
/*!50503 SET character_set_client = utf8mb4 */;
CREATE TABLE `agentReferrals` (
  `id` int NOT NULL AUTO_INCREMENT,
  `recruitId` int NOT NULL,
  `referralCodeId` int NOT NULL,
  `status` enum('Pending','Approved','Denied') DEFAULT 'Pending',
  PRIMARY KEY (`id`)
) ENGINE=InnoDB AUTO_INCREMENT=7 DEFAULT CHARSET=utf8mb4 COLLATE=utf8mb4_0900_ai_ci;
/*!40101 SET character_set_client = @saved_cs_client */;

--
-- Dumping data for table `agentReferrals`
--

LOCK TABLES `agentReferrals` WRITE;
/*!40000 ALTER TABLE `agentReferrals` DISABLE KEYS */;
INSERT INTO `agentReferrals` VALUES (1,3,1,'Pending'),(2,4,1,'Pending'),(3,5,1,'Pending'),(4,6,2,'Pending'),(5,7,2,'Pending'),(6,8,2,'Pending');
/*!40000 ALTER TABLE `agentReferrals` ENABLE KEYS */;
UNLOCK TABLES;

--
-- Table structure for table `agents`
--

DROP TABLE IF EXISTS `agents`;
/*!40101 SET @saved_cs_client     = @@character_set_client */;
/*!50503 SET character_set_client = utf8mb4 */;
CREATE TABLE `agents` (
  `id` int NOT NULL,
  `userId` int NOT NULL,
  `referralId` varchar(10) DEFAULT NULL,
  `type` enum('Master Agent','Agent') DEFAULT 'Agent',
  `commisions` decimal(10,4) NOT NULL DEFAULT '0.0000',
  PRIMARY KEY (`id`)
) ENGINE=InnoDB DEFAULT CHARSET=utf8mb4 COLLATE=utf8mb4_0900_ai_ci;
/*!40101 SET character_set_client = @saved_cs_client */;

--
-- Dumping data for table `agents`
--

LOCK TABLES `agents` WRITE;
/*!40000 ALTER TABLE `agents` DISABLE KEYS */;
INSERT INTO `agents` VALUES (1,1,'1','Agent',0.0000),(2,2,'2','Agent',0.0000),(3,3,'3','Agent',0.0000),(4,4,'3','Agent',0.0000),(5,5,'2','Agent',0.0000),(6,6,'6','Agent',0.0000),(7,7,'6','Agent',0.0000);
/*!40000 ALTER TABLE `agents` ENABLE KEYS */;
UNLOCK TABLES;

--
-- Table structure for table `barangays`
--

DROP TABLE IF EXISTS `barangays`;
/*!40101 SET @saved_cs_client     = @@character_set_client */;
/*!50503 SET character_set_client = utf8mb4 */;
CREATE TABLE `barangays` (
  `id` int NOT NULL AUTO_INCREMENT,
  `name` varchar(255) NOT NULL,
  `cityId` int NOT NULL,
  `createdAt` datetime NOT NULL,
  `updatedAt` datetime NOT NULL,
  PRIMARY KEY (`id`),
  KEY `cityId` (`cityId`),
  CONSTRAINT `barangays_ibfk_1` FOREIGN KEY (`cityId`) REFERENCES `cities` (`id`) ON UPDATE CASCADE
) ENGINE=InnoDB AUTO_INCREMENT=769 DEFAULT CHARSET=utf8mb4 COLLATE=utf8mb4_0900_ai_ci;
/*!40101 SET character_set_client = @saved_cs_client */;

--
-- Dumping data for table `barangays`
--

LOCK TABLES `barangays` WRITE;
/*!40000 ALTER TABLE `barangays` DISABLE KEYS */;
INSERT INTO `barangays` VALUES (1,'Addition Hills',22,'2024-06-10 11:09:24','2024-06-10 11:09:24'),(2,'Balong-Bato',22,'2024-06-10 11:09:24','2024-06-10 11:09:24'),(3,'Batis',22,'2024-06-10 11:09:24','2024-06-10 11:09:24'),(4,'Corazon de Jesus',22,'2024-06-10 11:09:24','2024-06-10 11:09:24'),(5,'Ermitaño',22,'2024-06-10 11:09:24','2024-06-10 11:09:24'),(6,'Greenhills',22,'2024-06-10 11:09:24','2024-06-10 11:09:24'),(7,'Isabelita',22,'2024-06-10 11:09:24','2024-06-10 11:09:24'),(8,'Kabayanan',22,'2024-06-10 11:09:24','2024-06-10 11:09:24'),(9,'Little Baguio',22,'2024-06-10 11:09:24','2024-06-10 11:09:24'),(10,'Maytunas',22,'2024-06-10 11:09:24','2024-06-10 11:09:24'),(11,'Onse',22,'2024-06-10 11:09:24','2024-06-10 11:09:24'),(12,'Pasadena',22,'2024-06-10 11:09:24','2024-06-10 11:09:24'),(13,'Pedro Cruz',22,'2024-06-10 11:09:24','2024-06-10 11:09:24'),(14,'Progreso',22,'2024-06-10 11:09:24','2024-06-10 11:09:24'),(15,'Rivera',22,'2024-06-10 11:09:24','2024-06-10 11:09:24'),(16,'Salapan',22,'2024-06-10 11:09:24','2024-06-10 11:09:24'),(17,'San Perfecto',22,'2024-06-10 11:09:24','2024-06-10 11:09:24'),(18,'St. Joseph',22,'2024-06-10 11:09:24','2024-06-10 11:09:24'),(19,'Sta. Lucia',22,'2024-06-10 11:09:24','2024-06-10 11:09:24'),(20,'Sta. Teresita',22,'2024-06-10 11:09:24','2024-06-10 11:09:24'),(21,'Tibagan',22,'2024-06-10 11:09:24','2024-06-10 11:09:24'),(22,'West Crame',22,'2024-06-10 11:09:24','2024-06-10 11:09:24'),(23,'Addition Hills',167,'2024-06-10 11:09:24','2024-06-10 11:09:24'),(24,'Balong-Bato',167,'2024-06-10 11:09:24','2024-06-10 11:09:24'),(25,'Batis',167,'2024-06-10 11:09:24','2024-06-10 11:09:24'),(26,'Corazon de Jesus',167,'2024-06-10 11:09:24','2024-06-10 11:09:24'),(27,'Ermitaño',167,'2024-06-10 11:09:24','2024-06-10 11:09:24'),(28,'Greenhills',167,'2024-06-10 11:09:24','2024-06-10 11:09:24'),(29,'Isabelita',167,'2024-06-10 11:09:24','2024-06-10 11:09:24'),(30,'Kabayanan',167,'2024-06-10 11:09:24','2024-06-10 11:09:24'),(31,'Little Baguio',167,'2024-06-10 11:09:24','2024-06-10 11:09:24'),(32,'Maytunas',167,'2024-06-10 11:09:24','2024-06-10 11:09:24'),(33,'Onse',167,'2024-06-10 11:09:24','2024-06-10 11:09:24'),(34,'Pasadena',167,'2024-06-10 11:09:24','2024-06-10 11:09:24'),(35,'Pedro Cruz',167,'2024-06-10 11:09:24','2024-06-10 11:09:24'),(36,'Progreso',167,'2024-06-10 11:09:24','2024-06-10 11:09:24'),(37,'Rivera',167,'2024-06-10 11:09:24','2024-06-10 11:09:24'),(38,'Salapan',167,'2024-06-10 11:09:24','2024-06-10 11:09:24'),(39,'San Perfecto',167,'2024-06-10 11:09:24','2024-06-10 11:09:24'),(40,'St. Joseph',167,'2024-06-10 11:09:24','2024-06-10 11:09:24'),(41,'Sta. Lucia',167,'2024-06-10 11:09:24','2024-06-10 11:09:24'),(42,'Sta. Teresita',167,'2024-06-10 11:09:24','2024-06-10 11:09:24'),(43,'Tibagan',167,'2024-06-10 11:09:24','2024-06-10 11:09:24'),(44,'West Crame',167,'2024-06-10 11:09:24','2024-06-10 11:09:24'),(45,'Addition Hills',637,'2024-06-10 11:09:24','2024-06-10 11:09:24'),(46,'Balong-Bato',637,'2024-06-10 11:09:24','2024-06-10 11:09:24'),(47,'Batis',637,'2024-06-10 11:09:24','2024-06-10 11:09:24'),(48,'Corazon de Jesus',637,'2024-06-10 11:09:24','2024-06-10 11:09:24'),(49,'Ermitaño',637,'2024-06-10 11:09:24','2024-06-10 11:09:24'),(50,'Greenhills',637,'2024-06-10 11:09:24','2024-06-10 11:09:24'),(51,'Isabelita',637,'2024-06-10 11:09:24','2024-06-10 11:09:24'),(52,'Kabayanan',637,'2024-06-10 11:09:24','2024-06-10 11:09:24'),(53,'Little Baguio',637,'2024-06-10 11:09:24','2024-06-10 11:09:24'),(54,'Maytunas',637,'2024-06-10 11:09:24','2024-06-10 11:09:24'),(55,'Onse',637,'2024-06-10 11:09:24','2024-06-10 11:09:24'),(56,'Pasadena',637,'2024-06-10 11:09:24','2024-06-10 11:09:24'),(57,'Pedro Cruz',637,'2024-06-10 11:09:24','2024-06-10 11:09:24'),(58,'Progreso',637,'2024-06-10 11:09:24','2024-06-10 11:09:24'),(59,'Rivera',637,'2024-06-10 11:09:24','2024-06-10 11:09:24'),(60,'Salapan',637,'2024-06-10 11:09:24','2024-06-10 11:09:24'),(61,'San Perfecto',637,'2024-06-10 11:09:24','2024-06-10 11:09:24'),(62,'St. Joseph',637,'2024-06-10 11:09:24','2024-06-10 11:09:24'),(63,'Sta. Lucia',637,'2024-06-10 11:09:24','2024-06-10 11:09:24'),(64,'Sta. Teresita',637,'2024-06-10 11:09:24','2024-06-10 11:09:24'),(65,'Tibagan',637,'2024-06-10 11:09:24','2024-06-10 11:09:24'),(66,'West Crame',637,'2024-06-10 11:09:24','2024-06-10 11:09:24'),(67,'Addition Hills',755,'2024-06-10 11:09:24','2024-06-10 11:09:24'),(68,'Balong-Bato',755,'2024-06-10 11:09:24','2024-06-10 11:09:24'),(69,'Batis',755,'2024-06-10 11:09:24','2024-06-10 11:09:24'),(70,'Corazon de Jesus',755,'2024-06-10 11:09:24','2024-06-10 11:09:24'),(71,'Ermitaño',755,'2024-06-10 11:09:24','2024-06-10 11:09:24'),(72,'Greenhills',755,'2024-06-10 11:09:24','2024-06-10 11:09:24'),(73,'Isabelita',755,'2024-06-10 11:09:24','2024-06-10 11:09:24'),(74,'Kabayanan',755,'2024-06-10 11:09:24','2024-06-10 11:09:24'),(75,'Little Baguio',755,'2024-06-10 11:09:24','2024-06-10 11:09:24'),(76,'Maytunas',755,'2024-06-10 11:09:24','2024-06-10 11:09:24'),(77,'Onse',755,'2024-06-10 11:09:24','2024-06-10 11:09:24'),(78,'Pasadena',755,'2024-06-10 11:09:24','2024-06-10 11:09:24'),(79,'Pedro Cruz',755,'2024-06-10 11:09:24','2024-06-10 11:09:24'),(80,'Progreso',755,'2024-06-10 11:09:24','2024-06-10 11:09:24'),(81,'Rivera',755,'2024-06-10 11:09:24','2024-06-10 11:09:24'),(82,'Salapan',755,'2024-06-10 11:09:24','2024-06-10 11:09:24'),(83,'San Perfecto',755,'2024-06-10 11:09:24','2024-06-10 11:09:24'),(84,'St. Joseph',755,'2024-06-10 11:09:24','2024-06-10 11:09:24'),(85,'Sta. Lucia',755,'2024-06-10 11:09:24','2024-06-10 11:09:24'),(86,'Sta. Teresita',755,'2024-06-10 11:09:24','2024-06-10 11:09:24'),(87,'Tibagan',755,'2024-06-10 11:09:24','2024-06-10 11:09:24'),(88,'West Crame',755,'2024-06-10 11:09:24','2024-06-10 11:09:24'),(89,'Bagong Silang',957,'2024-06-10 11:09:24','2024-06-10 11:09:24'),(90,'Barrio San Jose',957,'2024-06-10 11:09:24','2024-06-10 11:09:24'),(91,'Kaybiga',957,'2024-06-10 11:09:24','2024-06-10 11:09:24'),(92,'Bagumbong',957,'2024-06-10 11:09:24','2024-06-10 11:09:24'),(93,'Bankers Village',957,'2024-06-10 11:09:24','2024-06-10 11:09:24'),(94,'Canumay East',957,'2024-06-10 11:09:24','2024-06-10 11:09:24'),(95,'Deparo',957,'2024-06-10 11:09:24','2024-06-10 11:09:24'),(96,'Llano',957,'2024-06-10 11:09:24','2024-06-10 11:09:24'),(97,'Novaliches Proper',957,'2024-06-10 11:09:24','2024-06-10 11:09:24'),(98,'San Agustin',957,'2024-06-10 11:09:24','2024-06-10 11:09:24'),(99,'San Jose',957,'2024-06-10 11:09:24','2024-06-10 11:09:24'),(100,'San Roque',957,'2024-06-10 11:09:24','2024-06-10 11:09:24'),(101,'Santa Quiteria',957,'2024-06-10 11:09:24','2024-06-10 11:09:24'),(102,'Tala',957,'2024-06-10 11:09:24','2024-06-10 11:09:24'),(103,'Zabarte',957,'2024-06-10 11:09:24','2024-06-10 11:09:24'),(104,'Almanza Uno',958,'2024-06-10 11:09:24','2024-06-10 11:09:24'),(105,'BF International',958,'2024-06-10 11:09:24','2024-06-10 11:09:24'),(106,'Manuyo Uno',958,'2024-06-10 11:09:24','2024-06-10 11:09:24'),(107,'Pamplona Uno',958,'2024-06-10 11:09:24','2024-06-10 11:09:24'),(108,'Pilar Village',958,'2024-06-10 11:09:24','2024-06-10 11:09:24'),(109,'Talon Uno',958,'2024-06-10 11:09:24','2024-06-10 11:09:24'),(110,'Zapote',958,'2024-06-10 11:09:24','2024-06-10 11:09:24'),(111,'CAA-BF International',958,'2024-06-10 11:09:24','2024-06-10 11:09:24'),(112,'Manuyo Dos',958,'2024-06-10 11:09:24','2024-06-10 11:09:24'),(113,'Pamplona Dos',958,'2024-06-10 11:09:24','2024-06-10 11:09:24'),(114,'Pulang Lupa Uno',958,'2024-06-10 11:09:24','2024-06-10 11:09:24'),(115,'Talon Dos',958,'2024-06-10 11:09:24','2024-06-10 11:09:24'),(116,'Zapote II',958,'2024-06-10 11:09:24','2024-06-10 11:09:24'),(117,'Bel-Air',959,'2024-06-10 11:09:24','2024-06-10 11:09:24'),(118,'Forbes Park',959,'2024-06-10 11:09:24','2024-06-10 11:09:24'),(119,'Guadalupe Nuevo',959,'2024-06-10 11:09:24','2024-06-10 11:09:24'),(120,'Kasilawan',959,'2024-06-10 11:09:24','2024-06-10 11:09:24'),(121,'Palanan',959,'2024-06-10 11:09:24','2024-06-10 11:09:24'),(122,'Pinagkaisahan',959,'2024-06-10 11:09:24','2024-06-10 11:09:24'),(123,'Pio del Pilar',959,'2024-06-10 11:09:24','2024-06-10 11:09:24'),(124,'San Antonio',959,'2024-06-10 11:09:24','2024-06-10 11:09:24'),(125,'San Isidro',959,'2024-06-10 11:09:24','2024-06-10 11:09:24'),(126,'San Lorenzo',959,'2024-06-10 11:09:24','2024-06-10 11:09:24'),(127,'Santa Cruz',959,'2024-06-10 11:09:24','2024-06-10 11:09:24'),(128,'Singkamas',959,'2024-06-10 11:09:24','2024-06-10 11:09:24'),(129,'Tejeros',959,'2024-06-10 11:09:24','2024-06-10 11:09:24'),(130,'Urdaneta',959,'2024-06-10 11:09:24','2024-06-10 11:09:24'),(131,'Acacia',960,'2024-06-10 11:09:24','2024-06-10 11:09:24'),(132,'Baritan',960,'2024-06-10 11:09:24','2024-06-10 11:09:24'),(133,'Catmon',960,'2024-06-10 11:09:24','2024-06-10 11:09:24'),(134,'Concepcion',960,'2024-06-10 11:09:24','2024-06-10 11:09:24'),(135,'Dampalit',960,'2024-06-10 11:09:24','2024-06-10 11:09:24'),(136,'Flores',960,'2024-06-10 11:09:24','2024-06-10 11:09:24'),(137,'Hulong Duhat',960,'2024-06-10 11:09:24','2024-06-10 11:09:24'),(138,'Ibaba',960,'2024-06-10 11:09:24','2024-06-10 11:09:24'),(139,'Longos',960,'2024-06-10 11:09:24','2024-06-10 11:09:24'),(140,'Maysilo',960,'2024-06-10 11:09:24','2024-06-10 11:09:24'),(141,'Muzon',960,'2024-06-10 11:09:24','2024-06-10 11:09:24'),(142,'Niugan',960,'2024-06-10 11:09:24','2024-06-10 11:09:24'),(143,'Potrero',960,'2024-06-10 11:09:24','2024-06-10 11:09:24'),(144,'San Agustin',960,'2024-06-10 11:09:24','2024-06-10 11:09:24'),(145,'Santolan',960,'2024-06-10 11:09:24','2024-06-10 11:09:24'),(146,'Tañong',960,'2024-06-10 11:09:24','2024-06-10 11:09:24'),(147,'Tugatog',960,'2024-06-10 11:09:24','2024-06-10 11:09:24'),(148,'Tonsuya',960,'2024-06-10 11:09:24','2024-06-10 11:09:24'),(149,'Tinajeros',960,'2024-06-10 11:09:24','2024-06-10 11:09:24'),(150,'Tonsuya',960,'2024-06-10 11:09:24','2024-06-10 11:09:24'),(151,'Addition Hills',961,'2024-06-10 11:09:24','2024-06-10 11:09:24'),(152,'Bagong Silang',961,'2024-06-10 11:09:24','2024-06-10 11:09:24'),(153,'Barangka Drive',961,'2024-06-10 11:09:24','2024-06-10 11:09:24'),(154,'Barangka Ibaba',961,'2024-06-10 11:09:24','2024-06-10 11:09:24'),(155,'Barangka Ilaya',961,'2024-06-10 11:09:24','2024-06-10 11:09:24'),(156,'Barangka Itaas',961,'2024-06-10 11:09:24','2024-06-10 11:09:24'),(157,'Burol',961,'2024-06-10 11:09:24','2024-06-10 11:09:24'),(158,'Daang Bakal',961,'2024-06-10 11:09:24','2024-06-10 11:09:24'),(159,'Hagdang Bato Itaas',961,'2024-06-10 11:09:24','2024-06-10 11:09:24'),(160,'Hagdang Bato Libis',961,'2024-06-10 11:09:24','2024-06-10 11:09:24'),(161,'Harapin Ang Bukas',961,'2024-06-10 11:09:24','2024-06-10 11:09:24'),(162,'Highway Hills',961,'2024-06-10 11:09:24','2024-06-10 11:09:24'),(163,'Hulo',961,'2024-06-10 11:09:24','2024-06-10 11:09:24'),(164,'Mabini-J. Rizal',961,'2024-06-10 11:09:24','2024-06-10 11:09:24'),(165,'Malamig',961,'2024-06-10 11:09:24','2024-06-10 11:09:24'),(166,'Mauway',961,'2024-06-10 11:09:24','2024-06-10 11:09:24'),(167,'Namayan',961,'2024-06-10 11:09:24','2024-06-10 11:09:24'),(168,'New Zañiga',961,'2024-06-10 11:09:24','2024-06-10 11:09:24'),(169,'Old Zañiga',961,'2024-06-10 11:09:24','2024-06-10 11:09:24'),(170,'Pag-asa',961,'2024-06-10 11:09:24','2024-06-10 11:09:24'),(171,'Plainview',961,'2024-06-10 11:09:24','2024-06-10 11:09:24'),(172,'Pleasant Hills',961,'2024-06-10 11:09:24','2024-06-10 11:09:24'),(173,'Poblacion',961,'2024-06-10 11:09:24','2024-06-10 11:09:24'),(174,'San Jose',961,'2024-06-10 11:09:24','2024-06-10 11:09:24'),(175,'Vergara',961,'2024-06-10 11:09:24','2024-06-10 11:09:24'),(176,'1003',962,'2024-06-10 11:09:24','2024-06-10 11:09:24'),(177,'Adriatico',962,'2024-06-10 11:09:24','2024-06-10 11:09:24'),(178,'Baliwag',962,'2024-06-10 11:09:24','2024-06-10 11:09:24'),(179,'Balut',962,'2024-06-10 11:09:24','2024-06-10 11:09:24'),(180,'Basilica',962,'2024-06-10 11:09:24','2024-06-10 11:09:24'),(181,'Binondo',962,'2024-06-10 11:09:24','2024-06-10 11:09:24'),(182,'Blumentritt',962,'2024-06-10 11:09:24','2024-06-10 11:09:24'),(183,'Bolton',962,'2024-06-10 11:09:24','2024-06-10 11:09:24'),(184,'Boni',962,'2024-06-10 11:09:24','2024-06-10 11:09:24'),(185,'Boulevard',962,'2024-06-10 11:09:24','2024-06-10 11:09:24'),(186,'Buting',962,'2024-06-10 11:09:24','2024-06-10 11:09:24'),(187,'Caniogan',962,'2024-06-10 11:09:24','2024-06-10 11:09:24'),(188,'Carriedo',962,'2024-06-10 11:09:24','2024-06-10 11:09:24'),(189,'Claro M. Recto',962,'2024-06-10 11:09:24','2024-06-10 11:09:24'),(190,'Commonwealth',962,'2024-06-10 11:09:24','2024-06-10 11:09:24'),(191,'Concepcion',962,'2024-06-10 11:09:24','2024-06-10 11:09:24'),(192,'Daanghari',962,'2024-06-10 11:09:24','2024-06-10 11:09:24'),(193,'Dasmarinas',962,'2024-06-10 11:09:24','2024-06-10 11:09:24'),(194,'Divisoria',962,'2024-06-10 11:09:24','2024-06-10 11:09:24'),(195,'Ermita',962,'2024-06-10 11:09:24','2024-06-10 11:09:24'),(196,'Escolta',962,'2024-06-10 11:09:24','2024-06-10 11:09:24'),(197,'Grace Park',962,'2024-06-10 11:09:24','2024-06-10 11:09:24'),(198,'Ibaba',962,'2024-06-10 11:09:24','2024-06-10 11:09:24'),(199,'Intramuros',962,'2024-06-10 11:09:24','2024-06-10 11:09:24'),(200,'La Loma',962,'2024-06-10 11:09:24','2024-06-10 11:09:24'),(201,'Lilac',962,'2024-06-10 11:09:24','2024-06-10 11:09:24'),(202,'Mabini',962,'2024-06-10 11:09:24','2024-06-10 11:09:24'),(203,'Malanday',962,'2024-06-10 11:09:24','2024-06-10 11:09:24'),(204,'Malibay',962,'2024-06-10 11:09:24','2024-06-10 11:09:24'),(205,'Mandala',962,'2024-06-10 11:09:24','2024-06-10 11:09:24'),(206,'Manggahan',962,'2024-06-10 11:09:24','2024-06-10 11:09:24'),(207,'Maybunga',962,'2024-06-10 11:09:24','2024-06-10 11:09:24'),(208,'Napindan',962,'2024-06-10 11:09:24','2024-06-10 11:09:24'),(209,'Navotas',962,'2024-06-10 11:09:24','2024-06-10 11:09:24'),(210,'Paco',962,'2024-06-10 11:09:24','2024-06-10 11:09:24'),(211,'Pamplona',962,'2024-06-10 11:09:24','2024-06-10 11:09:24'),(212,'Pandacan',962,'2024-06-10 11:09:24','2024-06-10 11:09:24'),(213,'Pasig',962,'2024-06-10 11:09:24','2024-06-10 11:09:24'),(214,'Port Area',962,'2024-06-10 11:09:24','2024-06-10 11:09:24'),(215,'Quiapo',962,'2024-06-10 11:09:24','2024-06-10 11:09:24'),(216,'San Andres',962,'2024-06-10 11:09:24','2024-06-10 11:09:24'),(217,'San Juan',962,'2024-06-10 11:09:24','2024-06-10 11:09:24'),(218,'San Nicolas',962,'2024-06-10 11:09:24','2024-06-10 11:09:24'),(219,'San Pedro',962,'2024-06-10 11:09:24','2024-06-10 11:09:24'),(220,'San Roque',962,'2024-06-10 11:09:24','2024-06-10 11:09:24'),(221,'Santa Ana',962,'2024-06-10 11:09:24','2024-06-10 11:09:24'),(222,'Santa Cruz',962,'2024-06-10 11:09:24','2024-06-10 11:09:24'),(223,'Santa Mesa',962,'2024-06-10 11:09:24','2024-06-10 11:09:24'),(224,'Santo Domingo',962,'2024-06-10 11:09:24','2024-06-10 11:09:24'),(225,'Santo Niño',962,'2024-06-10 11:09:24','2024-06-10 11:09:24'),(226,'Santol',962,'2024-06-10 11:09:24','2024-06-10 11:09:24'),(227,'Tondo',962,'2024-06-10 11:09:24','2024-06-10 11:09:24'),(228,'Tuktukan',962,'2024-06-10 11:09:24','2024-06-10 11:09:24'),(229,'Ususan',962,'2024-06-10 11:09:24','2024-06-10 11:09:24'),(230,'Barangka',963,'2024-06-10 11:09:24','2024-06-10 11:09:24'),(231,'Concepcion Dos',963,'2024-06-10 11:09:24','2024-06-10 11:09:24'),(232,'Concepcion Uno',963,'2024-06-10 11:09:24','2024-06-10 11:09:24'),(233,'Dela Peña',963,'2024-06-10 11:09:24','2024-06-10 11:09:24'),(234,'Industrial Valley Complex',963,'2024-06-10 11:09:24','2024-06-10 11:09:24'),(235,'Jesus dela Peña',963,'2024-06-10 11:09:24','2024-06-10 11:09:24'),(236,'Malanday',963,'2024-06-10 11:09:24','2024-06-10 11:09:24'),(237,'Malanday',963,'2024-06-10 11:09:24','2024-06-10 11:09:24'),(238,'Manggahan',963,'2024-06-10 11:09:24','2024-06-10 11:09:24'),(239,'Nangka',963,'2024-06-10 11:09:24','2024-06-10 11:09:24'),(240,'Parang',963,'2024-06-10 11:09:24','2024-06-10 11:09:24'),(241,'San Roque',963,'2024-06-10 11:09:24','2024-06-10 11:09:24'),(242,'Santa Elena',963,'2024-06-10 11:09:24','2024-06-10 11:09:24'),(243,'Santo Niño',963,'2024-06-10 11:09:24','2024-06-10 11:09:24'),(244,'Tañong',963,'2024-06-10 11:09:24','2024-06-10 11:09:24'),(245,'Tumana',963,'2024-06-10 11:09:24','2024-06-10 11:09:24'),(246,'Alabang',964,'2024-06-10 11:09:24','2024-06-10 11:09:24'),(247,'Ayala Alabang Village',964,'2024-06-10 11:09:24','2024-06-10 11:09:24'),(248,'Bayanan',964,'2024-06-10 11:09:24','2024-06-10 11:09:24'),(249,'Buli',964,'2024-06-10 11:09:24','2024-06-10 11:09:24'),(250,'Cupang',964,'2024-06-10 11:09:24','2024-06-10 11:09:24'),(251,'Muntinlupa Poblacion',964,'2024-06-10 11:09:24','2024-06-10 11:09:24'),(252,'Putatan',964,'2024-06-10 11:09:24','2024-06-10 11:09:24'),(253,'Sucat',964,'2024-06-10 11:09:24','2024-06-10 11:09:24'),(254,'Tunasan',964,'2024-06-10 11:09:24','2024-06-10 11:09:24'),(255,'Bangculasi',965,'2024-06-10 11:09:24','2024-06-10 11:09:24'),(256,'Daanghari',965,'2024-06-10 11:09:24','2024-06-10 11:09:24'),(257,'Navotas East',965,'2024-06-10 11:09:24','2024-06-10 11:09:24'),(258,'Navotas West',965,'2024-06-10 11:09:24','2024-06-10 11:09:24'),(259,'North Bay Boulevard North',965,'2024-06-10 11:09:24','2024-06-10 11:09:24'),(260,'North Bay Boulevard South',965,'2024-06-10 11:09:24','2024-06-10 11:09:24'),(261,'North Bay Boulevard South 1',965,'2024-06-10 11:09:24','2024-06-10 11:09:24'),(262,'North Bay Boulevard South 2',965,'2024-06-10 11:09:24','2024-06-10 11:09:24'),(263,'San Jose',965,'2024-06-10 11:09:24','2024-06-10 11:09:24'),(264,'Sipac-Almacen',965,'2024-06-10 11:09:24','2024-06-10 11:09:24'),(265,'Tangos',965,'2024-06-10 11:09:24','2024-06-10 11:09:24'),(266,'Tanza',965,'2024-06-10 11:09:24','2024-06-10 11:09:24'),(267,'Baclaran',966,'2024-06-10 11:09:24','2024-06-10 11:09:24'),(268,'Don Bosco',966,'2024-06-10 11:09:24','2024-06-10 11:09:24'),(269,'La Huerta',966,'2024-06-10 11:09:24','2024-06-10 11:09:24'),(270,'Moonwalk',966,'2024-06-10 11:09:24','2024-06-10 11:09:24'),(271,'San Antonio',966,'2024-06-10 11:09:24','2024-06-10 11:09:24'),(272,'San Dionisio',966,'2024-06-10 11:09:24','2024-06-10 11:09:24'),(273,'San Isidro',966,'2024-06-10 11:09:24','2024-06-10 11:09:24'),(274,'San Martin de Porres',966,'2024-06-10 11:09:24','2024-06-10 11:09:24'),(275,'San Nicolas',966,'2024-06-10 11:09:24','2024-06-10 11:09:24'),(276,'Santa Clara',966,'2024-06-10 11:09:24','2024-06-10 11:09:24'),(277,'Santa Rita',966,'2024-06-10 11:09:24','2024-06-10 11:09:24'),(278,'Santo Niño',966,'2024-06-10 11:09:24','2024-06-10 11:09:24'),(279,'Santo Rosario',966,'2024-06-10 11:09:24','2024-06-10 11:09:24'),(280,'Sun Valley',966,'2024-06-10 11:09:24','2024-06-10 11:09:24'),(281,'Tambo',966,'2024-06-10 11:09:24','2024-06-10 11:09:24'),(282,'Barangay 1',967,'2024-06-10 11:09:24','2024-06-10 11:09:24'),(283,'Barangay 2',967,'2024-06-10 11:09:24','2024-06-10 11:09:24'),(284,'Barangay 3',967,'2024-06-10 11:09:24','2024-06-10 11:09:24'),(285,'Barangay 4',967,'2024-06-10 11:09:24','2024-06-10 11:09:24'),(286,'Barangay 5',967,'2024-06-10 11:09:24','2024-06-10 11:09:24'),(287,'Barangay 6',967,'2024-06-10 11:09:24','2024-06-10 11:09:24'),(288,'Barangay 7',967,'2024-06-10 11:09:24','2024-06-10 11:09:24'),(289,'Barangay 8',967,'2024-06-10 11:09:24','2024-06-10 11:09:24'),(290,'Barangay 9',967,'2024-06-10 11:09:24','2024-06-10 11:09:24'),(291,'Barangay 10',967,'2024-06-10 11:09:24','2024-06-10 11:09:24'),(292,'Barangay 11',967,'2024-06-10 11:09:24','2024-06-10 11:09:24'),(293,'Barangay 12',967,'2024-06-10 11:09:24','2024-06-10 11:09:24'),(294,'Barangay 13',967,'2024-06-10 11:09:24','2024-06-10 11:09:24'),(295,'Barangay 14',967,'2024-06-10 11:09:24','2024-06-10 11:09:24'),(296,'Barangay 15',967,'2024-06-10 11:09:24','2024-06-10 11:09:24'),(297,'Barangay 16',967,'2024-06-10 11:09:24','2024-06-10 11:09:24'),(298,'Barangay 17',967,'2024-06-10 11:09:24','2024-06-10 11:09:24'),(299,'Barangay 18',967,'2024-06-10 11:09:24','2024-06-10 11:09:24'),(300,'Barangay 19',967,'2024-06-10 11:09:24','2024-06-10 11:09:24'),(301,'Barangay 20',967,'2024-06-10 11:09:24','2024-06-10 11:09:24'),(302,'Barangay 21',967,'2024-06-10 11:09:24','2024-06-10 11:09:24'),(303,'Barangay 22',967,'2024-06-10 11:09:24','2024-06-10 11:09:24'),(304,'Barangay 23',967,'2024-06-10 11:09:24','2024-06-10 11:09:24'),(305,'Barangay 24',967,'2024-06-10 11:09:24','2024-06-10 11:09:24'),(306,'Barangay 25',967,'2024-06-10 11:09:24','2024-06-10 11:09:24'),(307,'Barangay 26',967,'2024-06-10 11:09:24','2024-06-10 11:09:24'),(308,'Barangay 27',967,'2024-06-10 11:09:24','2024-06-10 11:09:24'),(309,'Barangay 28',967,'2024-06-10 11:09:24','2024-06-10 11:09:24'),(310,'Barangay 29',967,'2024-06-10 11:09:24','2024-06-10 11:09:24'),(311,'Barangay 30',967,'2024-06-10 11:09:24','2024-06-10 11:09:24'),(312,'Barangay 31',967,'2024-06-10 11:09:24','2024-06-10 11:09:24'),(313,'Barangay 32',967,'2024-06-10 11:09:24','2024-06-10 11:09:24'),(314,'Barangay 33',967,'2024-06-10 11:09:24','2024-06-10 11:09:24'),(315,'Barangay 34',967,'2024-06-10 11:09:24','2024-06-10 11:09:24'),(316,'Barangay 35',967,'2024-06-10 11:09:24','2024-06-10 11:09:24'),(317,'Barangay 36',967,'2024-06-10 11:09:24','2024-06-10 11:09:24'),(318,'Barangay 37',967,'2024-06-10 11:09:24','2024-06-10 11:09:24'),(319,'Barangay 38',967,'2024-06-10 11:09:24','2024-06-10 11:09:24'),(320,'Barangay 39',967,'2024-06-10 11:09:24','2024-06-10 11:09:24'),(321,'Barangay 40',967,'2024-06-10 11:09:24','2024-06-10 11:09:24'),(322,'Barangay 41',967,'2024-06-10 11:09:24','2024-06-10 11:09:24'),(323,'Barangay 42',967,'2024-06-10 11:09:24','2024-06-10 11:09:24'),(324,'Barangay 43',967,'2024-06-10 11:09:24','2024-06-10 11:09:24'),(325,'Barangay 44',967,'2024-06-10 11:09:24','2024-06-10 11:09:24'),(326,'Barangay 45',967,'2024-06-10 11:09:24','2024-06-10 11:09:24'),(327,'Barangay 46',967,'2024-06-10 11:09:24','2024-06-10 11:09:24'),(328,'Barangay 47',967,'2024-06-10 11:09:24','2024-06-10 11:09:24'),(329,'Barangay 48',967,'2024-06-10 11:09:24','2024-06-10 11:09:24'),(330,'Barangay 49',967,'2024-06-10 11:09:24','2024-06-10 11:09:24'),(331,'Barangay 50',967,'2024-06-10 11:09:24','2024-06-10 11:09:24'),(332,'Barangay 51',967,'2024-06-10 11:09:24','2024-06-10 11:09:24'),(333,'Barangay 52',967,'2024-06-10 11:09:24','2024-06-10 11:09:24'),(334,'Barangay 53',967,'2024-06-10 11:09:24','2024-06-10 11:09:24'),(335,'Barangay 54',967,'2024-06-10 11:09:24','2024-06-10 11:09:24'),(336,'Barangay 55',967,'2024-06-10 11:09:24','2024-06-10 11:09:24'),(337,'Barangay 56',967,'2024-06-10 11:09:24','2024-06-10 11:09:24'),(338,'Barangay 57',967,'2024-06-10 11:09:24','2024-06-10 11:09:24'),(339,'Barangay 58',967,'2024-06-10 11:09:24','2024-06-10 11:09:24'),(340,'Barangay 59',967,'2024-06-10 11:09:24','2024-06-10 11:09:24'),(341,'Barangay 60',967,'2024-06-10 11:09:24','2024-06-10 11:09:24'),(342,'Barangay 61',967,'2024-06-10 11:09:24','2024-06-10 11:09:24'),(343,'Barangay 62',967,'2024-06-10 11:09:24','2024-06-10 11:09:24'),(344,'Barangay 63',967,'2024-06-10 11:09:24','2024-06-10 11:09:24'),(345,'Barangay 64',967,'2024-06-10 11:09:24','2024-06-10 11:09:24'),(346,'Barangay 65',967,'2024-06-10 11:09:24','2024-06-10 11:09:24'),(347,'Barangay 66',967,'2024-06-10 11:09:24','2024-06-10 11:09:24'),(348,'Barangay 67',967,'2024-06-10 11:09:24','2024-06-10 11:09:24'),(349,'Barangay 68',967,'2024-06-10 11:09:24','2024-06-10 11:09:24'),(350,'Barangay 69',967,'2024-06-10 11:09:24','2024-06-10 11:09:24'),(351,'Barangay 70',967,'2024-06-10 11:09:24','2024-06-10 11:09:24'),(352,'Barangay 71',967,'2024-06-10 11:09:24','2024-06-10 11:09:24'),(353,'Barangay 72',967,'2024-06-10 11:09:24','2024-06-10 11:09:24'),(354,'Barangay 73',967,'2024-06-10 11:09:24','2024-06-10 11:09:24'),(355,'Barangay 74',967,'2024-06-10 11:09:24','2024-06-10 11:09:24'),(356,'Barangay 75',967,'2024-06-10 11:09:24','2024-06-10 11:09:24'),(357,'Barangay 76',967,'2024-06-10 11:09:24','2024-06-10 11:09:24'),(358,'Barangay 77',967,'2024-06-10 11:09:24','2024-06-10 11:09:24'),(359,'Barangay 78',967,'2024-06-10 11:09:24','2024-06-10 11:09:24'),(360,'Barangay 79',967,'2024-06-10 11:09:24','2024-06-10 11:09:24'),(361,'Barangay 80',967,'2024-06-10 11:09:24','2024-06-10 11:09:24'),(362,'Barangay 81',967,'2024-06-10 11:09:24','2024-06-10 11:09:24'),(363,'Barangay 82',967,'2024-06-10 11:09:24','2024-06-10 11:09:24'),(364,'Barangay 83',967,'2024-06-10 11:09:24','2024-06-10 11:09:24'),(365,'Barangay 84',967,'2024-06-10 11:09:24','2024-06-10 11:09:24'),(366,'Barangay 85',967,'2024-06-10 11:09:24','2024-06-10 11:09:24'),(367,'Barangay 86',967,'2024-06-10 11:09:24','2024-06-10 11:09:24'),(368,'Barangay 87',967,'2024-06-10 11:09:24','2024-06-10 11:09:24'),(369,'Barangay 88',967,'2024-06-10 11:09:24','2024-06-10 11:09:24'),(370,'Barangay 89',967,'2024-06-10 11:09:24','2024-06-10 11:09:24'),(371,'Barangay 90',967,'2024-06-10 11:09:24','2024-06-10 11:09:24'),(372,'Barangay 91',967,'2024-06-10 11:09:24','2024-06-10 11:09:24'),(373,'Barangay 92',967,'2024-06-10 11:09:24','2024-06-10 11:09:24'),(374,'Barangay 93',967,'2024-06-10 11:09:24','2024-06-10 11:09:24'),(375,'Barangay 94',967,'2024-06-10 11:09:24','2024-06-10 11:09:24'),(376,'Barangay 95',967,'2024-06-10 11:09:24','2024-06-10 11:09:24'),(377,'Barangay 96',967,'2024-06-10 11:09:24','2024-06-10 11:09:24'),(378,'Barangay 97',967,'2024-06-10 11:09:24','2024-06-10 11:09:24'),(379,'Barangay 98',967,'2024-06-10 11:09:24','2024-06-10 11:09:24'),(380,'Barangay 99',967,'2024-06-10 11:09:24','2024-06-10 11:09:24'),(381,'Barangay 100',967,'2024-06-10 11:09:24','2024-06-10 11:09:24'),(382,'Bagong Ilog',968,'2024-06-10 11:09:24','2024-06-10 11:09:24'),(383,'Bagong Katipunan',968,'2024-06-10 11:09:24','2024-06-10 11:09:24'),(384,'Bagong Kauswagan',968,'2024-06-10 11:09:24','2024-06-10 11:09:24'),(385,'Bagong Lipunan ng Crame',968,'2024-06-10 11:09:24','2024-06-10 11:09:24'),(386,'Bagong Pag-asa',968,'2024-06-10 11:09:24','2024-06-10 11:09:24'),(387,'Bagong Tanyag',968,'2024-06-10 11:09:24','2024-06-10 11:09:24'),(388,'Bahayang Pag-asa',968,'2024-06-10 11:09:24','2024-06-10 11:09:24'),(389,'Bambang',968,'2024-06-10 11:09:24','2024-06-10 11:09:24'),(390,'Buting',968,'2024-06-10 11:09:24','2024-06-10 11:09:24'),(391,'Caniogan',968,'2024-06-10 11:09:24','2024-06-10 11:09:24'),(392,'Kalawaan',968,'2024-06-10 11:09:24','2024-06-10 11:09:24'),(393,'Kapasigan',968,'2024-06-10 11:09:24','2024-06-10 11:09:24'),(394,'Kapitolyo',968,'2024-06-10 11:09:24','2024-06-10 11:09:24'),(395,'Manggahan',968,'2024-06-10 11:09:24','2024-06-10 11:09:24'),(396,'Maybunga',968,'2024-06-10 11:09:24','2024-06-10 11:09:24'),(397,'Oranbo',968,'2024-06-10 11:09:24','2024-06-10 11:09:24'),(398,'Palatiw',968,'2024-06-10 11:09:24','2024-06-10 11:09:24'),(399,'Pinagbuhatan',968,'2024-06-10 11:09:24','2024-06-10 11:09:24'),(400,'Pineda',968,'2024-06-10 11:09:24','2024-06-10 11:09:24'),(401,'Rosario',968,'2024-06-10 11:09:24','2024-06-10 11:09:24'),(402,'Sagad',968,'2024-06-10 11:09:24','2024-06-10 11:09:24'),(403,'San Antonio',968,'2024-06-10 11:09:24','2024-06-10 11:09:24'),(404,'San Joaquin',968,'2024-06-10 11:09:24','2024-06-10 11:09:24'),(405,'San Jose',968,'2024-06-10 11:09:24','2024-06-10 11:09:24'),(406,'San Miguel',968,'2024-06-10 11:09:24','2024-06-10 11:09:24'),(407,'San Nicolas',968,'2024-06-10 11:09:24','2024-06-10 11:09:24'),(408,'San Sebastian',968,'2024-06-10 11:09:24','2024-06-10 11:09:24'),(409,'Santa Cruz',968,'2024-06-10 11:09:24','2024-06-10 11:09:24'),(410,'Santa Lucia',968,'2024-06-10 11:09:24','2024-06-10 11:09:24'),(411,'Santo Tomas',968,'2024-06-10 11:09:24','2024-06-10 11:09:24'),(412,'Santolan',968,'2024-06-10 11:09:24','2024-06-10 11:09:24'),(413,'Sumilang',968,'2024-06-10 11:09:24','2024-06-10 11:09:24'),(414,'Ugong',968,'2024-06-10 11:09:24','2024-06-10 11:09:24'),(415,'Unciano (Bgy. 69)',968,'2024-06-10 11:09:24','2024-06-10 11:09:24'),(416,'Aguho',969,'2024-06-10 11:09:24','2024-06-10 11:09:24'),(417,'Dela Paz',969,'2024-06-10 11:09:24','2024-06-10 11:09:24'),(418,'Martires del \'96',969,'2024-06-10 11:09:24','2024-06-10 11:09:24'),(419,'Poblacion',969,'2024-06-10 11:09:24','2024-06-10 11:09:24'),(420,'San Roque',969,'2024-06-10 11:09:24','2024-06-10 11:09:24'),(421,'Sta. Ana',969,'2024-06-10 11:09:24','2024-06-10 11:09:24'),(422,'Sta. Cruz',969,'2024-06-10 11:09:24','2024-06-10 11:09:24'),(423,'Sta. Elena',969,'2024-06-10 11:09:24','2024-06-10 11:09:24'),(424,'Sto. Rosario-Kanluran',969,'2024-06-10 11:09:24','2024-06-10 11:09:24'),(425,'Sto. Rosario-Silangan',969,'2024-06-10 11:09:24','2024-06-10 11:09:24'),(426,'Alicia',970,'2024-06-10 11:09:24','2024-06-10 11:09:24'),(427,'Amihan',970,'2024-06-10 11:09:24','2024-06-10 11:09:24'),(428,'Apolonio Samson',970,'2024-06-10 11:09:24','2024-06-10 11:09:24'),(429,'Baesa',970,'2024-06-10 11:09:24','2024-06-10 11:09:24'),(430,'Bagbag',970,'2024-06-10 11:09:24','2024-06-10 11:09:24'),(431,'Bagong Lipunan ng Crame',970,'2024-06-10 11:09:24','2024-06-10 11:09:24'),(432,'Bagong Pag-asa',970,'2024-06-10 11:09:24','2024-06-10 11:09:24'),(433,'Bagong Silangan',970,'2024-06-10 11:09:24','2024-06-10 11:09:24'),(434,'Bagong Buhay',970,'2024-06-10 11:09:24','2024-06-10 11:09:24'),(435,'Balingasa',970,'2024-06-10 11:09:24','2024-06-10 11:09:24'),(436,'Balintawak',970,'2024-06-10 11:09:24','2024-06-10 11:09:24'),(437,'Batasan Hills',970,'2024-06-10 11:09:24','2024-06-10 11:09:24'),(438,'Bayanihan',970,'2024-06-10 11:09:24','2024-06-10 11:09:24'),(439,'Blue Ridge A',970,'2024-06-10 11:09:24','2024-06-10 11:09:24'),(440,'Blue Ridge B',970,'2024-06-10 11:09:24','2024-06-10 11:09:24'),(441,'Botocan',970,'2024-06-10 11:09:24','2024-06-10 11:09:24'),(442,'Bungad',970,'2024-06-10 11:09:24','2024-06-10 11:09:24'),(443,'Camp Aguinaldo',970,'2024-06-10 11:09:24','2024-06-10 11:09:24'),(444,'Capri',970,'2024-06-10 11:09:24','2024-06-10 11:09:24'),(445,'Central',970,'2024-06-10 11:09:24','2024-06-10 11:09:24'),(446,'Claro',970,'2024-06-10 11:09:24','2024-06-10 11:09:24'),(447,'Commonwealth',970,'2024-06-10 11:09:24','2024-06-10 11:09:24'),(448,'Concepcion Dos',970,'2024-06-10 11:09:24','2024-06-10 11:09:24'),(449,'Concepcion Uno',970,'2024-06-10 11:09:24','2024-06-10 11:09:24'),(450,'Corazon de Jesus',970,'2024-06-10 11:09:24','2024-06-10 11:09:24'),(451,'Cubao',970,'2024-06-10 11:09:24','2024-06-10 11:09:24'),(452,'Culiat',970,'2024-06-10 11:09:24','2024-06-10 11:09:24'),(453,'Damar',970,'2024-06-10 11:09:24','2024-06-10 11:09:24'),(454,'Damayang Lagi',970,'2024-06-10 11:09:24','2024-06-10 11:09:24'),(455,'Damayan',970,'2024-06-10 11:09:24','2024-06-10 11:09:24'),(456,'Dangay',970,'2024-06-10 11:09:24','2024-06-10 11:09:24'),(457,'Del Monte',970,'2024-06-10 11:09:24','2024-06-10 11:09:24'),(458,'Dioquino Zobel',970,'2024-06-10 11:09:24','2024-06-10 11:09:24'),(459,'Dona Aurora',970,'2024-06-10 11:09:24','2024-06-10 11:09:24'),(460,'Dona Imelda',970,'2024-06-10 11:09:24','2024-06-10 11:09:24'),(461,'Dona Josefa',970,'2024-06-10 11:09:24','2024-06-10 11:09:24'),(462,'Dona Petra',970,'2024-06-10 11:09:24','2024-06-10 11:09:24'),(463,'Duyan-Duyan',970,'2024-06-10 11:09:24','2024-06-10 11:09:24'),(464,'E. Rodriguez',970,'2024-06-10 11:09:24','2024-06-10 11:09:24'),(465,'Escopa I',970,'2024-06-10 11:09:24','2024-06-10 11:09:24'),(466,'Escopa II',970,'2024-06-10 11:09:24','2024-06-10 11:09:24'),(467,'Escopa III',970,'2024-06-10 11:09:24','2024-06-10 11:09:24'),(468,'Fairview',970,'2024-06-10 11:09:24','2024-06-10 11:09:24'),(469,'Galas',970,'2024-06-10 11:09:24','2024-06-10 11:09:24'),(470,'Gulod',970,'2024-06-10 11:09:24','2024-06-10 11:09:24'),(471,'Horseshoe',970,'2024-06-10 11:09:24','2024-06-10 11:09:24'),(472,'Immaculate Concepcion',970,'2024-06-10 11:09:24','2024-06-10 11:09:24'),(473,'Jordan Plains',970,'2024-06-10 11:09:24','2024-06-10 11:09:24'),(474,'Kaligayahan',970,'2024-06-10 11:09:24','2024-06-10 11:09:24'),(475,'Kalusugan',970,'2024-06-10 11:09:24','2024-06-10 11:09:24'),(476,'Kamuning',970,'2024-06-10 11:09:24','2024-06-10 11:09:24'),(477,'Katipunan',970,'2024-06-10 11:09:24','2024-06-10 11:09:24'),(478,'Kaunlaran',970,'2024-06-10 11:09:24','2024-06-10 11:09:24'),(479,'Kristong Hari',970,'2024-06-10 11:09:24','2024-06-10 11:09:24'),(480,'Krishna',970,'2024-06-10 11:09:24','2024-06-10 11:09:24'),(481,'Laging Handa',970,'2024-06-10 11:09:24','2024-06-10 11:09:24'),(482,'Laloma',970,'2024-06-10 11:09:24','2024-06-10 11:09:24'),(483,'Libis',970,'2024-06-10 11:09:24','2024-06-10 11:09:24'),(484,'Lourdes',970,'2024-06-10 11:09:24','2024-06-10 11:09:24'),(485,'Loyola Heights',970,'2024-06-10 11:09:24','2024-06-10 11:09:24'),(486,'Mabini-J. Rizal',970,'2024-06-10 11:09:24','2024-06-10 11:09:24'),(487,'Magsaysay',970,'2024-06-10 11:09:24','2024-06-10 11:09:24'),(488,'Maharlika',970,'2024-06-10 11:09:24','2024-06-10 11:09:24'),(489,'Malaya',970,'2024-06-10 11:09:24','2024-06-10 11:09:24'),(490,'Maligaya',970,'2024-06-10 11:09:24','2024-06-10 11:09:24'),(491,'Mangga',970,'2024-06-10 11:09:24','2024-06-10 11:09:24'),(492,'Manresa',970,'2024-06-10 11:09:24','2024-06-10 11:09:24'),(493,'Mariblo',970,'2024-06-10 11:09:24','2024-06-10 11:09:24'),(494,'Masambong',970,'2024-06-10 11:09:24','2024-06-10 11:09:24'),(495,'Matandang Balara',970,'2024-06-10 11:09:24','2024-06-10 11:09:24'),(496,'Matalahib',970,'2024-06-10 11:09:24','2024-06-10 11:09:24'),(497,'Matandang Balara',970,'2024-06-10 11:09:24','2024-06-10 11:09:24'),(498,'Milagrosa',970,'2024-06-10 11:09:24','2024-06-10 11:09:24'),(499,'Nagkaisang Nayon',970,'2024-06-10 11:09:24','2024-06-10 11:09:24'),(500,'Namayan',970,'2024-06-10 11:09:24','2024-06-10 11:09:24'),(501,'New Era',970,'2024-06-10 11:09:24','2024-06-10 11:09:24'),(502,'Novaliches Proper',970,'2024-06-10 11:09:24','2024-06-10 11:09:24'),(503,'Obogon',970,'2024-06-10 11:09:24','2024-06-10 11:09:24'),(504,'Old Capitol Site',970,'2024-06-10 11:09:24','2024-06-10 11:09:24'),(505,'Obrero',970,'2024-06-10 11:09:24','2024-06-10 11:09:24'),(506,'Paltok',970,'2024-06-10 11:09:24','2024-06-10 11:09:24'),(507,'Pansol',970,'2024-06-10 11:09:24','2024-06-10 11:09:24'),(508,'Paraiso',970,'2024-06-10 11:09:24','2024-06-10 11:09:24'),(509,'Pasong Putik Proper',970,'2024-06-10 11:09:24','2024-06-10 11:09:24'),(510,'Pasong Tamo',970,'2024-06-10 11:09:24','2024-06-10 11:09:24'),(511,'Philam',970,'2024-06-10 11:09:24','2024-06-10 11:09:24'),(512,'Pinyahan',970,'2024-06-10 11:09:24','2024-06-10 11:09:24'),(513,'Project 6',970,'2024-06-10 11:09:24','2024-06-10 11:09:24'),(514,'Project 7',970,'2024-06-10 11:09:24','2024-06-10 11:09:24'),(515,'Project 8',970,'2024-06-10 11:09:24','2024-06-10 11:09:24'),(516,'Quirino 2-A',970,'2024-06-10 11:09:24','2024-06-10 11:09:24'),(517,'Quirino 2-B',970,'2024-06-10 11:09:24','2024-06-10 11:09:24'),(518,'Quirino 2-C',970,'2024-06-10 11:09:24','2024-06-10 11:09:24'),(519,'Quirino 2-D',970,'2024-06-10 11:09:24','2024-06-10 11:09:24'),(520,'Quirino 2-E',970,'2024-06-10 11:09:24','2024-06-10 11:09:24'),(521,'Quirino 2-F',970,'2024-06-10 11:09:24','2024-06-10 11:09:24'),(522,'Quirino 2-G',970,'2024-06-10 11:09:24','2024-06-10 11:09:24'),(523,'Quirino 2-H',970,'2024-06-10 11:09:24','2024-06-10 11:09:24'),(524,'Quirino 2-I',970,'2024-06-10 11:09:24','2024-06-10 11:09:24'),(525,'Quirino 2-J',970,'2024-06-10 11:09:24','2024-06-10 11:09:24'),(526,'Quirino 2-K',970,'2024-06-10 11:09:24','2024-06-10 11:09:24'),(527,'Quirino 3-A',970,'2024-06-10 11:09:24','2024-06-10 11:09:24'),(528,'Quirino 3-B',970,'2024-06-10 11:09:24','2024-06-10 11:09:24'),(529,'Quirino 3-C',970,'2024-06-10 11:09:24','2024-06-10 11:09:24'),(530,'Quirino 3-D',970,'2024-06-10 11:09:24','2024-06-10 11:09:24'),(531,'Quirino 3-E',970,'2024-06-10 11:09:24','2024-06-10 11:09:24'),(532,'Quirino 3-F',970,'2024-06-10 11:09:24','2024-06-10 11:09:24'),(533,'Quirino 3-G',970,'2024-06-10 11:09:24','2024-06-10 11:09:24'),(534,'Quirino 3-H',970,'2024-06-10 11:09:24','2024-06-10 11:09:24'),(535,'Quirino 3-I',970,'2024-06-10 11:09:24','2024-06-10 11:09:24'),(536,'Quirino 3-J',970,'2024-06-10 11:09:24','2024-06-10 11:09:24'),(537,'Quirino 3-K',970,'2024-06-10 11:09:24','2024-06-10 11:09:24'),(538,'Quirino 3-L',970,'2024-06-10 11:09:24','2024-06-10 11:09:24'),(539,'Quirino 3-M',970,'2024-06-10 11:09:24','2024-06-10 11:09:24'),(540,'Quirino 3-N',970,'2024-06-10 11:09:24','2024-06-10 11:09:24'),(541,'Quirino 3-O',970,'2024-06-10 11:09:24','2024-06-10 11:09:24'),(542,'Quirino 3-P',970,'2024-06-10 11:09:24','2024-06-10 11:09:24'),(543,'Quirino 3-Q',970,'2024-06-10 11:09:24','2024-06-10 11:09:24'),(544,'Quirino 3-R',970,'2024-06-10 11:09:24','2024-06-10 11:09:24'),(545,'Quirino 3-S',970,'2024-06-10 11:09:24','2024-06-10 11:09:24'),(546,'Quirino 3-T',970,'2024-06-10 11:09:24','2024-06-10 11:09:24'),(547,'Quirino 3-U',970,'2024-06-10 11:09:24','2024-06-10 11:09:24'),(548,'Quirino 3-V',970,'2024-06-10 11:09:24','2024-06-10 11:09:24'),(549,'Quirino 3-X',970,'2024-06-10 11:09:24','2024-06-10 11:09:24'),(550,'Quirino 3-Y',970,'2024-06-10 11:09:24','2024-06-10 11:09:24'),(551,'Quirino 3-Z',970,'2024-06-10 11:09:24','2024-06-10 11:09:24'),(552,'Quirino 4-A',970,'2024-06-10 11:09:24','2024-06-10 11:09:24'),(553,'Quirino 4-B',970,'2024-06-10 11:09:24','2024-06-10 11:09:24'),(554,'Quirino 4-C',970,'2024-06-10 11:09:24','2024-06-10 11:09:24'),(555,'Quirino 4-D',970,'2024-06-10 11:09:24','2024-06-10 11:09:24'),(556,'Quirino 4-E',970,'2024-06-10 11:09:24','2024-06-10 11:09:24'),(557,'Quirino 4-F',970,'2024-06-10 11:09:24','2024-06-10 11:09:24'),(558,'Quirino 4-G',970,'2024-06-10 11:09:24','2024-06-10 11:09:24'),(559,'Quirino 4-H',970,'2024-06-10 11:09:24','2024-06-10 11:09:24'),(560,'Quirino 4-I',970,'2024-06-10 11:09:24','2024-06-10 11:09:24'),(561,'Quirino 4-J',970,'2024-06-10 11:09:24','2024-06-10 11:09:24'),(562,'Quirino 4-K',970,'2024-06-10 11:09:24','2024-06-10 11:09:24'),(563,'Quirino 4-L',970,'2024-06-10 11:09:24','2024-06-10 11:09:24'),(564,'Quirino 4-M',970,'2024-06-10 11:09:24','2024-06-10 11:09:24'),(565,'Quirino 4-N',970,'2024-06-10 11:09:24','2024-06-10 11:09:24'),(566,'Quirino 4-O',970,'2024-06-10 11:09:24','2024-06-10 11:09:24'),(567,'Quirino 4-P',970,'2024-06-10 11:09:24','2024-06-10 11:09:24'),(568,'Quirino 4-Q',970,'2024-06-10 11:09:24','2024-06-10 11:09:24'),(569,'Quirino 4-R',970,'2024-06-10 11:09:24','2024-06-10 11:09:24'),(570,'Quirino 4-S',970,'2024-06-10 11:09:24','2024-06-10 11:09:24'),(571,'Quirino 4-T',970,'2024-06-10 11:09:24','2024-06-10 11:09:24'),(572,'Quirino 4-U',970,'2024-06-10 11:09:24','2024-06-10 11:09:24'),(573,'Quirino 4-V',970,'2024-06-10 11:09:24','2024-06-10 11:09:24'),(574,'Quirino 4-W',970,'2024-06-10 11:09:24','2024-06-10 11:09:24'),(575,'Quirino 4-X',970,'2024-06-10 11:09:24','2024-06-10 11:09:24'),(576,'Quirino 4-Y',970,'2024-06-10 11:09:24','2024-06-10 11:09:24'),(577,'Quirino 4-Z',970,'2024-06-10 11:09:24','2024-06-10 11:09:24'),(578,'Quirino 5-A',970,'2024-06-10 11:09:24','2024-06-10 11:09:24'),(579,'Quirino 5-B',970,'2024-06-10 11:09:24','2024-06-10 11:09:24'),(580,'Quirino 5-C',970,'2024-06-10 11:09:24','2024-06-10 11:09:24'),(581,'Quirino 5-D',970,'2024-06-10 11:09:24','2024-06-10 11:09:24'),(582,'Quirino 5-E',970,'2024-06-10 11:09:24','2024-06-10 11:09:24'),(583,'Quirino 5-F',970,'2024-06-10 11:09:24','2024-06-10 11:09:24'),(584,'Quirino 5-G',970,'2024-06-10 11:09:24','2024-06-10 11:09:24'),(585,'Quirino 5-H',970,'2024-06-10 11:09:24','2024-06-10 11:09:24'),(586,'Quirino 5-I',970,'2024-06-10 11:09:24','2024-06-10 11:09:24'),(587,'Quirino 5-J',970,'2024-06-10 11:09:24','2024-06-10 11:09:24'),(588,'Quirino 5-K',970,'2024-06-10 11:09:24','2024-06-10 11:09:24'),(589,'Quirino 5-L',970,'2024-06-10 11:09:24','2024-06-10 11:09:24'),(590,'Quirino 5-M',970,'2024-06-10 11:09:24','2024-06-10 11:09:24'),(591,'Quirino 5-N',970,'2024-06-10 11:09:24','2024-06-10 11:09:24'),(592,'Quirino 5-O',970,'2024-06-10 11:09:24','2024-06-10 11:09:24'),(593,'Quirino 5-P',970,'2024-06-10 11:09:24','2024-06-10 11:09:24'),(594,'Quirino 5-Q',970,'2024-06-10 11:09:24','2024-06-10 11:09:24'),(595,'Quirino 5-R',970,'2024-06-10 11:09:24','2024-06-10 11:09:24'),(596,'Quirino 5-S',970,'2024-06-10 11:09:24','2024-06-10 11:09:24'),(597,'Quirino 5-T',970,'2024-06-10 11:09:24','2024-06-10 11:09:24'),(598,'Quirino 5-U',970,'2024-06-10 11:09:24','2024-06-10 11:09:24'),(599,'Quirino 5-V',970,'2024-06-10 11:09:24','2024-06-10 11:09:24'),(600,'Quirino 5-W',970,'2024-06-10 11:09:24','2024-06-10 11:09:24'),(601,'Quirino 5-X',970,'2024-06-10 11:09:24','2024-06-10 11:09:24'),(602,'Quirino 5-Y',970,'2024-06-10 11:09:24','2024-06-10 11:09:24'),(603,'Quirino 5-Z',970,'2024-06-10 11:09:24','2024-06-10 11:09:24'),(604,'Ramon Magsaysay',970,'2024-06-10 11:09:24','2024-06-10 11:09:24'),(605,'Riverside',970,'2024-06-10 11:09:24','2024-06-10 11:09:24'),(606,'Roxas',970,'2024-06-10 11:09:24','2024-06-10 11:09:24'),(607,'Sacred Heart',970,'2024-06-10 11:09:24','2024-06-10 11:09:24'),(608,'Saint Ignatius',970,'2024-06-10 11:09:24','2024-06-10 11:09:24'),(609,'Saint Peter',970,'2024-06-10 11:09:24','2024-06-10 11:09:24'),(610,'Salvacion',970,'2024-06-10 11:09:24','2024-06-10 11:09:24'),(611,'San Agustin',970,'2024-06-10 11:09:24','2024-06-10 11:09:24'),(612,'San Antonio',970,'2024-06-10 11:09:24','2024-06-10 11:09:24'),(613,'San Bartolome',970,'2024-06-10 11:09:24','2024-06-10 11:09:24'),(614,'San Isidro Labrador',970,'2024-06-10 11:09:24','2024-06-10 11:09:24'),(615,'San Isidro Galas',970,'2024-06-10 11:09:24','2024-06-10 11:09:24'),(616,'San Isidro Makabayan',970,'2024-06-10 11:09:24','2024-06-10 11:09:24'),(617,'San Isidro Padre',970,'2024-06-10 11:09:24','2024-06-10 11:09:24'),(618,'San Isidro Poblacion',970,'2024-06-10 11:09:24','2024-06-10 11:09:24'),(619,'San Isidro Viente Reales',970,'2024-06-10 11:09:24','2024-06-10 11:09:24'),(620,'San Jose',970,'2024-06-10 11:09:24','2024-06-10 11:09:24'),(621,'San Martin de Porres',970,'2024-06-10 11:09:24','2024-06-10 11:09:24'),(622,'San Roque',970,'2024-06-10 11:09:24','2024-06-10 11:09:24'),(623,'San Vicente',970,'2024-06-10 11:09:24','2024-06-10 11:09:24'),(624,'Santa Cruz',970,'2024-06-10 11:09:24','2024-06-10 11:09:24'),(625,'Santa Lucia',970,'2024-06-10 11:09:24','2024-06-10 11:09:24'),(626,'Santa Monica',970,'2024-06-10 11:09:24','2024-06-10 11:09:24'),(627,'Santa Teresita',970,'2024-06-10 11:09:24','2024-06-10 11:09:24'),(628,'Santol',970,'2024-06-10 11:09:24','2024-06-10 11:09:24'),(629,'Sauyo',970,'2024-06-10 11:09:24','2024-06-10 11:09:24'),(630,'Sienna',970,'2024-06-10 11:09:24','2024-06-10 11:09:24'),(631,'Silangan',970,'2024-06-10 11:09:24','2024-06-10 11:09:24'),(632,'Socorro',970,'2024-06-10 11:09:24','2024-06-10 11:09:24'),(633,'Santo Cristo',970,'2024-06-10 11:09:24','2024-06-10 11:09:24'),(634,'Santo Nino',970,'2024-06-10 11:09:24','2024-06-10 11:09:24'),(635,'Santo Tomas',970,'2024-06-10 11:09:24','2024-06-10 11:09:24'),(636,'Sauyo',970,'2024-06-10 11:09:24','2024-06-10 11:09:24'),(637,'Tagumpay',970,'2024-06-10 11:09:24','2024-06-10 11:09:24'),(638,'Talayan',970,'2024-06-10 11:09:24','2024-06-10 11:09:24'),(639,'Talipapa',970,'2024-06-10 11:09:24','2024-06-10 11:09:24'),(640,'Tandang Sora',970,'2024-06-10 11:09:24','2024-06-10 11:09:24'),(641,'Tatalon',970,'2024-06-10 11:09:24','2024-06-10 11:09:24'),(642,'Tatalon Estate',970,'2024-06-10 11:09:24','2024-06-10 11:09:24'),(643,'Ugong Norte',970,'2024-06-10 11:09:24','2024-06-10 11:09:24'),(644,'Ugong Sur',970,'2024-06-10 11:09:24','2024-06-10 11:09:24'),(645,'Unang Sigaw',970,'2024-06-10 11:09:24','2024-06-10 11:09:24'),(646,'Up Campus',970,'2024-06-10 11:09:24','2024-06-10 11:09:24'),(647,'Vasra',970,'2024-06-10 11:09:24','2024-06-10 11:09:24'),(648,'Veterans Village',970,'2024-06-10 11:09:24','2024-06-10 11:09:24'),(649,'Villa Aurora',970,'2024-06-10 11:09:24','2024-06-10 11:09:24'),(650,'Villa Maria Clara',970,'2024-06-10 11:09:24','2024-06-10 11:09:24'),(651,'West Kamias',970,'2024-06-10 11:09:24','2024-06-10 11:09:24'),(652,'West Triangle',970,'2024-06-10 11:09:24','2024-06-10 11:09:24'),(653,'White Plains',970,'2024-06-10 11:09:24','2024-06-10 11:09:24'),(654,'Zaniga',970,'2024-06-10 11:09:24','2024-06-10 11:09:24'),(655,'Addition Hills',971,'2024-06-10 11:09:24','2024-06-10 11:09:24'),(656,'Balong-Bato',971,'2024-06-10 11:09:24','2024-06-10 11:09:24'),(657,'Batis',971,'2024-06-10 11:09:24','2024-06-10 11:09:24'),(658,'Corazon de Jesus',971,'2024-06-10 11:09:24','2024-06-10 11:09:24'),(659,'Ermitaño',971,'2024-06-10 11:09:24','2024-06-10 11:09:24'),(660,'Greenhills',971,'2024-06-10 11:09:24','2024-06-10 11:09:24'),(661,'Isabelita',971,'2024-06-10 11:09:24','2024-06-10 11:09:24'),(662,'Kabayanan',971,'2024-06-10 11:09:24','2024-06-10 11:09:24'),(663,'Little Baguio',971,'2024-06-10 11:09:24','2024-06-10 11:09:24'),(664,'Maytunas',971,'2024-06-10 11:09:24','2024-06-10 11:09:24'),(665,'Onse',971,'2024-06-10 11:09:24','2024-06-10 11:09:24'),(666,'Pasadena',971,'2024-06-10 11:09:24','2024-06-10 11:09:24'),(667,'Pedro Cruz',971,'2024-06-10 11:09:24','2024-06-10 11:09:24'),(668,'Progreso',971,'2024-06-10 11:09:24','2024-06-10 11:09:24'),(669,'Rivera',971,'2024-06-10 11:09:24','2024-06-10 11:09:24'),(670,'Salapan',971,'2024-06-10 11:09:24','2024-06-10 11:09:24'),(671,'San Perfecto',971,'2024-06-10 11:09:24','2024-06-10 11:09:24'),(672,'St. Joseph',971,'2024-06-10 11:09:24','2024-06-10 11:09:24'),(673,'Sta. Lucia',971,'2024-06-10 11:09:24','2024-06-10 11:09:24'),(674,'Sta. Teresita',971,'2024-06-10 11:09:24','2024-06-10 11:09:24'),(675,'Tibagan',971,'2024-06-10 11:09:24','2024-06-10 11:09:24'),(676,'West Crame',971,'2024-06-10 11:09:24','2024-06-10 11:09:24'),(677,'Bagong Tanyag',972,'2024-06-10 11:09:24','2024-06-10 11:09:24'),(678,'Bagumbayan',972,'2024-06-10 11:09:24','2024-06-10 11:09:24'),(679,'Bambang',972,'2024-06-10 11:09:24','2024-06-10 11:09:24'),(680,'Calzada',972,'2024-06-10 11:09:24','2024-06-10 11:09:24'),(681,'Central Bicutan',972,'2024-06-10 11:09:24','2024-06-10 11:09:24'),(682,'Central Signal Village',972,'2024-06-10 11:09:24','2024-06-10 11:09:24'),(683,'Fort Bonifacio',972,'2024-06-10 11:09:24','2024-06-10 11:09:24'),(684,'Hagonoy',972,'2024-06-10 11:09:24','2024-06-10 11:09:24'),(685,'Ibayo-Tipas',972,'2024-06-10 11:09:24','2024-06-10 11:09:24'),(686,'Katuparan',972,'2024-06-10 11:09:24','2024-06-10 11:09:24'),(687,'Ligid-Tipas',972,'2024-06-10 11:09:24','2024-06-10 11:09:24'),(688,'Lower Bicutan',972,'2024-06-10 11:09:24','2024-06-10 11:09:24'),(689,'Maharlika Village',972,'2024-06-10 11:09:24','2024-06-10 11:09:24'),(690,'Napindan',972,'2024-06-10 11:09:24','2024-06-10 11:09:24'),(691,'New Lower Bicutan',972,'2024-06-10 11:09:24','2024-06-10 11:09:24'),(692,'North Daang Hari',972,'2024-06-10 11:09:24','2024-06-10 11:09:24'),(693,'North Signal Village',972,'2024-06-10 11:09:24','2024-06-10 11:09:24'),(694,'Palingon',972,'2024-06-10 11:09:24','2024-06-10 11:09:24'),(695,'Pinagsama',972,'2024-06-10 11:09:24','2024-06-10 11:09:24'),(696,'San Miguel',972,'2024-06-10 11:09:24','2024-06-10 11:09:24'),(697,'Santa Ana',972,'2024-06-10 11:09:24','2024-06-10 11:09:24'),(698,'South Daang Hari',972,'2024-06-10 11:09:24','2024-06-10 11:09:24'),(699,'South Signal Village',972,'2024-06-10 11:09:24','2024-06-10 11:09:24'),(700,'Tuktukan',972,'2024-06-10 11:09:24','2024-06-10 11:09:24'),(701,'Upper Bicutan',972,'2024-06-10 11:09:24','2024-06-10 11:09:24'),(702,'Ususan',972,'2024-06-10 11:09:24','2024-06-10 11:09:24'),(703,'Arkong Bato',973,'2024-06-10 11:09:24','2024-06-10 11:09:24'),(704,'Bagbaguin',973,'2024-06-10 11:09:24','2024-06-10 11:09:24'),(705,'Bignay',973,'2024-06-10 11:09:24','2024-06-10 11:09:24'),(706,'Canumay',973,'2024-06-10 11:09:24','2024-06-10 11:09:24'),(707,'Coloong',973,'2024-06-10 11:09:24','2024-06-10 11:09:24'),(708,'Dalandanan',973,'2024-06-10 11:09:24','2024-06-10 11:09:24'),(709,'Isabelita',973,'2024-06-10 11:09:24','2024-06-10 11:09:24'),(710,'Karuhatan',973,'2024-06-10 11:09:24','2024-06-10 11:09:24'),(711,'Malanday',973,'2024-06-10 11:09:24','2024-06-10 11:09:24'),(712,'Malanding',973,'2024-06-10 11:09:24','2024-06-10 11:09:24'),(713,'Mapulang Lupa',973,'2024-06-10 11:09:24','2024-06-10 11:09:24'),(714,'Maysan',973,'2024-06-10 11:09:24','2024-06-10 11:09:24'),(715,'Palasan',973,'2024-06-10 11:09:24','2024-06-10 11:09:24'),(716,'Pariancillo Villa',973,'2024-06-10 11:09:24','2024-06-10 11:09:24'),(717,'Pasolo',973,'2024-06-10 11:09:24','2024-06-10 11:09:24'),(718,'Poblacion',973,'2024-06-10 11:09:24','2024-06-10 11:09:24'),(719,'Polo',973,'2024-06-10 11:09:24','2024-06-10 11:09:24'),(720,'Punturin',973,'2024-06-10 11:09:24','2024-06-10 11:09:24'),(721,'Rincon',973,'2024-06-10 11:09:24','2024-06-10 11:09:24'),(722,'Tagalag',973,'2024-06-10 11:09:24','2024-06-10 11:09:24'),(723,'Valenzuela',973,'2024-06-10 11:09:24','2024-06-10 11:09:24'),(724,'Veinte Reales',973,'2024-06-10 11:09:24','2024-06-10 11:09:24'),(725,'Addition Hills',1386,'2024-06-10 11:09:24','2024-06-10 11:09:24'),(726,'Balong-Bato',1386,'2024-06-10 11:09:24','2024-06-10 11:09:24'),(727,'Batis',1386,'2024-06-10 11:09:24','2024-06-10 11:09:24'),(728,'Corazon de Jesus',1386,'2024-06-10 11:09:24','2024-06-10 11:09:24'),(729,'Ermitaño',1386,'2024-06-10 11:09:24','2024-06-10 11:09:24'),(730,'Greenhills',1386,'2024-06-10 11:09:24','2024-06-10 11:09:24'),(731,'Isabelita',1386,'2024-06-10 11:09:24','2024-06-10 11:09:24'),(732,'Kabayanan',1386,'2024-06-10 11:09:24','2024-06-10 11:09:24'),(733,'Little Baguio',1386,'2024-06-10 11:09:24','2024-06-10 11:09:24'),(734,'Maytunas',1386,'2024-06-10 11:09:24','2024-06-10 11:09:24'),(735,'Onse',1386,'2024-06-10 11:09:24','2024-06-10 11:09:24'),(736,'Pasadena',1386,'2024-06-10 11:09:24','2024-06-10 11:09:24'),(737,'Pedro Cruz',1386,'2024-06-10 11:09:24','2024-06-10 11:09:24'),(738,'Progreso',1386,'2024-06-10 11:09:24','2024-06-10 11:09:24'),(739,'Rivera',1386,'2024-06-10 11:09:24','2024-06-10 11:09:24'),(740,'Salapan',1386,'2024-06-10 11:09:24','2024-06-10 11:09:24'),(741,'San Perfecto',1386,'2024-06-10 11:09:24','2024-06-10 11:09:24'),(742,'St. Joseph',1386,'2024-06-10 11:09:24','2024-06-10 11:09:24'),(743,'Sta. Lucia',1386,'2024-06-10 11:09:24','2024-06-10 11:09:24'),(744,'Sta. Teresita',1386,'2024-06-10 11:09:24','2024-06-10 11:09:24'),(745,'Tibagan',1386,'2024-06-10 11:09:24','2024-06-10 11:09:24'),(746,'West Crame',1386,'2024-06-10 11:09:24','2024-06-10 11:09:24'),(747,'Addition Hills',1429,'2024-06-10 11:09:24','2024-06-10 11:09:24'),(748,'Balong-Bato',1429,'2024-06-10 11:09:24','2024-06-10 11:09:24'),(749,'Batis',1429,'2024-06-10 11:09:24','2024-06-10 11:09:24'),(750,'Corazon de Jesus',1429,'2024-06-10 11:09:24','2024-06-10 11:09:24'),(751,'Ermitaño',1429,'2024-06-10 11:09:24','2024-06-10 11:09:24'),(752,'Greenhills',1429,'2024-06-10 11:09:24','2024-06-10 11:09:24'),(753,'Isabelita',1429,'2024-06-10 11:09:24','2024-06-10 11:09:24'),(754,'Kabayanan',1429,'2024-06-10 11:09:24','2024-06-10 11:09:24'),(755,'Little Baguio',1429,'2024-06-10 11:09:24','2024-06-10 11:09:24'),(756,'Maytunas',1429,'2024-06-10 11:09:24','2024-06-10 11:09:24'),(757,'Onse',1429,'2024-06-10 11:09:24','2024-06-10 11:09:24'),(758,'Pasadena',1429,'2024-06-10 11:09:24','2024-06-10 11:09:24'),(759,'Pedro Cruz',1429,'2024-06-10 11:09:24','2024-06-10 11:09:24'),(760,'Progreso',1429,'2024-06-10 11:09:24','2024-06-10 11:09:24'),(761,'Rivera',1429,'2024-06-10 11:09:24','2024-06-10 11:09:24'),(762,'Salapan',1429,'2024-06-10 11:09:24','2024-06-10 11:09:24'),(763,'San Perfecto',1429,'2024-06-10 11:09:24','2024-06-10 11:09:24'),(764,'St. Joseph',1429,'2024-06-10 11:09:24','2024-06-10 11:09:24'),(765,'Sta. Lucia',1429,'2024-06-10 11:09:24','2024-06-10 11:09:24'),(766,'Sta. Teresita',1429,'2024-06-10 11:09:24','2024-06-10 11:09:24'),(767,'Tibagan',1429,'2024-06-10 11:09:24','2024-06-10 11:09:24'),(768,'West Crame',1429,'2024-06-10 11:09:24','2024-06-10 11:09:24');
/*!40000 ALTER TABLE `barangays` ENABLE KEYS */;
UNLOCK TABLES;

--
-- Table structure for table `bets`
--

DROP TABLE IF EXISTS `bets`;
/*!40101 SET @saved_cs_client     = @@character_set_client */;
/*!50503 SET character_set_client = utf8mb4 */;
CREATE TABLE `bets` (
  `id` int NOT NULL AUTO_INCREMENT,
  `game_id` int NOT NULL,
  `transaction_id` int NOT NULL,
  `zodiac` enum('Aries','Taurus','Gemini','Cancer','Leo','Virgo','Libra','Scorpio','Sagittarius','Capricorn','Aquarius','Pisces') NOT NULL,
  `createdAt` datetime NOT NULL,
  `updatedAt` datetime NOT NULL,
  PRIMARY KEY (`id`),
  KEY `game_id` (`game_id`),
  CONSTRAINT `bets_ibfk_1` FOREIGN KEY (`game_id`) REFERENCES `games` (`id`) ON UPDATE CASCADE
) ENGINE=InnoDB DEFAULT CHARSET=utf8mb4 COLLATE=utf8mb4_0900_ai_ci;
/*!40101 SET character_set_client = @saved_cs_client */;

--
-- Dumping data for table `bets`
--

LOCK TABLES `bets` WRITE;
/*!40000 ALTER TABLE `bets` DISABLE KEYS */;
/*!40000 ALTER TABLE `bets` ENABLE KEYS */;
UNLOCK TABLES;

--
-- Table structure for table `bettings`
--

DROP TABLE IF EXISTS `bettings`;
/*!40101 SET @saved_cs_client     = @@character_set_client */;
/*!50503 SET character_set_client = utf8mb4 */;
CREATE TABLE `bettings` (
  `id` int NOT NULL AUTO_INCREMENT,
  `status` enum('win','lose') NOT NULL,
  `amount` decimal(10,2) NOT NULL,
  `userId` int NOT NULL,
  `gameId` int NOT NULL,
  `createdAt` datetime NOT NULL DEFAULT CURRENT_TIMESTAMP,
  `updatedAt` datetime NOT NULL DEFAULT CURRENT_TIMESTAMP ON UPDATE CURRENT_TIMESTAMP,
  PRIMARY KEY (`id`),
  KEY `userId` (`userId`),
  KEY `gameId` (`gameId`),
  CONSTRAINT `bettings_ibfk_1` FOREIGN KEY (`userId`) REFERENCES `users` (`id`) ON DELETE CASCADE ON UPDATE CASCADE,
  CONSTRAINT `bettings_ibfk_2` FOREIGN KEY (`gameId`) REFERENCES `games-list` (`id`) ON DELETE CASCADE ON UPDATE CASCADE
) ENGINE=InnoDB DEFAULT CHARSET=utf8mb4 COLLATE=utf8mb4_0900_ai_ci;
/*!40101 SET character_set_client = @saved_cs_client */;

--
-- Dumping data for table `bettings`
--

LOCK TABLES `bettings` WRITE;
/*!40000 ALTER TABLE `bettings` DISABLE KEYS */;
/*!40000 ALTER TABLE `bettings` ENABLE KEYS */;
UNLOCK TABLES;

--
-- Table structure for table `cities`
--

DROP TABLE IF EXISTS `cities`;
/*!40101 SET @saved_cs_client     = @@character_set_client */;
/*!50503 SET character_set_client = utf8mb4 */;
CREATE TABLE `cities` (
  `id` int NOT NULL AUTO_INCREMENT,
  `name` varchar(255) NOT NULL,
  `provinceId` int NOT NULL,
  `createdAt` datetime DEFAULT NULL,
  `updatedAt` datetime DEFAULT NULL,
  PRIMARY KEY (`id`),
  KEY `provinceId` (`provinceId`),
  CONSTRAINT `cities_ibfk_1` FOREIGN KEY (`provinceId`) REFERENCES `provinces` (`id`) ON UPDATE CASCADE
) ENGINE=InnoDB AUTO_INCREMENT=1618 DEFAULT CHARSET=utf8mb4 COLLATE=utf8mb4_0900_ai_ci;
/*!40101 SET character_set_client = @saved_cs_client */;

--
-- Dumping data for table `cities`
--

LOCK TABLES `cities` WRITE;
/*!40000 ALTER TABLE `cities` DISABLE KEYS */;
INSERT INTO `cities` VALUES (1,'Bangued',1,NULL,NULL),(2,'Boliney',1,NULL,NULL),(3,'Bucay',1,NULL,NULL),(4,'Bucloc',1,NULL,NULL),(5,'Daguioman',1,NULL,NULL),(6,'Danglas',1,NULL,NULL),(7,'Dolores',1,NULL,NULL),(8,'La Paz',1,NULL,NULL),(9,'Lacub',1,NULL,NULL),(10,'Lagangilang',1,NULL,NULL),(11,'Lagayan',1,NULL,NULL),(12,'Langiden',1,NULL,NULL),(13,'Licuan-Baay',1,NULL,NULL),(14,'Luba',1,NULL,NULL),(15,'Malibcong',1,NULL,NULL),(16,'Manabo',1,NULL,NULL),(17,'Peñarrubia',1,NULL,NULL),(18,'Pidigan',1,NULL,NULL),(19,'Pilar',1,NULL,NULL),(20,'Sallapadan',1,NULL,NULL),(21,'San Isidro',1,NULL,NULL),(22,'San Juan',1,NULL,NULL),(23,'San Quintin',1,NULL,NULL),(24,'Tayum',1,NULL,NULL),(25,'Tineg',1,NULL,NULL),(26,'Tubo',1,NULL,NULL),(27,'Villaviciosa',1,NULL,NULL),(28,'Buenavista',2,NULL,NULL),(29,'Butuan',2,NULL,NULL),(30,'Cabadbaran',2,NULL,NULL),(31,'Carmen',2,NULL,NULL),(32,'Jabonga',2,NULL,NULL),(33,'Kitcharao',2,NULL,NULL),(34,'Las Nieves',2,NULL,NULL),(35,'Magallanes',2,NULL,NULL),(36,'Nasipit',2,NULL,NULL),(37,'Remedios T. Romualdez',2,NULL,NULL),(38,'Santiago',2,NULL,NULL),(39,'Tubay',2,NULL,NULL),(40,'Bayugan',3,NULL,NULL),(41,'Bunawan',3,NULL,NULL),(42,'Esperanza',3,NULL,NULL),(43,'La Paz',3,NULL,NULL),(44,'Loreto',3,NULL,NULL),(45,'Prosperidad',3,NULL,NULL),(46,'Rosario',3,NULL,NULL),(47,'San Francisco',3,NULL,NULL),(48,'San Luis',3,NULL,NULL),(49,'Santa Josefa',3,NULL,NULL),(50,'Sibagat',3,NULL,NULL),(51,'Talacogon',3,NULL,NULL),(52,'Trento',3,NULL,NULL),(53,'Veruela',3,NULL,NULL),(54,'Altavas',4,NULL,NULL),(55,'Balete',4,NULL,NULL),(56,'Banga',4,NULL,NULL),(57,'Batan',4,NULL,NULL),(58,'Buruanga',4,NULL,NULL),(59,'Ibajay',4,NULL,NULL),(60,'Kalibo',4,NULL,NULL),(61,'Lezo',4,NULL,NULL),(62,'Libacao',4,NULL,NULL),(63,'Madalag',4,NULL,NULL),(64,'Makato',4,NULL,NULL),(65,'Malay',4,NULL,NULL),(66,'Malinao',4,NULL,NULL),(67,'Nabas',4,NULL,NULL),(68,'New Washington',4,NULL,NULL),(69,'Numancia',4,NULL,NULL),(70,'Tangalan',4,NULL,NULL),(71,'Legazpi City',5,NULL,NULL),(72,'Ligao City',5,NULL,NULL),(73,'Tabaco City',5,NULL,NULL),(74,'Legaspi City',5,NULL,NULL),(75,'Daraga (Locsin)',5,NULL,NULL),(76,'Guinobatan',5,NULL,NULL),(77,'Manito',5,NULL,NULL),(78,'Oas',5,NULL,NULL),(79,'Pio Duran',5,NULL,NULL),(80,'Polangui',5,NULL,NULL),(81,'Rapu-Rapu',5,NULL,NULL),(82,'Santo Domingo (Libog)',5,NULL,NULL),(83,'Tiwi',5,NULL,NULL),(84,'Anini-y',6,NULL,NULL),(85,'Barbaza',6,NULL,NULL),(86,'Belison',6,NULL,NULL),(87,'Bugasong',6,NULL,NULL),(88,'Caluya',6,NULL,NULL),(89,'Culasi',6,NULL,NULL),(90,'Hamtic',6,NULL,NULL),(91,'Laua-an',6,NULL,NULL),(92,'Libertad',6,NULL,NULL),(93,'Pandan',6,NULL,NULL),(94,'Patnongon',6,NULL,NULL),(95,'San Jose',6,NULL,NULL),(96,'San Remigio',6,NULL,NULL),(97,'Sebaste',6,NULL,NULL),(98,'Sibalom',6,NULL,NULL),(99,'Tibiao',6,NULL,NULL),(100,'Tobias Fornier',6,NULL,NULL),(101,'Valderrama',6,NULL,NULL),(102,'Calanasan (Bayag)',7,NULL,NULL),(103,'Conner',7,NULL,NULL),(104,'Flora',7,NULL,NULL),(105,'Kabugao (Capital)',7,NULL,NULL),(106,'Luna',7,NULL,NULL),(107,'Pudtol',7,NULL,NULL),(108,'Santa Marcela',7,NULL,NULL),(109,'Baler',8,NULL,NULL),(110,'Casiguran',8,NULL,NULL),(111,'Dilasag',8,NULL,NULL),(112,'Dinalungan',8,NULL,NULL),(113,'Dingalan',8,NULL,NULL),(114,'Dipaculao',8,NULL,NULL),(115,'Maria Aurora',8,NULL,NULL),(116,'San Luis',8,NULL,NULL),(117,'Akbar',9,NULL,NULL),(118,'Al-Barka',9,NULL,NULL),(119,'Hadji Mohammad Ajul',9,NULL,NULL),(120,'Hadji Muhtamad',9,NULL,NULL),(121,'Isabela City',9,NULL,NULL),(122,'Lamitan',9,NULL,NULL),(123,'Lantawan',9,NULL,NULL),(124,'Maluso',9,NULL,NULL),(125,'Sumisip',9,NULL,NULL),(126,'Tipo-Tipo',9,NULL,NULL),(127,'Tuburan',9,NULL,NULL),(128,'Ungkaya Pukan',9,NULL,NULL),(129,'Balanga',10,NULL,NULL),(130,'Dinalupihan',10,NULL,NULL),(131,'Hermosa',10,NULL,NULL),(132,'Limay',10,NULL,NULL),(133,'Mariveles',10,NULL,NULL),(134,'Morong',10,NULL,NULL),(135,'Orani',10,NULL,NULL),(136,'Orion',10,NULL,NULL),(137,'Pilar',10,NULL,NULL),(138,'Samal',10,NULL,NULL),(139,'Basco',11,NULL,NULL),(140,'Itbayat',11,NULL,NULL),(141,'Ivana',11,NULL,NULL),(142,'Mahatao',11,NULL,NULL),(143,'Sabtang',11,NULL,NULL),(144,'Uyugan',11,NULL,NULL),(145,'Agoncillo',12,NULL,NULL),(146,'Alitagtag',12,NULL,NULL),(147,'Balayan',12,NULL,NULL),(148,'Balete',12,NULL,NULL),(149,'Batangas City',12,NULL,NULL),(150,'Bauan',12,NULL,NULL),(151,'Calaca',12,NULL,NULL),(152,'Calatagan',12,NULL,NULL),(153,'Cuenca',12,NULL,NULL),(154,'Ibaan',12,NULL,NULL),(155,'Laurel',12,NULL,NULL),(156,'Lemery',12,NULL,NULL),(157,'Lian',12,NULL,NULL),(158,'Lipa City',12,NULL,NULL),(159,'Lobo',12,NULL,NULL),(160,'Mabini',12,NULL,NULL),(161,'Malvar',12,NULL,NULL),(162,'Mataasnakahoy',12,NULL,NULL),(163,'Nasugbu',12,NULL,NULL),(164,'Padre Garcia',12,NULL,NULL),(165,'Rosario',12,NULL,NULL),(166,'San Jose',12,NULL,NULL),(167,'San Juan',12,NULL,NULL),(168,'San Luis',12,NULL,NULL),(169,'San Nicolas',12,NULL,NULL),(170,'San Pascual',12,NULL,NULL),(171,'Santa Teresita',12,NULL,NULL),(172,'Santo Tomas',12,NULL,NULL),(173,'Taal',12,NULL,NULL),(174,'Talisay',12,NULL,NULL),(175,'Tanauan City',12,NULL,NULL),(176,'Taysan',12,NULL,NULL),(177,'Tingloy',12,NULL,NULL),(178,'Tuy',12,NULL,NULL),(179,'Baguio City',13,NULL,NULL),(180,'Atok',13,NULL,NULL),(181,'Bakun',13,NULL,NULL),(182,'Bokod',13,NULL,NULL),(183,'Buguias',13,NULL,NULL),(184,'Itogon',13,NULL,NULL),(185,'Kabayan',13,NULL,NULL),(186,'Kapangan',13,NULL,NULL),(187,'Kibungan',13,NULL,NULL),(188,'La Trinidad',13,NULL,NULL),(189,'Mankayan',13,NULL,NULL),(190,'Sablan',13,NULL,NULL),(191,'Tuba',13,NULL,NULL),(192,'Tublay',13,NULL,NULL),(193,'Almeria',14,NULL,NULL),(194,'Biliran',14,NULL,NULL),(195,'Cabucgayan',14,NULL,NULL),(196,'Caibiran',14,NULL,NULL),(197,'Culaba',14,NULL,NULL),(198,'Kawayan',14,NULL,NULL),(199,'Maripipi',14,NULL,NULL),(200,'Naval',14,NULL,NULL),(201,'Alburquerque',15,NULL,NULL),(202,'Alicia',15,NULL,NULL),(203,'Anda',15,NULL,NULL),(204,'Antequera',15,NULL,NULL),(205,'Baclayon',15,NULL,NULL),(206,'Balilihan',15,NULL,NULL),(207,'Batuan',15,NULL,NULL),(208,'Bien Unido',15,NULL,NULL),(209,'Bilar',15,NULL,NULL),(210,'Buenavista',15,NULL,NULL),(211,'Calape',15,NULL,NULL),(212,'Candijay',15,NULL,NULL),(213,'Carmen',15,NULL,NULL),(214,'Catigbian',15,NULL,NULL),(215,'Clarin',15,NULL,NULL),(216,'Corella',15,NULL,NULL),(217,'Cortes',15,NULL,NULL),(218,'Dagohoy',15,NULL,NULL),(219,'Danao',15,NULL,NULL),(220,'Dauis',15,NULL,NULL),(221,'Dimiao',15,NULL,NULL),(222,'Duero',15,NULL,NULL),(223,'Garcia Hernandez',15,NULL,NULL),(224,'Getafe',15,NULL,NULL),(225,'Guindulman',15,NULL,NULL),(226,'Inabanga',15,NULL,NULL),(227,'Jagna',15,NULL,NULL),(228,'Lila',15,NULL,NULL),(229,'Loay',15,NULL,NULL),(230,'Loboc',15,NULL,NULL),(231,'Loon',15,NULL,NULL),(232,'Mabini',15,NULL,NULL),(233,'Maribojoc',15,NULL,NULL),(234,'Panglao',15,NULL,NULL),(235,'Pilar',15,NULL,NULL),(236,'Pres. Carlos P. Garcia',15,NULL,NULL),(237,'Sagbayan',15,NULL,NULL),(238,'San Miguel',15,NULL,NULL),(239,'Sevilla',15,NULL,NULL),(240,'Sierra Bullones',15,NULL,NULL),(241,'Sikatuna',15,NULL,NULL),(242,'Tagbilaran City',15,NULL,NULL),(243,'Talibon',15,NULL,NULL),(244,'Trinidad',15,NULL,NULL),(245,'Tubigon',15,NULL,NULL),(246,'Ubay',15,NULL,NULL),(247,'Valencia',15,NULL,NULL),(248,'Baungon',16,NULL,NULL),(249,'Cabanglasan',16,NULL,NULL),(250,'Damulog',16,NULL,NULL),(251,'Dangcagan',16,NULL,NULL),(252,'Don Carlos',16,NULL,NULL),(253,'Impasugong',16,NULL,NULL),(254,'Kadingilan',16,NULL,NULL),(255,'Kalilangan',16,NULL,NULL),(256,'Kibawe',16,NULL,NULL),(257,'Kitaotao',16,NULL,NULL),(258,'Lantapan',16,NULL,NULL),(259,'Libona',16,NULL,NULL),(260,'Malaybalay City',16,NULL,NULL),(261,'Malitbog',16,NULL,NULL),(262,'Manolo Fortich',16,NULL,NULL),(263,'Maramag',16,NULL,NULL),(264,'Pangantucan',16,NULL,NULL),(265,'Quezon',16,NULL,NULL),(266,'San Fernando',16,NULL,NULL),(267,'Sumilao',16,NULL,NULL),(268,'Talakag',16,NULL,NULL),(269,'Valencia City',16,NULL,NULL),(270,'Angat',17,NULL,NULL),(271,'Balagtas',17,NULL,NULL),(272,'Balamban',17,NULL,NULL),(273,'Baliuag',17,NULL,NULL),(274,'Bocaue',17,NULL,NULL),(275,'Bulacan',17,NULL,NULL),(276,'Bustos',17,NULL,NULL),(277,'Calumpit',17,NULL,NULL),(278,'Dona Remedios Trinidad',17,NULL,NULL),(279,'Guiguinto',17,NULL,NULL),(280,'Hagonoy',17,NULL,NULL),(281,'Malolos City',17,NULL,NULL),(282,'Marilao',17,NULL,NULL),(283,'Meycauayan City',17,NULL,NULL),(284,'Norzagaray',17,NULL,NULL),(285,'Obando',17,NULL,NULL),(286,'Pandi',17,NULL,NULL),(287,'Paombong',17,NULL,NULL),(288,'Plaridel',17,NULL,NULL),(289,'Pulilan',17,NULL,NULL),(290,'San Ildefonso',17,NULL,NULL),(291,'San Jose del Monte City',17,NULL,NULL),(292,'San Miguel',17,NULL,NULL),(293,'San Rafael',17,NULL,NULL),(294,'Santa Maria',17,NULL,NULL),(295,'Abulug',18,NULL,NULL),(296,'Alcala',18,NULL,NULL),(297,'Allacapan',18,NULL,NULL),(298,'Amulung',18,NULL,NULL),(299,'Aparri',18,NULL,NULL),(300,'Baggao',18,NULL,NULL),(301,'Ballesteros',18,NULL,NULL),(302,'Buguey',18,NULL,NULL),(303,'Calayan',18,NULL,NULL),(304,'Camalaniugan',18,NULL,NULL),(305,'Claveria',18,NULL,NULL),(306,'Enrile',18,NULL,NULL),(307,'Gattaran',18,NULL,NULL),(308,'Gonzaga',18,NULL,NULL),(309,'Iguig',18,NULL,NULL),(310,'Lal-lo',18,NULL,NULL),(311,'Lasam',18,NULL,NULL),(312,'Pamplona',18,NULL,NULL),(313,'Penablanca',18,NULL,NULL),(314,'Piat',18,NULL,NULL),(315,'Rizal',18,NULL,NULL),(316,'Sanchez-Mira',18,NULL,NULL),(317,'Santa Ana',18,NULL,NULL),(318,'Santa Praxedes',18,NULL,NULL),(319,'Santa Teresita',18,NULL,NULL),(320,'Santo Nino',18,NULL,NULL),(321,'Solana',18,NULL,NULL),(322,'Tuao',18,NULL,NULL),(323,'Tuguegarao City',18,NULL,NULL),(324,'Basud',19,NULL,NULL),(325,'Capalonga',19,NULL,NULL),(326,'Daet',19,NULL,NULL),(327,'Jose Panganiban',19,NULL,NULL),(328,'Labo',19,NULL,NULL),(329,'Mercedes',19,NULL,NULL),(330,'Paracale',19,NULL,NULL),(331,'San Lorenzo Ruiz',19,NULL,NULL),(332,'San Vicente',19,NULL,NULL),(333,'Santa Elena',19,NULL,NULL),(334,'Talisay',19,NULL,NULL),(335,'Vinzons',19,NULL,NULL),(336,'Baao',20,NULL,NULL),(337,'Balatan',20,NULL,NULL),(338,'Bato',20,NULL,NULL),(339,'Bombon',20,NULL,NULL),(340,'Buhi',20,NULL,NULL),(341,'Bula',20,NULL,NULL),(342,'Cabusao',20,NULL,NULL),(343,'Calabanga',20,NULL,NULL),(344,'Camaligan',20,NULL,NULL),(345,'Canaman',20,NULL,NULL),(346,'Caramoan',20,NULL,NULL),(347,'Del Gallego',20,NULL,NULL),(348,'Gainza',20,NULL,NULL),(349,'Garchitorena',20,NULL,NULL),(350,'Goa',20,NULL,NULL),(351,'Lagonoy',20,NULL,NULL),(352,'Libmanan',20,NULL,NULL),(353,'Lupi',20,NULL,NULL),(354,'Magarao',20,NULL,NULL),(355,'Milaor',20,NULL,NULL),(356,'Minalabac',20,NULL,NULL),(357,'Nabua',20,NULL,NULL),(358,'Ocampo',20,NULL,NULL),(359,'Pamplona',20,NULL,NULL),(360,'Pasacao',20,NULL,NULL),(361,'Pili',20,NULL,NULL),(362,'Presentacion',20,NULL,NULL),(363,'Ragay',20,NULL,NULL),(364,'Sagnay',20,NULL,NULL),(365,'San Fernando',20,NULL,NULL),(366,'San Jose',20,NULL,NULL),(367,'Sipocot',20,NULL,NULL),(368,'Siruma',20,NULL,NULL),(369,'Tigaon',20,NULL,NULL),(370,'Tinambac',20,NULL,NULL),(371,'Naga City',20,NULL,NULL),(372,'Iriga City',20,NULL,NULL),(373,'Catarman',21,NULL,NULL),(374,'Guinsiliban',21,NULL,NULL),(375,'Mahinog',21,NULL,NULL),(376,'Mambajao',21,NULL,NULL),(377,'Sagay',21,NULL,NULL),(378,'Cuartero',22,NULL,NULL),(379,'Dao',22,NULL,NULL),(380,'Dumalag',22,NULL,NULL),(381,'Dumarao',22,NULL,NULL),(382,'Ivisan',22,NULL,NULL),(383,'Jamindan',22,NULL,NULL),(384,'Maayon',22,NULL,NULL),(385,'Mambusao',22,NULL,NULL),(386,'Panay',22,NULL,NULL),(387,'Panitan',22,NULL,NULL),(388,'Pilar',22,NULL,NULL),(389,'Pontevedra',22,NULL,NULL),(390,'President Roxas',22,NULL,NULL),(391,'Roxas City',22,NULL,NULL),(392,'Sapian',22,NULL,NULL),(393,'Sigma',22,NULL,NULL),(394,'Tapaz',22,NULL,NULL),(395,'Bagamanoc',23,NULL,NULL),(396,'Baras',23,NULL,NULL),(397,'Bato',23,NULL,NULL),(398,'Caramoran',23,NULL,NULL),(399,'Gigmoto',23,NULL,NULL),(400,'Pandan',23,NULL,NULL),(401,'Panganiban',23,NULL,NULL),(402,'San Andres',23,NULL,NULL),(403,'San Miguel',23,NULL,NULL),(404,'Viga',23,NULL,NULL),(405,'Virac',23,NULL,NULL),(406,'Bacoor',24,NULL,NULL),(407,'Cavite City',24,NULL,NULL),(408,'Dasmariñas',24,NULL,NULL),(409,'General Trias',24,NULL,NULL),(410,'Imus',24,NULL,NULL),(411,'Trece Martires',24,NULL,NULL),(412,'Tagaytay',24,NULL,NULL),(413,'Silang',24,NULL,NULL),(414,'Tanza',24,NULL,NULL),(415,'Amadeo',24,NULL,NULL),(416,'Carmona',24,NULL,NULL),(417,'General Mariano Alvarez',24,NULL,NULL),(418,'Indang',24,NULL,NULL),(419,'Kawit',24,NULL,NULL),(420,'Magallanes',24,NULL,NULL),(421,'Maragondon',24,NULL,NULL),(422,'Mendez',24,NULL,NULL),(423,'Naic',24,NULL,NULL),(424,'Noveleta',24,NULL,NULL),(425,'Rosario',24,NULL,NULL),(426,'Alfonso',24,NULL,NULL),(427,'Gen. Emilio Aguinaldo',24,NULL,NULL),(428,'Gen. Miguel Malvar',24,NULL,NULL),(429,'Gen. Antonio Luna',24,NULL,NULL),(430,'Gen. Artemio Ricarte',24,NULL,NULL),(431,'Alcantara',25,NULL,NULL),(432,'Alcoy',25,NULL,NULL),(433,'Alegria',25,NULL,NULL),(434,'Aloguinsan',25,NULL,NULL),(435,'Argao',25,NULL,NULL),(436,'Asturias',25,NULL,NULL),(437,'Badian',25,NULL,NULL),(438,'Balamban',25,NULL,NULL),(439,'Bantayan',25,NULL,NULL),(440,'Barili',25,NULL,NULL),(441,'Bogo',25,NULL,NULL),(442,'Boljoon',25,NULL,NULL),(443,'Borbon',25,NULL,NULL),(444,'Carcar',25,NULL,NULL),(445,'Carmen',25,NULL,NULL),(446,'Catmon',25,NULL,NULL),(447,'Cebu City',25,NULL,NULL),(448,'Compostela',25,NULL,NULL),(449,'Consolacion',25,NULL,NULL),(450,'Cordova',25,NULL,NULL),(451,'Daanbantayan',25,NULL,NULL),(452,'Dalaguete',25,NULL,NULL),(453,'Danao City',25,NULL,NULL),(454,'Dumanjug',25,NULL,NULL),(455,'Ginatilan',25,NULL,NULL),(456,'Liloan',25,NULL,NULL),(457,'Madridejos',25,NULL,NULL),(458,'Malabuyoc',25,NULL,NULL),(459,'Mandaue',25,NULL,NULL),(460,'Medellin',25,NULL,NULL),(461,'Minglanilla',25,NULL,NULL),(462,'Moalboal',25,NULL,NULL),(463,'Naga',25,NULL,NULL),(464,'Oslob',25,NULL,NULL),(465,'Pilar',25,NULL,NULL),(466,'Pinamungajan',25,NULL,NULL),(467,'Poro',25,NULL,NULL),(468,'Ronda',25,NULL,NULL),(469,'Samboan',25,NULL,NULL),(470,'San Fernando',25,NULL,NULL),(471,'San Francisco',25,NULL,NULL),(472,'San Remigio',25,NULL,NULL),(473,'Santa Fe',25,NULL,NULL),(474,'Santander',25,NULL,NULL),(475,'Sibonga',25,NULL,NULL),(476,'Sogod',25,NULL,NULL),(477,'Tabogon',25,NULL,NULL),(478,'Tabuelan',25,NULL,NULL),(479,'Talisay',25,NULL,NULL),(480,'Toledo',25,NULL,NULL),(481,'Tuburan',25,NULL,NULL),(482,'Tudela',25,NULL,NULL),(483,'Alamada',26,NULL,NULL),(484,'Aleosan',26,NULL,NULL),(485,'Antipas',26,NULL,NULL),(486,'Arakan',26,NULL,NULL),(487,'Banisilan',26,NULL,NULL),(488,'Carmen',26,NULL,NULL),(489,'Kabacan',26,NULL,NULL),(490,'Kidapawan',26,NULL,NULL),(491,'Libungan',26,NULL,NULL),(492,'M\'lang',26,NULL,NULL),(493,'Magpet',26,NULL,NULL),(494,'Makilala',26,NULL,NULL),(495,'Matalam',26,NULL,NULL),(496,'Midsayap',26,NULL,NULL),(497,'Pigcawayan',26,NULL,NULL),(498,'Pikit',26,NULL,NULL),(499,'President Roxas',26,NULL,NULL),(500,'Tulunan',26,NULL,NULL),(501,'Compostela',27,NULL,NULL),(502,'Laak',27,NULL,NULL),(503,'Mabini',27,NULL,NULL),(504,'Maco',27,NULL,NULL),(505,'Maragusan',27,NULL,NULL),(506,'Mawab',27,NULL,NULL),(507,'Monkayo',27,NULL,NULL),(508,'Montevista',27,NULL,NULL),(509,'Nabunturan',27,NULL,NULL),(510,'New Bataan',27,NULL,NULL),(511,'Pantukan',27,NULL,NULL),(512,'Asuncion',28,NULL,NULL),(513,'Braulio E. Dujali',28,NULL,NULL),(514,'Carmen',28,NULL,NULL),(515,'Kapalong',28,NULL,NULL),(516,'New Corella',28,NULL,NULL),(517,'Panabo',28,NULL,NULL),(518,'Samal',28,NULL,NULL),(519,'San Isidro',28,NULL,NULL),(520,'Santo Tomas',28,NULL,NULL),(521,'Tagum City',28,NULL,NULL),(522,'Talaingod',28,NULL,NULL),(523,'Bansalan',29,NULL,NULL),(524,'Davao City',29,NULL,NULL),(525,'Digos',29,NULL,NULL),(526,'Hagonoy',29,NULL,NULL),(527,'Kiblawan',29,NULL,NULL),(528,'Magsaysay',29,NULL,NULL),(529,'Malalag',29,NULL,NULL),(530,'Matanao',29,NULL,NULL),(531,'Padada',29,NULL,NULL),(532,'Santa Cruz',29,NULL,NULL),(533,'Sulop',29,NULL,NULL),(534,'Don Marcelino',30,NULL,NULL),(535,'Jose Abad Santos',30,NULL,NULL),(536,'Malita',30,NULL,NULL),(537,'Santa Maria',30,NULL,NULL),(538,'Sarangani',30,NULL,NULL),(539,'Baganga',31,NULL,NULL),(540,'Banaybanay',31,NULL,NULL),(541,'Boston',31,NULL,NULL),(542,'Caraga',31,NULL,NULL),(543,'Cateel',31,NULL,NULL),(544,'Governor Generoso',31,NULL,NULL),(545,'Lupon',31,NULL,NULL),(546,'Manay',31,NULL,NULL),(547,'Mati',31,NULL,NULL),(548,'San Isidro',31,NULL,NULL),(549,'Tarragona',31,NULL,NULL),(550,'Basilisa',32,NULL,NULL),(551,'Cagdianao',32,NULL,NULL),(552,'Dinagat',32,NULL,NULL),(553,'Libjo',32,NULL,NULL),(554,'Loreto',32,NULL,NULL),(555,'San Jose',32,NULL,NULL),(556,'Tubajon',32,NULL,NULL),(557,'Arteche',33,NULL,NULL),(558,'Balangiga',33,NULL,NULL),(559,'Balangkayan',33,NULL,NULL),(560,'Borongan',33,NULL,NULL),(561,'Can-avid',33,NULL,NULL),(562,'Dolores',33,NULL,NULL),(563,'General MacArthur',33,NULL,NULL),(564,'Giporlos',33,NULL,NULL),(565,'Guiuan',33,NULL,NULL),(566,'Hernani',33,NULL,NULL),(567,'Jipapad',33,NULL,NULL),(568,'Lawaan',33,NULL,NULL),(569,'Llorente',33,NULL,NULL),(570,'Maslog',33,NULL,NULL),(571,'Maydolong',33,NULL,NULL),(572,'Mercedes',33,NULL,NULL),(573,'Oras',33,NULL,NULL),(574,'Quinapondan',33,NULL,NULL),(575,'Salcedo',33,NULL,NULL),(576,'San Julian',33,NULL,NULL),(577,'San Policarpo',33,NULL,NULL),(578,'Sulat',33,NULL,NULL),(579,'Taft',33,NULL,NULL),(580,'Buenavista',34,NULL,NULL),(581,'Jordan',34,NULL,NULL),(582,'Nueva Valencia',34,NULL,NULL),(583,'San Lorenzo',34,NULL,NULL),(584,'Sibunag',34,NULL,NULL),(585,'Aguinaldo',35,NULL,NULL),(586,'Alfonso Lista',35,NULL,NULL),(587,'Asipulo',35,NULL,NULL),(588,'Banaue',35,NULL,NULL),(589,'Hingyon',35,NULL,NULL),(590,'Hungduan',35,NULL,NULL),(591,'Kiangan',35,NULL,NULL),(592,'Lagawe',35,NULL,NULL),(593,'Lamut',35,NULL,NULL),(594,'Mayoyao',35,NULL,NULL),(595,'Tinoc',35,NULL,NULL),(596,'Adams',36,NULL,NULL),(597,'Bacarra',36,NULL,NULL),(598,'Badoc',36,NULL,NULL),(599,'Bangui',36,NULL,NULL),(600,'Banna',36,NULL,NULL),(601,'Batac',36,NULL,NULL),(602,'Burgos',36,NULL,NULL),(603,'Carasi',36,NULL,NULL),(604,'Currimao',36,NULL,NULL),(605,'Dingras',36,NULL,NULL),(606,'Dumalneg',36,NULL,NULL),(607,'Marcos',36,NULL,NULL),(608,'Nueva Era',36,NULL,NULL),(609,'Pagudpud',36,NULL,NULL),(610,'Paoay',36,NULL,NULL),(611,'Pasuquin',36,NULL,NULL),(612,'Piddig',36,NULL,NULL),(613,'Pinili',36,NULL,NULL),(614,'San Nicolas',36,NULL,NULL),(615,'Sarrat',36,NULL,NULL),(616,'Solsona',36,NULL,NULL),(617,'Vintar',36,NULL,NULL),(618,'Alilem',37,NULL,NULL),(619,'Banayoyo',37,NULL,NULL),(620,'Bantay',37,NULL,NULL),(621,'Burgos',37,NULL,NULL),(622,'Cabugao',37,NULL,NULL),(623,'Candon',37,NULL,NULL),(624,'Caoayan',37,NULL,NULL),(625,'Cervantes',37,NULL,NULL),(626,'Galimuyod',37,NULL,NULL),(627,'Gregorio Del Pilar',37,NULL,NULL),(628,'Lidlidda',37,NULL,NULL),(629,'Magsingal',37,NULL,NULL),(630,'Nagbukel',37,NULL,NULL),(631,'Narvacan',37,NULL,NULL),(632,'Quirino',37,NULL,NULL),(633,'Salcedo',37,NULL,NULL),(634,'San Emilio',37,NULL,NULL),(635,'San Esteban',37,NULL,NULL),(636,'San Ildefonso',37,NULL,NULL),(637,'San Juan',37,NULL,NULL),(638,'San Vicente',37,NULL,NULL),(639,'Santa',37,NULL,NULL),(640,'Santa Catalina',37,NULL,NULL),(641,'Santa Cruz',37,NULL,NULL),(642,'Santa Lucia',37,NULL,NULL),(643,'Santa Maria',37,NULL,NULL),(644,'Santiago',37,NULL,NULL),(645,'Santo Domingo',37,NULL,NULL),(646,'Sigay',37,NULL,NULL),(647,'Sinait',37,NULL,NULL),(648,'Sugpon',37,NULL,NULL),(649,'Suyo',37,NULL,NULL),(650,'Tagudin',37,NULL,NULL),(651,'Vigan',37,NULL,NULL),(652,'Ajuy',38,NULL,NULL),(653,'Alimodian',38,NULL,NULL),(654,'Anilao',38,NULL,NULL),(655,'Badiangan',38,NULL,NULL),(656,'Balasan',38,NULL,NULL),(657,'Banate',38,NULL,NULL),(658,'Barotac Nuevo',38,NULL,NULL),(659,'Barotac Viejo',38,NULL,NULL),(660,'Batad',38,NULL,NULL),(661,'Bingawan',38,NULL,NULL),(662,'Cabatuan',38,NULL,NULL),(663,'Calinog',38,NULL,NULL),(664,'Carles',38,NULL,NULL),(665,'Concepcion',38,NULL,NULL),(666,'Dingle',38,NULL,NULL),(667,'Dueñas',38,NULL,NULL),(668,'Dumangas',38,NULL,NULL),(669,'Estancia',38,NULL,NULL),(670,'Guimbal',38,NULL,NULL),(671,'Igbaras',38,NULL,NULL),(672,'Iloilo City',38,NULL,NULL),(673,'Janiuay',38,NULL,NULL),(674,'Lambunao',38,NULL,NULL),(675,'Leganes',38,NULL,NULL),(676,'Lemery',38,NULL,NULL),(677,'Leon',38,NULL,NULL),(678,'Maasin',38,NULL,NULL),(679,'Miagao',38,NULL,NULL),(680,'Mina',38,NULL,NULL),(681,'New Lucena',38,NULL,NULL),(682,'Oton',38,NULL,NULL),(683,'Pavia',38,NULL,NULL),(684,'Pototan',38,NULL,NULL),(685,'San Dionisio',38,NULL,NULL),(686,'San Enrique',38,NULL,NULL),(687,'San Joaquin',38,NULL,NULL),(688,'San Miguel',38,NULL,NULL),(689,'San Rafael',38,NULL,NULL),(690,'Santa Barbara',38,NULL,NULL),(691,'Sara',38,NULL,NULL),(692,'Tigbauan',38,NULL,NULL),(693,'Tubungan',38,NULL,NULL),(694,'Zarraga',38,NULL,NULL),(695,'Alicia',39,NULL,NULL),(696,'Angadanan',39,NULL,NULL),(697,'Aurora',39,NULL,NULL),(698,'Benito Soliven',39,NULL,NULL),(699,'Burgos',39,NULL,NULL),(700,'Cabagan',39,NULL,NULL),(701,'Cabatuan',39,NULL,NULL),(702,'Cauayan',39,NULL,NULL),(703,'Cordon',39,NULL,NULL),(704,'Delfin Albano',39,NULL,NULL),(705,'Dinapigue',39,NULL,NULL),(706,'Divilacan',39,NULL,NULL),(707,'Echague',39,NULL,NULL),(708,'Gamu',39,NULL,NULL),(709,'Ilagan',39,NULL,NULL),(710,'Jones',39,NULL,NULL),(711,'Luna',39,NULL,NULL),(712,'Maconacon',39,NULL,NULL),(713,'Mallig',39,NULL,NULL),(714,'Naguilian',39,NULL,NULL),(715,'Palanan',39,NULL,NULL),(716,'Quezon',39,NULL,NULL),(717,'Quirino',39,NULL,NULL),(718,'Ramon',39,NULL,NULL),(719,'Reina Mercedes',39,NULL,NULL),(720,'Roxas',39,NULL,NULL),(721,'San Agustin',39,NULL,NULL),(722,'San Guillermo',39,NULL,NULL),(723,'San Isidro',39,NULL,NULL),(724,'San Manuel',39,NULL,NULL),(725,'San Mariano',39,NULL,NULL),(726,'San Mateo',39,NULL,NULL),(727,'San Pablo',39,NULL,NULL),(728,'Santa Maria',39,NULL,NULL),(729,'Santiago',39,NULL,NULL),(730,'Santo Tomas',39,NULL,NULL),(731,'Tumauini',39,NULL,NULL),(732,'Balbalan',40,NULL,NULL),(733,'Lubuagan',40,NULL,NULL),(734,'Pasil',40,NULL,NULL),(735,'Pinukpuk',40,NULL,NULL),(736,'Rizal',40,NULL,NULL),(737,'Tabuk',40,NULL,NULL),(738,'Tanudan',40,NULL,NULL),(739,'Tinglayan',40,NULL,NULL),(740,'Agoo',41,NULL,NULL),(741,'Aringay',41,NULL,NULL),(742,'Bacnotan',41,NULL,NULL),(743,'Bagulin',41,NULL,NULL),(744,'Balaoan',41,NULL,NULL),(745,'Bangar',41,NULL,NULL),(746,'Bauang',41,NULL,NULL),(747,'Burgos',41,NULL,NULL),(748,'Caba',41,NULL,NULL),(749,'Luna',41,NULL,NULL),(750,'Naguilian',41,NULL,NULL),(751,'Pugo',41,NULL,NULL),(752,'Rosario',41,NULL,NULL),(753,'San Fernando',41,NULL,NULL),(754,'San Gabriel',41,NULL,NULL),(755,'San Juan',41,NULL,NULL),(756,'Santo Tomas',41,NULL,NULL),(757,'Santol',41,NULL,NULL),(758,'Sudipen',41,NULL,NULL),(759,'Tubao',41,NULL,NULL),(760,'Alaminos',42,NULL,NULL),(761,'Bay',42,NULL,NULL),(762,'Biñan',42,NULL,NULL),(763,'Cabuyao',42,NULL,NULL),(764,'Calamba',42,NULL,NULL),(765,'Calauan',42,NULL,NULL),(766,'Cavinti',42,NULL,NULL),(767,'Famy',42,NULL,NULL),(768,'Kalayaan',42,NULL,NULL),(769,'Liliw',42,NULL,NULL),(770,'Los Baños',42,NULL,NULL),(771,'Luisiana',42,NULL,NULL),(772,'Lumban',42,NULL,NULL),(773,'Mabitac',42,NULL,NULL),(774,'Magdalena',42,NULL,NULL),(775,'Majayjay',42,NULL,NULL),(776,'Nagcarlan',42,NULL,NULL),(777,'Paete',42,NULL,NULL),(778,'Pagsanjan',42,NULL,NULL),(779,'Pakil',42,NULL,NULL),(780,'Pangil',42,NULL,NULL),(781,'Pila',42,NULL,NULL),(782,'Rizal',42,NULL,NULL),(783,'San Pablo',42,NULL,NULL),(784,'San Pedro',42,NULL,NULL),(785,'Santa Cruz',42,NULL,NULL),(786,'Santa Maria',42,NULL,NULL),(787,'Santa Rosa',42,NULL,NULL),(788,'Siniloan',42,NULL,NULL),(789,'Victoria',42,NULL,NULL),(790,'Bacolod',43,NULL,NULL),(791,'Baloi',43,NULL,NULL),(792,'Baroy',43,NULL,NULL),(793,'Kapatagan',43,NULL,NULL),(794,'Kauswagan',43,NULL,NULL),(795,'Kolambugan',43,NULL,NULL),(796,'Lala',43,NULL,NULL),(797,'Linamon',43,NULL,NULL),(798,'Magsaysay',43,NULL,NULL),(799,'Maigo',43,NULL,NULL),(800,'Matungao',43,NULL,NULL),(801,'Munai',43,NULL,NULL),(802,'Nunungan',43,NULL,NULL),(803,'Pantao Ragat',43,NULL,NULL),(804,'Pantar',43,NULL,NULL),(805,'Poona Piagapo',43,NULL,NULL),(806,'Salvador',43,NULL,NULL),(807,'Sapad',43,NULL,NULL),(808,'Sultan Naga Dimaporo',43,NULL,NULL),(809,'Tagoloan',43,NULL,NULL),(810,'Tangcal',43,NULL,NULL),(811,'Tubod',43,NULL,NULL),(812,'Bacolod-Kalawi',44,NULL,NULL),(813,'Balabagan',44,NULL,NULL),(814,'Balindong',44,NULL,NULL),(815,'Bayang',44,NULL,NULL),(816,'Binidayan',44,NULL,NULL),(817,'Buadiposo-Buntong',44,NULL,NULL),(818,'Bubong',44,NULL,NULL),(819,'Bumbaran',44,NULL,NULL),(820,'Butig',44,NULL,NULL),(821,'Calanogas',44,NULL,NULL),(822,'Ditsaan-Ramain',44,NULL,NULL),(823,'Ganassi',44,NULL,NULL),(824,'Kapai',44,NULL,NULL),(825,'Kapatagan',44,NULL,NULL),(826,'Lumba-Bayabao',44,NULL,NULL),(827,'Lumbaca-Unayan',44,NULL,NULL),(828,'Lumbatan',44,NULL,NULL),(829,'Lumbayanague',44,NULL,NULL),(830,'Madalum',44,NULL,NULL),(831,'Madamba',44,NULL,NULL),(832,'Maguing',44,NULL,NULL),(833,'Malabang',44,NULL,NULL),(834,'Marantao',44,NULL,NULL),(835,'Marawi',44,NULL,NULL),(836,'Marogong',44,NULL,NULL),(837,'Masiu',44,NULL,NULL),(838,'Mulondo',44,NULL,NULL),(839,'Pagayawan',44,NULL,NULL),(840,'Piagapo',44,NULL,NULL),(841,'Poona Bayabao',44,NULL,NULL),(842,'Pualas',44,NULL,NULL),(843,'Saguiaran',44,NULL,NULL),(844,'Sultan Dumalondong',44,NULL,NULL),(845,'Tagoloan II',44,NULL,NULL),(846,'Tamparan',44,NULL,NULL),(847,'Taraka',44,NULL,NULL),(848,'Tubaran',44,NULL,NULL),(849,'Tugaya',44,NULL,NULL),(850,'Wao',44,NULL,NULL),(851,'Abuyog',45,NULL,NULL),(852,'Alangalang',45,NULL,NULL),(853,'Albuera',45,NULL,NULL),(854,'Babatngon',45,NULL,NULL),(855,'Barugo',45,NULL,NULL),(856,'Bato',45,NULL,NULL),(857,'Baybay',45,NULL,NULL),(858,'Burauen',45,NULL,NULL),(859,'Calubian',45,NULL,NULL),(860,'Capoocan',45,NULL,NULL),(861,'Carigara',45,NULL,NULL),(862,'Dagami',45,NULL,NULL),(863,'Dulag',45,NULL,NULL),(864,'Hilongos',45,NULL,NULL),(865,'Hindang',45,NULL,NULL),(866,'Inopacan',45,NULL,NULL),(867,'Isabel',45,NULL,NULL),(868,'Jaro',45,NULL,NULL),(869,'Javier',45,NULL,NULL),(870,'Julita',45,NULL,NULL),(871,'Kananga',45,NULL,NULL),(872,'La Paz',45,NULL,NULL),(873,'Leyte',45,NULL,NULL),(874,'MacArthur',45,NULL,NULL),(875,'Mahaplag',45,NULL,NULL),(876,'Matag-ob',45,NULL,NULL),(877,'Matalom',45,NULL,NULL),(878,'Mayorga',45,NULL,NULL),(879,'Merida',45,NULL,NULL),(880,'Ormoc',45,NULL,NULL),(881,'Palo',45,NULL,NULL),(882,'Palompon',45,NULL,NULL),(883,'Pastrana',45,NULL,NULL),(884,'San Isidro',45,NULL,NULL),(885,'San Miguel',45,NULL,NULL),(886,'Santa Fe',45,NULL,NULL),(887,'Tabango',45,NULL,NULL),(888,'Tabontabon',45,NULL,NULL),(889,'Tacloban',45,NULL,NULL),(890,'Tanauan',45,NULL,NULL),(891,'Tolosa',45,NULL,NULL),(892,'Tunga',45,NULL,NULL),(893,'Villaba',45,NULL,NULL),(894,'Ampatuan',46,NULL,NULL),(895,'Barira',46,NULL,NULL),(896,'Buldon',46,NULL,NULL),(897,'Datu Abdullah Sangki',46,NULL,NULL),(898,'Datu Anggal Midtimbang',46,NULL,NULL),(899,'Datu Blah T. Sinsuat',46,NULL,NULL),(900,'Datu Hoffer Ampatuan',46,NULL,NULL),(901,'Datu Montawal',46,NULL,NULL),(902,'Datu Odin Sinsuat',46,NULL,NULL),(903,'Datu Paglas',46,NULL,NULL),(904,'Datu Piang',46,NULL,NULL),(905,'Datu Salibo',46,NULL,NULL),(906,'Datu Saudi-Ampatuan',46,NULL,NULL),(907,'Datu Unsay',46,NULL,NULL),(908,'Gen. S. K. Pendatun',46,NULL,NULL),(909,'Guindulungan',46,NULL,NULL),(910,'Mamasapano',46,NULL,NULL),(911,'Mangudadatu',46,NULL,NULL),(912,'Matanog',46,NULL,NULL),(913,'Northern Kabuntalan',46,NULL,NULL),(914,'Pagagawan',46,NULL,NULL),(915,'Pagalungan',46,NULL,NULL),(916,'Paglat',46,NULL,NULL),(917,'Pandag',46,NULL,NULL),(918,'Panglima Estino',46,NULL,NULL),(919,'Panglima Sugala',46,NULL,NULL),(920,'Rajah Buayan',46,NULL,NULL),(921,'Shariff Aguak',46,NULL,NULL),(922,'Shariff Saydona Mustapha',46,NULL,NULL),(923,'South Upi',46,NULL,NULL),(924,'Sultan Kudarat',46,NULL,NULL),(925,'Sultan Mastura',46,NULL,NULL),(926,'Sultan sa Barongis',46,NULL,NULL),(927,'Talayan',46,NULL,NULL),(928,'Talitay',46,NULL,NULL),(929,'Upi',46,NULL,NULL),(930,'Boac',47,NULL,NULL),(931,'Buenavista',47,NULL,NULL),(932,'Gasan',47,NULL,NULL),(933,'Mogpog',47,NULL,NULL),(934,'Santa Cruz',47,NULL,NULL),(935,'Torrijos',47,NULL,NULL),(936,'Aroroy',48,NULL,NULL),(937,'Baleno',48,NULL,NULL),(938,'Balud',48,NULL,NULL),(939,'Batuan',48,NULL,NULL),(940,'Cataingan',48,NULL,NULL),(941,'Cawayan',48,NULL,NULL),(942,'Claveria',48,NULL,NULL),(943,'Dimasalang',48,NULL,NULL),(944,'Esperanza',48,NULL,NULL),(945,'Mandaon',48,NULL,NULL),(946,'Masbate City',48,NULL,NULL),(947,'Milagros',48,NULL,NULL),(948,'Mobo',48,NULL,NULL),(949,'Monreal',48,NULL,NULL),(950,'Palanas',48,NULL,NULL),(951,'Pio V. Corpuz',48,NULL,NULL),(952,'Placer',48,NULL,NULL),(953,'San Fernando',48,NULL,NULL),(954,'San Jacinto',48,NULL,NULL),(955,'San Pascual',48,NULL,NULL),(956,'Uson',48,NULL,NULL),(957,'Caloocan',49,NULL,NULL),(958,'Las Piñas',49,NULL,NULL),(959,'Makati',49,NULL,NULL),(960,'Malabon',49,NULL,NULL),(961,'Mandaluyong',49,NULL,NULL),(962,'Manila',49,NULL,NULL),(963,'Marikina',49,NULL,NULL),(964,'Muntinlupa',49,NULL,NULL),(965,'Navotas',49,NULL,NULL),(966,'Parañaque',49,NULL,NULL),(967,'Pasay',49,NULL,NULL),(968,'Pasig',49,NULL,NULL),(969,'Pateros',49,NULL,NULL),(970,'Quezon City',49,NULL,NULL),(971,'San Juan',49,NULL,NULL),(972,'Taguig',49,NULL,NULL),(973,'Valenzuela',49,NULL,NULL),(974,'Aloran',50,NULL,NULL),(975,'Baliangao',50,NULL,NULL),(976,'Bonifacio',50,NULL,NULL),(977,'Calamba',50,NULL,NULL),(978,'Clarin',50,NULL,NULL),(979,'Concepcion',50,NULL,NULL),(980,'Don Victoriano Chiongbian',50,NULL,NULL),(981,'Jimenez',50,NULL,NULL),(982,'Lopez Jaena',50,NULL,NULL),(983,'Panaon',50,NULL,NULL),(984,'Plaridel',50,NULL,NULL),(985,'Sapang Dalaga',50,NULL,NULL),(986,'Sinacaban',50,NULL,NULL),(987,'Tangub',50,NULL,NULL),(988,'Tudela',50,NULL,NULL),(989,'Alubijid',51,NULL,NULL),(990,'Balingasag',51,NULL,NULL),(991,'Balingoan',51,NULL,NULL),(992,'Binuangan',51,NULL,NULL),(993,'Claveria',51,NULL,NULL),(994,'El Salvador',51,NULL,NULL),(995,'Gitagum',51,NULL,NULL),(996,'Initao',51,NULL,NULL),(997,'Jasaan',51,NULL,NULL),(998,'Kinoguitan',51,NULL,NULL),(999,'Lagonglong',51,NULL,NULL),(1000,'Laguindingan',51,NULL,NULL),(1001,'Libertad',51,NULL,NULL),(1002,'Lugait',51,NULL,NULL),(1003,'Magsaysay',51,NULL,NULL),(1004,'Manticao',51,NULL,NULL),(1005,'Medina',51,NULL,NULL),(1006,'Naawan',51,NULL,NULL),(1007,'Opol',51,NULL,NULL),(1008,'Salay',51,NULL,NULL),(1009,'Sugbongcogon',51,NULL,NULL),(1010,'Tagoloan',51,NULL,NULL),(1011,'Talisayan',51,NULL,NULL),(1012,'Villanueva',51,NULL,NULL),(1013,'Barlig',52,NULL,NULL),(1014,'Bauko',52,NULL,NULL),(1015,'Besao',52,NULL,NULL),(1016,'Bontoc',52,NULL,NULL),(1017,'Natonin',52,NULL,NULL),(1018,'Paracelis',52,NULL,NULL),(1019,'Sabangan',52,NULL,NULL),(1020,'Sadanga',52,NULL,NULL),(1021,'Sagada',52,NULL,NULL),(1022,'Tadian',52,NULL,NULL),(1023,'Bacolod',53,NULL,NULL),(1024,'Bago',53,NULL,NULL),(1025,'Binalbagan',53,NULL,NULL),(1026,'Cadiz',53,NULL,NULL),(1027,'Calatrava',53,NULL,NULL),(1028,'Candoni',53,NULL,NULL),(1029,'Cauayan',53,NULL,NULL),(1030,'Enrique B. Magalona',53,NULL,NULL),(1031,'Escalante',53,NULL,NULL),(1032,'Himamaylan',53,NULL,NULL),(1033,'Hinigaran',53,NULL,NULL),(1034,'Hinoba-an',53,NULL,NULL),(1035,'Ilog',53,NULL,NULL),(1036,'Isabela',53,NULL,NULL),(1037,'Kabankalan',53,NULL,NULL),(1038,'La Carlota',53,NULL,NULL),(1039,'La Castellana',53,NULL,NULL),(1040,'Manapla',53,NULL,NULL),(1041,'Moises Padilla',53,NULL,NULL),(1042,'Murcia',53,NULL,NULL),(1043,'Pontevedra',53,NULL,NULL),(1044,'Pulupandan',53,NULL,NULL),(1045,'Sagay',53,NULL,NULL),(1046,'Salvador Benedicto',53,NULL,NULL),(1047,'San Carlos',53,NULL,NULL),(1048,'San Enrique',53,NULL,NULL),(1049,'Silay',53,NULL,NULL),(1050,'Sipalay',53,NULL,NULL),(1051,'Talisay',53,NULL,NULL),(1052,'Toboso',53,NULL,NULL),(1053,'Valladolid',53,NULL,NULL),(1054,'Victorias',53,NULL,NULL),(1055,'Amlan',54,NULL,NULL),(1056,'Ayungon',54,NULL,NULL),(1057,'Bacong',54,NULL,NULL),(1058,'Bais',54,NULL,NULL),(1059,'Basay',54,NULL,NULL),(1060,'Bayawan',54,NULL,NULL),(1061,'Bindoy',54,NULL,NULL),(1062,'Canlaon',54,NULL,NULL),(1063,'Dauin',54,NULL,NULL),(1064,'Dumaguete',54,NULL,NULL),(1065,'Guihulngan',54,NULL,NULL),(1066,'Jimalalud',54,NULL,NULL),(1067,'La Libertad',54,NULL,NULL),(1068,'Mabinay',54,NULL,NULL),(1069,'Manjuyod',54,NULL,NULL),(1070,'Pamplona',54,NULL,NULL),(1071,'San Jose',54,NULL,NULL),(1072,'Santa Catalina',54,NULL,NULL),(1073,'Siaton',54,NULL,NULL),(1074,'Sibulan',54,NULL,NULL),(1075,'Tanjay',54,NULL,NULL),(1076,'Tayasan',54,NULL,NULL),(1077,'Valencia',54,NULL,NULL),(1078,'Vallehermoso',54,NULL,NULL),(1079,'Zamboanguita',54,NULL,NULL),(1080,'Allen',55,NULL,NULL),(1081,'Biri',55,NULL,NULL),(1082,'Bobon',55,NULL,NULL),(1083,'Capul',55,NULL,NULL),(1084,'Catarman',55,NULL,NULL),(1085,'Catubig',55,NULL,NULL),(1086,'Gamay',55,NULL,NULL),(1087,'Laoang',55,NULL,NULL),(1088,'Lapinig',55,NULL,NULL),(1089,'Las Navas',55,NULL,NULL),(1090,'Lavezares',55,NULL,NULL),(1091,'Lope de Vega',55,NULL,NULL),(1092,'Mapanas',55,NULL,NULL),(1093,'Mondragon',55,NULL,NULL),(1094,'Palapag',55,NULL,NULL),(1095,'Pambujan',55,NULL,NULL),(1096,'Rosario',55,NULL,NULL),(1097,'San Antonio',55,NULL,NULL),(1098,'San Isidro',55,NULL,NULL),(1099,'San Jose',55,NULL,NULL),(1100,'San Roque',55,NULL,NULL),(1101,'San Vicente',55,NULL,NULL),(1102,'Silvino Lobos',55,NULL,NULL),(1103,'Victoria',55,NULL,NULL),(1104,'Aliaga',56,NULL,NULL),(1105,'Bongabon',56,NULL,NULL),(1106,'Cabanatuan',56,NULL,NULL),(1107,'Cabiao',56,NULL,NULL),(1108,'Carranglan',56,NULL,NULL),(1109,'Cuyapo',56,NULL,NULL),(1110,'Gabaldon',56,NULL,NULL),(1111,'Gapan',56,NULL,NULL),(1112,'General Mamerto Natividad',56,NULL,NULL),(1113,'General Tinio',56,NULL,NULL),(1114,'Guimba',56,NULL,NULL),(1115,'Jaen',56,NULL,NULL),(1116,'Laur',56,NULL,NULL),(1117,'Licab',56,NULL,NULL),(1118,'Llanera',56,NULL,NULL),(1119,'Lupao',56,NULL,NULL),(1120,'Munoz',56,NULL,NULL),(1121,'Nampicuan',56,NULL,NULL),(1122,'Palayan',56,NULL,NULL),(1123,'Pantabangan',56,NULL,NULL),(1124,'Peñaranda',56,NULL,NULL),(1125,'Quezon',56,NULL,NULL),(1126,'Rizal',56,NULL,NULL),(1127,'San Antonio',56,NULL,NULL),(1128,'San Isidro',56,NULL,NULL),(1129,'San Jose City',56,NULL,NULL),(1130,'San Leonardo',56,NULL,NULL),(1131,'Santa Rosa',56,NULL,NULL),(1132,'Santo Domingo',56,NULL,NULL),(1133,'Talavera',56,NULL,NULL),(1134,'Talugtug',56,NULL,NULL),(1135,'Zaragoza',56,NULL,NULL),(1136,'Alfonso Castaneda',57,NULL,NULL),(1137,'Ambaguio',57,NULL,NULL),(1138,'Aritao',57,NULL,NULL),(1139,'Bagabag',57,NULL,NULL),(1140,'Bambang',57,NULL,NULL),(1141,'Bayombong',57,NULL,NULL),(1142,'Diadi',57,NULL,NULL),(1143,'Dupax del Norte',57,NULL,NULL),(1144,'Dupax del Sur',57,NULL,NULL),(1145,'Kasibu',57,NULL,NULL),(1146,'Kayapa',57,NULL,NULL),(1147,'Quezon',57,NULL,NULL),(1148,'Santa Fe',57,NULL,NULL),(1149,'Solano',57,NULL,NULL),(1150,'Villaverde',57,NULL,NULL),(1151,'Abra de Ilog',58,NULL,NULL),(1152,'Calintaan',58,NULL,NULL),(1153,'Looc',58,NULL,NULL),(1154,'Lubang',58,NULL,NULL),(1155,'Magsaysay',58,NULL,NULL),(1156,'Mamburao',58,NULL,NULL),(1157,'Paluan',58,NULL,NULL),(1158,'Rizal',58,NULL,NULL),(1159,'Sablayan',58,NULL,NULL),(1160,'San Jose',58,NULL,NULL),(1161,'Santa Cruz',58,NULL,NULL),(1162,'Baco',59,NULL,NULL),(1163,'Bansud',59,NULL,NULL),(1164,'Bongabong',59,NULL,NULL),(1165,'Bulalacao',59,NULL,NULL),(1166,'Calapan',59,NULL,NULL),(1167,'Gloria',59,NULL,NULL),(1168,'Mansalay',59,NULL,NULL),(1169,'Naujan',59,NULL,NULL),(1170,'Pinamalayan',59,NULL,NULL),(1171,'Pola',59,NULL,NULL),(1172,'Puerto Galera',59,NULL,NULL),(1173,'Roxas',59,NULL,NULL),(1174,'San Teodoro',59,NULL,NULL),(1175,'Socorro',59,NULL,NULL),(1176,'Victoria',59,NULL,NULL),(1177,'Aborlan',60,NULL,NULL),(1178,'Agutaya',60,NULL,NULL),(1179,'Araceli',60,NULL,NULL),(1180,'Balabac',60,NULL,NULL),(1181,'Bataraza',60,NULL,NULL),(1182,'Brooke\'s Point',60,NULL,NULL),(1183,'Busuanga',60,NULL,NULL),(1184,'Cagayancillo',60,NULL,NULL),(1185,'Coron',60,NULL,NULL),(1186,'Culion',60,NULL,NULL),(1187,'Cuyo',60,NULL,NULL),(1188,'Dumaran',60,NULL,NULL),(1189,'El Nido',60,NULL,NULL),(1190,'Kalayaan',60,NULL,NULL),(1191,'Linapacan',60,NULL,NULL),(1192,'Magsaysay',60,NULL,NULL),(1193,'Narra',60,NULL,NULL),(1194,'Puerto Princesa',60,NULL,NULL),(1195,'Quezon',60,NULL,NULL),(1196,'Rizal',60,NULL,NULL),(1197,'Roxas',60,NULL,NULL),(1198,'San Vicente',60,NULL,NULL),(1199,'Sofronio Española',60,NULL,NULL),(1200,'Taytay',60,NULL,NULL),(1201,'Angeles',61,NULL,NULL),(1202,'Apalit',61,NULL,NULL),(1203,'Arayat',61,NULL,NULL),(1204,'Bacolor',61,NULL,NULL),(1205,'Candaba',61,NULL,NULL),(1206,'Floridablanca',61,NULL,NULL),(1207,'Guagua',61,NULL,NULL),(1208,'Lubao',61,NULL,NULL),(1209,'Mabalacat',61,NULL,NULL),(1210,'Macabebe',61,NULL,NULL),(1211,'Magalang',61,NULL,NULL),(1212,'Masantol',61,NULL,NULL),(1213,'Mexico',61,NULL,NULL),(1214,'Minalin',61,NULL,NULL),(1215,'Porac',61,NULL,NULL),(1216,'San Fernando',61,NULL,NULL),(1217,'San Luis',61,NULL,NULL),(1218,'San Simon',61,NULL,NULL),(1219,'Santa Ana',61,NULL,NULL),(1220,'Santa Rita',61,NULL,NULL),(1221,'Santo Tomas',61,NULL,NULL),(1222,'Sasmuan',61,NULL,NULL),(1223,'Agno',62,NULL,NULL),(1224,'Aguilar',62,NULL,NULL),(1225,'Alaminos',62,NULL,NULL),(1226,'Alcala',62,NULL,NULL),(1227,'Anda',62,NULL,NULL),(1228,'Asingan',62,NULL,NULL),(1229,'Balungao',62,NULL,NULL),(1230,'Bani',62,NULL,NULL),(1231,'Basista',62,NULL,NULL),(1232,'Bautista',62,NULL,NULL),(1233,'Bayambang',62,NULL,NULL),(1234,'Binalonan',62,NULL,NULL),(1235,'Binmaley',62,NULL,NULL),(1236,'Bolinao',62,NULL,NULL),(1237,'Bugallon',62,NULL,NULL),(1238,'Burgos',62,NULL,NULL),(1239,'Calasiao',62,NULL,NULL),(1240,'Dagupan',62,NULL,NULL),(1241,'Dasol',62,NULL,NULL),(1242,'Infanta',62,NULL,NULL),(1243,'Labrador',62,NULL,NULL),(1244,'Laoac',62,NULL,NULL),(1245,'Lingayen',62,NULL,NULL),(1246,'Mabini',62,NULL,NULL),(1247,'Malasiqui',62,NULL,NULL),(1248,'Manaoag',62,NULL,NULL),(1249,'Mangaldan',62,NULL,NULL),(1250,'Mangatarem',62,NULL,NULL),(1251,'Mapandan',62,NULL,NULL),(1252,'Natividad',62,NULL,NULL),(1253,'Pozorrubio',62,NULL,NULL),(1254,'Rosales',62,NULL,NULL),(1255,'San Carlos',62,NULL,NULL),(1256,'San Fabian',62,NULL,NULL),(1257,'San Jacinto',62,NULL,NULL),(1258,'San Manuel',62,NULL,NULL),(1259,'San Nicolas',62,NULL,NULL),(1260,'San Quintin',62,NULL,NULL),(1261,'Santa Barbara',62,NULL,NULL),(1262,'Santa Maria',62,NULL,NULL),(1263,'Santo Tomas',62,NULL,NULL),(1264,'Sison',62,NULL,NULL),(1265,'Sual',62,NULL,NULL),(1266,'Tayug',62,NULL,NULL),(1267,'Umingan',62,NULL,NULL),(1268,'Urbiztondo',62,NULL,NULL),(1269,'Urdaneta',62,NULL,NULL),(1270,'Villasis',62,NULL,NULL),(1271,'Agdangan',63,NULL,NULL),(1272,'Alabat',63,NULL,NULL),(1273,'Atimonan',63,NULL,NULL),(1274,'Buenavista',63,NULL,NULL),(1275,'Burdeos',63,NULL,NULL),(1276,'Calauag',63,NULL,NULL),(1277,'Candelaria',63,NULL,NULL),(1278,'Catanauan',63,NULL,NULL),(1279,'Dolores',63,NULL,NULL),(1280,'General Luna',63,NULL,NULL),(1281,'General Nakar',63,NULL,NULL),(1282,'Guinayangan',63,NULL,NULL),(1283,'Gumaca',63,NULL,NULL),(1284,'Infanta',63,NULL,NULL),(1285,'Jomalig',63,NULL,NULL),(1286,'Lopez',63,NULL,NULL),(1287,'Lucban',63,NULL,NULL),(1288,'Lucena',63,NULL,NULL),(1289,'Macalelon',63,NULL,NULL),(1290,'Mauban',63,NULL,NULL),(1291,'Mulanay',63,NULL,NULL),(1292,'Padre Burgos',63,NULL,NULL),(1293,'Pagbilao',63,NULL,NULL),(1294,'Panukulan',63,NULL,NULL),(1295,'Patnanungan',63,NULL,NULL),(1296,'Perez',63,NULL,NULL),(1297,'Pitogo',63,NULL,NULL),(1298,'Plaridel',63,NULL,NULL),(1299,'Polillo',63,NULL,NULL),(1300,'Quezon',63,NULL,NULL),(1301,'Real',63,NULL,NULL),(1302,'Sampaloc',63,NULL,NULL),(1303,'San Andres',63,NULL,NULL),(1304,'San Antonio',63,NULL,NULL),(1305,'San Francisco',63,NULL,NULL),(1306,'San Narciso',63,NULL,NULL),(1307,'Sariaya',63,NULL,NULL),(1308,'Tagkawayan',63,NULL,NULL),(1309,'Tayabas',63,NULL,NULL),(1310,'Tiaong',63,NULL,NULL),(1311,'Unisan',63,NULL,NULL),(1312,'Aglipay',64,NULL,NULL),(1313,'Cabarroguis',64,NULL,NULL),(1314,'Diffun',64,NULL,NULL),(1315,'Maddela',64,NULL,NULL),(1316,'Nagtipunan',64,NULL,NULL),(1317,'Saguday',64,NULL,NULL),(1318,'Antipolo',65,NULL,NULL),(1319,'Angono',65,NULL,NULL),(1320,'Baras',65,NULL,NULL),(1321,'Binangonan',65,NULL,NULL),(1322,'Cainta',65,NULL,NULL),(1323,'Cardona',65,NULL,NULL),(1324,'Jalajala',65,NULL,NULL),(1325,'Morong',65,NULL,NULL),(1326,'Pililla',65,NULL,NULL),(1327,'Rodriguez',65,NULL,NULL),(1328,'San Mateo',65,NULL,NULL),(1329,'Tanay',65,NULL,NULL),(1330,'Taytay',65,NULL,NULL),(1331,'Teresa',65,NULL,NULL),(1332,'Alcantara',66,NULL,NULL),(1333,'Banton',66,NULL,NULL),(1334,'Cajidiocan',66,NULL,NULL),(1335,'Calatrava',66,NULL,NULL),(1336,'Concepcion',66,NULL,NULL),(1337,'Corcuera',66,NULL,NULL),(1338,'Ferrol',66,NULL,NULL),(1339,'Looc',66,NULL,NULL),(1340,'Magdiwang',66,NULL,NULL),(1341,'Odiongan',66,NULL,NULL),(1342,'Romblon',66,NULL,NULL),(1343,'San Agustin',66,NULL,NULL),(1344,'San Andres',66,NULL,NULL),(1345,'San Fernando',66,NULL,NULL),(1346,'San Jose',66,NULL,NULL),(1347,'Santa Fe',66,NULL,NULL),(1348,'Santa Maria',66,NULL,NULL),(1349,'Almagro',67,NULL,NULL),(1350,'Basey',67,NULL,NULL),(1351,'Calbayog',67,NULL,NULL),(1352,'Calbiga',67,NULL,NULL),(1353,'Catbalogan',67,NULL,NULL),(1354,'Daram',67,NULL,NULL),(1355,'Gandara',67,NULL,NULL),(1356,'Hinabangan',67,NULL,NULL),(1357,'Jiabong',67,NULL,NULL),(1358,'Marabut',67,NULL,NULL),(1359,'Matuguinao',67,NULL,NULL),(1360,'Motiong',67,NULL,NULL),(1361,'Pagsanghan',67,NULL,NULL),(1362,'Paranas',67,NULL,NULL),(1363,'Pinabacdao',67,NULL,NULL),(1364,'San Jorge',67,NULL,NULL),(1365,'San Jose de Buan',67,NULL,NULL),(1366,'San Sebastian',67,NULL,NULL),(1367,'Santa Margarita',67,NULL,NULL),(1368,'Santa Rita',67,NULL,NULL),(1369,'Santo Niño',67,NULL,NULL),(1370,'Tagapul-an',67,NULL,NULL),(1371,'Talalora',67,NULL,NULL),(1372,'Tarangnan',67,NULL,NULL),(1373,'Villareal',67,NULL,NULL),(1374,'Zumarraga',67,NULL,NULL),(1375,'Alabel',68,NULL,NULL),(1376,'Glan',68,NULL,NULL),(1377,'Kiamba',68,NULL,NULL),(1378,'Maasim',68,NULL,NULL),(1379,'Maitum',68,NULL,NULL),(1380,'Malapatan',68,NULL,NULL),(1381,'Malungon',68,NULL,NULL),(1382,'Enrique Villanueva',69,NULL,NULL),(1383,'Larena',69,NULL,NULL),(1384,'Lazi',69,NULL,NULL),(1385,'Maria',69,NULL,NULL),(1386,'San Juan',69,NULL,NULL),(1387,'Siquijor',69,NULL,NULL),(1388,'Barcelona',70,NULL,NULL),(1389,'Bulan',70,NULL,NULL),(1390,'Bulusan',70,NULL,NULL),(1391,'Casiguran',70,NULL,NULL),(1392,'Castilla',70,NULL,NULL),(1393,'Donsol',70,NULL,NULL),(1394,'Gubat',70,NULL,NULL),(1395,'Irosin',70,NULL,NULL),(1396,'Juban',70,NULL,NULL),(1397,'Magallanes',70,NULL,NULL),(1398,'Matnog',70,NULL,NULL),(1399,'Pilar',70,NULL,NULL),(1400,'Prieto Diaz',70,NULL,NULL),(1401,'Santa Magdalena',70,NULL,NULL),(1402,'Sorsogon City',70,NULL,NULL),(1403,'Banga',71,NULL,NULL),(1404,'General Santos',71,NULL,NULL),(1405,'Koronadal',71,NULL,NULL),(1406,'Lake Sebu',71,NULL,NULL),(1407,'Norala',71,NULL,NULL),(1408,'Polomolok',71,NULL,NULL),(1409,'Santo Niño',71,NULL,NULL),(1410,'Surallah',71,NULL,NULL),(1411,'T\'Boli',71,NULL,NULL),(1412,'Tampakan',71,NULL,NULL),(1413,'Tantangan',71,NULL,NULL),(1414,'Tupi',71,NULL,NULL),(1415,'Anahawan',72,NULL,NULL),(1416,'Bontoc',72,NULL,NULL),(1417,'Hinunangan',72,NULL,NULL),(1418,'Hinundayan',72,NULL,NULL),(1419,'Libagon',72,NULL,NULL),(1420,'Liloan',72,NULL,NULL),(1421,'Limasawa',72,NULL,NULL),(1422,'Maasin',72,NULL,NULL),(1423,'Macrohon',72,NULL,NULL),(1424,'Malitbog',72,NULL,NULL),(1425,'Padre Burgos',72,NULL,NULL),(1426,'Pintuyan',72,NULL,NULL),(1427,'Saint Bernard',72,NULL,NULL),(1428,'San Francisco',72,NULL,NULL),(1429,'San Juan',72,NULL,NULL),(1430,'San Ricardo',72,NULL,NULL),(1431,'Silago',72,NULL,NULL),(1432,'Sogod',72,NULL,NULL),(1433,'Tomas Oppus',72,NULL,NULL),(1434,'Bagumbayan',73,NULL,NULL),(1435,'Columbio',73,NULL,NULL),(1436,'Esperanza',73,NULL,NULL),(1437,'Isulan',73,NULL,NULL),(1438,'Kalamansig',73,NULL,NULL),(1439,'Lambayong',73,NULL,NULL),(1440,'Lebak',73,NULL,NULL),(1441,'Lutayan',73,NULL,NULL),(1442,'Palimbang',73,NULL,NULL),(1443,'President Quirino',73,NULL,NULL),(1444,'Senator Ninoy Aquino',73,NULL,NULL),(1445,'Tacurong',73,NULL,NULL),(1446,'Hadji Panglima Tahil',74,NULL,NULL),(1447,'Indanan',74,NULL,NULL),(1448,'Jolo',74,NULL,NULL),(1449,'Kalingalan Caluang',74,NULL,NULL),(1450,'Lugus',74,NULL,NULL),(1451,'Luuk',74,NULL,NULL),(1452,'Maimbung',74,NULL,NULL),(1453,'Old Panamao',74,NULL,NULL),(1454,'Omar',74,NULL,NULL),(1455,'Pandami',74,NULL,NULL),(1456,'Panglima Estino',74,NULL,NULL),(1457,'Pangutaran',74,NULL,NULL),(1458,'Parang',74,NULL,NULL),(1459,'Pata',74,NULL,NULL),(1460,'Patikul',74,NULL,NULL),(1461,'Siasi',74,NULL,NULL),(1462,'Talipao',74,NULL,NULL),(1463,'Tapul',74,NULL,NULL),(1464,'Tongkil',74,NULL,NULL),(1465,'Alegria',75,NULL,NULL),(1466,'Bacuag',75,NULL,NULL),(1467,'Burgos',75,NULL,NULL),(1468,'Claver',75,NULL,NULL),(1469,'Dapa',75,NULL,NULL),(1470,'Del Carmen',75,NULL,NULL),(1471,'General Luna',75,NULL,NULL),(1472,'Gigaquit',75,NULL,NULL),(1473,'Mainit',75,NULL,NULL),(1474,'Malimono',75,NULL,NULL),(1475,'Pilar',75,NULL,NULL),(1476,'Placer',75,NULL,NULL),(1477,'San Benito',75,NULL,NULL),(1478,'San Francisco',75,NULL,NULL),(1479,'San Isidro',75,NULL,NULL),(1480,'Santa Monica',75,NULL,NULL),(1481,'Sison',75,NULL,NULL),(1482,'Socorro',75,NULL,NULL),(1483,'Surigao City',75,NULL,NULL),(1484,'Tagana-an',75,NULL,NULL),(1485,'Tubod',75,NULL,NULL),(1486,'Barobo',76,NULL,NULL),(1487,'Bayabas',76,NULL,NULL),(1488,'Cagwait',76,NULL,NULL),(1489,'Cantilan',76,NULL,NULL),(1490,'Carmen',76,NULL,NULL),(1491,'Carrascal',76,NULL,NULL),(1492,'Cortes',76,NULL,NULL),(1493,'Hinatuan',76,NULL,NULL),(1494,'Lanuza',76,NULL,NULL),(1495,'Lianga',76,NULL,NULL),(1496,'Lingig',76,NULL,NULL),(1497,'Madrid',76,NULL,NULL),(1498,'Marihatag',76,NULL,NULL),(1499,'San Agustin',76,NULL,NULL),(1500,'San Miguel',76,NULL,NULL),(1501,'Tagbina',76,NULL,NULL),(1502,'Tago',76,NULL,NULL),(1503,'Tandag',76,NULL,NULL),(1504,'Anao',77,NULL,NULL),(1505,'Bamban',77,NULL,NULL),(1506,'Camiling',77,NULL,NULL),(1507,'Capas',77,NULL,NULL),(1508,'Concepcion',77,NULL,NULL),(1509,'Gerona',77,NULL,NULL),(1510,'La Paz',77,NULL,NULL),(1511,'Mayantoc',77,NULL,NULL),(1512,'Moncada',77,NULL,NULL),(1513,'Paniqui',77,NULL,NULL),(1514,'Pura',77,NULL,NULL),(1515,'Ramos',77,NULL,NULL),(1516,'San Clemente',77,NULL,NULL),(1517,'San Jose',77,NULL,NULL),(1518,'San Manuel',77,NULL,NULL),(1519,'Santa Ignacia',77,NULL,NULL),(1520,'Tarlac City',77,NULL,NULL),(1521,'Victoria',77,NULL,NULL),(1522,'Bongao',78,NULL,NULL),(1523,'Languyan',78,NULL,NULL),(1524,'Mapun',78,NULL,NULL),(1525,'Panglima Sugala',78,NULL,NULL),(1526,'Sapa-Sapa',78,NULL,NULL),(1527,'Sibutu',78,NULL,NULL),(1528,'Simunul',78,NULL,NULL),(1529,'Sitangkai',78,NULL,NULL),(1530,'South Ubian',78,NULL,NULL),(1531,'Tandubas',78,NULL,NULL),(1532,'Turtle Islands',78,NULL,NULL),(1533,'Botolan',79,NULL,NULL),(1534,'Cabangan',79,NULL,NULL),(1535,'Candelaria',79,NULL,NULL),(1536,'Castillejos',79,NULL,NULL),(1537,'Iba',79,NULL,NULL),(1538,'Masinloc',79,NULL,NULL),(1539,'Olongapo City',79,NULL,NULL),(1540,'Palauig',79,NULL,NULL),(1541,'San Antonio',79,NULL,NULL),(1542,'San Felipe',79,NULL,NULL),(1543,'San Marcelino',79,NULL,NULL),(1544,'San Narciso',79,NULL,NULL),(1545,'Santa Cruz',79,NULL,NULL),(1546,'Subic',79,NULL,NULL),(1547,'Baliguian',80,NULL,NULL),(1548,'Dapitan',80,NULL,NULL),(1549,'Dipolog',80,NULL,NULL),(1550,'Godod',80,NULL,NULL),(1551,'Gutalac',80,NULL,NULL),(1552,'Jose Dalman',80,NULL,NULL),(1553,'Kalawit',80,NULL,NULL),(1554,'Katipunan',80,NULL,NULL),(1555,'La Libertad',80,NULL,NULL),(1556,'Labason',80,NULL,NULL),(1557,'Leon B. Postigo',80,NULL,NULL),(1558,'Liloy',80,NULL,NULL),(1559,'Manukan',80,NULL,NULL),(1560,'Mutia',80,NULL,NULL),(1561,'Pinan',80,NULL,NULL),(1562,'Polanco',80,NULL,NULL),(1563,'President Manuel A. Roxas',80,NULL,NULL),(1564,'Rizal',80,NULL,NULL),(1565,'Salug',80,NULL,NULL),(1566,'Sergio Osmeña Sr.',80,NULL,NULL),(1567,'Siayan',80,NULL,NULL),(1568,'Sibuco',80,NULL,NULL),(1569,'Sibutad',80,NULL,NULL),(1570,'Sindangan',80,NULL,NULL),(1571,'Siocon',80,NULL,NULL),(1572,'Sirawai',80,NULL,NULL),(1573,'Tampilisan',80,NULL,NULL),(1574,'Aurora',81,NULL,NULL),(1575,'Bayog',81,NULL,NULL),(1576,'Dimataling',81,NULL,NULL),(1577,'Dinas',81,NULL,NULL),(1578,'Dumalinao',81,NULL,NULL),(1579,'Dumingag',81,NULL,NULL),(1580,'Guipos',81,NULL,NULL),(1581,'Josefina',81,NULL,NULL),(1582,'Kumalarang',81,NULL,NULL),(1583,'Labangan',81,NULL,NULL),(1584,'Lakewood',81,NULL,NULL),(1585,'Lapuyan',81,NULL,NULL),(1586,'Mahayag',81,NULL,NULL),(1587,'Margosatubig',81,NULL,NULL),(1588,'Midsalip',81,NULL,NULL),(1589,'Molave',81,NULL,NULL),(1590,'Pagadian',81,NULL,NULL),(1591,'Pitogo',81,NULL,NULL),(1592,'Ramon Magsaysay',81,NULL,NULL),(1593,'San Miguel',81,NULL,NULL),(1594,'San Pablo',81,NULL,NULL),(1595,'Sominot',81,NULL,NULL),(1596,'Tabina',81,NULL,NULL),(1597,'Tambulig',81,NULL,NULL),(1598,'Tigbao',81,NULL,NULL),(1599,'Tukuran',81,NULL,NULL),(1600,'Vincenzo A. Sagun',81,NULL,NULL),(1601,'Zamboanga City',81,NULL,NULL),(1602,'Alicia',82,NULL,NULL),(1603,'Buug',82,NULL,NULL),(1604,'Diplahan',82,NULL,NULL),(1605,'Imelda',82,NULL,NULL),(1606,'Ipil',82,NULL,NULL),(1607,'Kabasalan',82,NULL,NULL),(1608,'Mabuhay',82,NULL,NULL),(1609,'Malangas',82,NULL,NULL),(1610,'Naga',82,NULL,NULL),(1611,'Olutanga',82,NULL,NULL),(1612,'Payao',82,NULL,NULL),(1613,'Roseller T. Lim',82,NULL,NULL),(1614,'Siay',82,NULL,NULL),(1615,'Talusan',82,NULL,NULL),(1616,'Titay',82,NULL,NULL),(1617,'Tungawan',82,NULL,NULL);
/*!40000 ALTER TABLE `cities` ENABLE KEYS */;
UNLOCK TABLES;

--
-- Table structure for table `commissions`
--

DROP TABLE IF EXISTS `commissions`;
/*!40101 SET @saved_cs_client     = @@character_set_client */;
/*!50503 SET character_set_client = utf8mb4 */;
CREATE TABLE `commissions` (
  `id` int NOT NULL,
  `userId` int NOT NULL,
  `transactionId` int NOT NULL,
  `amount` decimal(10,4) NOT NULL,
  `totalAmount` decimal(10,4) NOT NULL,
  PRIMARY KEY (`id`)
) ENGINE=InnoDB DEFAULT CHARSET=utf8mb4 COLLATE=utf8mb4_0900_ai_ci;
/*!40101 SET character_set_client = @saved_cs_client */;

--
-- Dumping data for table `commissions`
--

LOCK TABLES `commissions` WRITE;
/*!40000 ALTER TABLE `commissions` DISABLE KEYS */;
/*!40000 ALTER TABLE `commissions` ENABLE KEYS */;
UNLOCK TABLES;

--
-- Table structure for table `configs`
--

DROP TABLE IF EXISTS `configs`;
/*!40101 SET @saved_cs_client     = @@character_set_client */;
/*!50503 SET character_set_client = utf8mb4 */;
CREATE TABLE `configs` (
  `id` int NOT NULL AUTO_INCREMENT,
  `fee` decimal(10,2) DEFAULT NULL,
  `createdAt` datetime DEFAULT CURRENT_TIMESTAMP,
  `updatedAt` datetime DEFAULT CURRENT_TIMESTAMP,
  `config_id` int DEFAULT NULL,
  PRIMARY KEY (`id`),
  KEY `config_id` (`config_id`),
  CONSTRAINT `configs_ibfk_1` FOREIGN KEY (`config_id`) REFERENCES `games` (`id`) ON DELETE SET NULL ON UPDATE CASCADE
) ENGINE=InnoDB AUTO_INCREMENT=2 DEFAULT CHARSET=utf8mb4 COLLATE=utf8mb4_0900_ai_ci;
/*!40101 SET character_set_client = @saved_cs_client */;

--
-- Dumping data for table `configs`
--

LOCK TABLES `configs` WRITE;
/*!40000 ALTER TABLE `configs` DISABLE KEYS */;
INSERT INTO `configs` VALUES (1,0.10,'2024-06-10 11:09:24','2024-06-10 11:09:24',NULL);
/*!40000 ALTER TABLE `configs` ENABLE KEYS */;
UNLOCK TABLES;

--
-- Table structure for table `game-assets`
--

DROP TABLE IF EXISTS `game-assets`;
/*!40101 SET @saved_cs_client     = @@character_set_client */;
/*!50503 SET character_set_client = utf8mb4 */;
CREATE TABLE `game-assets` (
  `id` int NOT NULL AUTO_INCREMENT,
  `gameId` int NOT NULL,
  `name` varchar(255) NOT NULL DEFAULT '',
  `createdAt` datetime NOT NULL DEFAULT CURRENT_TIMESTAMP,
  `updatedAt` datetime NOT NULL DEFAULT CURRENT_TIMESTAMP ON UPDATE CURRENT_TIMESTAMP,
  PRIMARY KEY (`id`),
  KEY `gameId` (`gameId`),
  CONSTRAINT `game-assets_ibfk_1` FOREIGN KEY (`gameId`) REFERENCES `games-list` (`id`) ON DELETE CASCADE ON UPDATE CASCADE
) ENGINE=InnoDB AUTO_INCREMENT=13 DEFAULT CHARSET=utf8mb4 COLLATE=utf8mb4_0900_ai_ci;
/*!40101 SET character_set_client = @saved_cs_client */;

--
-- Dumping data for table `game-assets`
--

LOCK TABLES `game-assets` WRITE;
/*!40000 ALTER TABLE `game-assets` DISABLE KEYS */;
INSERT INTO `game-assets` VALUES (1,1,'aries','2024-06-10 11:09:24','2024-06-10 11:09:24'),(2,1,'cancer','2024-06-10 11:09:24','2024-06-10 11:09:24'),(3,1,'libra','2024-06-10 11:09:24','2024-06-10 11:09:24'),(4,1,'capricorn','2024-06-10 11:09:24','2024-06-10 11:09:24'),(5,1,'taurus','2024-06-10 11:09:24','2024-06-10 11:09:24'),(6,1,'leo','2024-06-10 11:09:24','2024-06-10 11:09:24'),(7,1,'scorpio','2024-06-10 11:09:24','2024-06-10 11:09:24'),(8,1,'aquarius','2024-06-10 11:09:24','2024-06-10 11:09:24'),(9,1,'gemini','2024-06-10 11:09:24','2024-06-10 11:09:24'),(10,1,'virgo','2024-06-10 11:09:24','2024-06-10 11:09:24'),(11,1,'sagittarius','2024-06-10 11:09:24','2024-06-10 11:09:24'),(12,1,'pisces','2024-06-10 11:09:24','2024-06-10 11:09:24');
/*!40000 ALTER TABLE `game-assets` ENABLE KEYS */;
UNLOCK TABLES;

--
-- Table structure for table `game-match-bettings`
--

DROP TABLE IF EXISTS `game-match-bettings`;
/*!40101 SET @saved_cs_client     = @@character_set_client */;
/*!50503 SET character_set_client = utf8mb4 */;
CREATE TABLE `game-match-bettings` (
  `id` int NOT NULL AUTO_INCREMENT,
  `matchBettorId` int NOT NULL,
  `assetId` int NOT NULL,
  `amount` decimal(10,2) NOT NULL,
  `createdAt` datetime NOT NULL DEFAULT CURRENT_TIMESTAMP,
  `updatedAt` datetime NOT NULL DEFAULT CURRENT_TIMESTAMP ON UPDATE CURRENT_TIMESTAMP,
  PRIMARY KEY (`id`),
  KEY `matchBettorId` (`matchBettorId`),
  KEY `assetId` (`assetId`),
  CONSTRAINT `game-match-bettings_ibfk_1` FOREIGN KEY (`matchBettorId`) REFERENCES `game-match-bettors` (`id`) ON DELETE CASCADE ON UPDATE CASCADE,
  CONSTRAINT `game-match-bettings_ibfk_2` FOREIGN KEY (`assetId`) REFERENCES `game-assets` (`id`) ON DELETE CASCADE ON UPDATE CASCADE
) ENGINE=InnoDB DEFAULT CHARSET=utf8mb4 COLLATE=utf8mb4_0900_ai_ci;
/*!40101 SET character_set_client = @saved_cs_client */;

--
-- Dumping data for table `game-match-bettings`
--

LOCK TABLES `game-match-bettings` WRITE;
/*!40000 ALTER TABLE `game-match-bettings` DISABLE KEYS */;
/*!40000 ALTER TABLE `game-match-bettings` ENABLE KEYS */;
UNLOCK TABLES;

--
-- Table structure for table `game-match-bettors`
--

DROP TABLE IF EXISTS `game-match-bettors`;
/*!40101 SET @saved_cs_client     = @@character_set_client */;
/*!50503 SET character_set_client = utf8mb4 */;
CREATE TABLE `game-match-bettors` (
  `id` int NOT NULL AUTO_INCREMENT,
  `userId` int NOT NULL,
  `matchId` int NOT NULL,
  `createdAt` datetime NOT NULL DEFAULT CURRENT_TIMESTAMP,
  `updatedAt` datetime NOT NULL DEFAULT CURRENT_TIMESTAMP ON UPDATE CURRENT_TIMESTAMP,
  PRIMARY KEY (`id`),
  KEY `userId` (`userId`),
  KEY `matchId` (`matchId`),
  CONSTRAINT `game-match-bettors_ibfk_1` FOREIGN KEY (`userId`) REFERENCES `users` (`id`) ON DELETE CASCADE ON UPDATE CASCADE,
  CONSTRAINT `game-match-bettors_ibfk_2` FOREIGN KEY (`matchId`) REFERENCES `game-matches` (`id`) ON DELETE CASCADE ON UPDATE CASCADE
) ENGINE=InnoDB DEFAULT CHARSET=utf8mb4 COLLATE=utf8mb4_0900_ai_ci;
/*!40101 SET character_set_client = @saved_cs_client */;

--
-- Dumping data for table `game-match-bettors`
--

LOCK TABLES `game-match-bettors` WRITE;
/*!40000 ALTER TABLE `game-match-bettors` DISABLE KEYS */;
/*!40000 ALTER TABLE `game-match-bettors` ENABLE KEYS */;
UNLOCK TABLES;

--
-- Table structure for table `game-matches`
--

DROP TABLE IF EXISTS `game-matches`;
/*!40101 SET @saved_cs_client     = @@character_set_client */;
/*!50503 SET character_set_client = utf8mb4 */;
CREATE TABLE `game-matches` (
  `id` int NOT NULL AUTO_INCREMENT,
  `gameId` int NOT NULL,
  `status` enum('initial','open','lastcall','closed','winners','new') NOT NULL,
  `createdAt` datetime DEFAULT NULL,
  `updatedAt` datetime DEFAULT NULL,
  PRIMARY KEY (`id`),
  KEY `gameId` (`gameId`),
  CONSTRAINT `game-matches_ibfk_1` FOREIGN KEY (`gameId`) REFERENCES `games-list` (`id`) ON UPDATE CASCADE
) ENGINE=InnoDB DEFAULT CHARSET=utf8mb4 COLLATE=utf8mb4_0900_ai_ci;
/*!40101 SET character_set_client = @saved_cs_client */;

--
-- Dumping data for table `game-matches`
--

LOCK TABLES `game-matches` WRITE;
/*!40000 ALTER TABLE `game-matches` DISABLE KEYS */;
/*!40000 ALTER TABLE `game-matches` ENABLE KEYS */;
UNLOCK TABLES;

--
-- Table structure for table `games`
--

DROP TABLE IF EXISTS `games`;
/*!40101 SET @saved_cs_client     = @@character_set_client */;
/*!50503 SET character_set_client = utf8mb4 */;
CREATE TABLE `games` (
  `id` int NOT NULL AUTO_INCREMENT,
  `user_id` int NOT NULL,
  `config_id` int NOT NULL,
  `name` varchar(100) NOT NULL,
  `label` varchar(255) DEFAULT NULL,
  `gross` decimal(10,6) DEFAULT NULL,
  `createdAt` datetime NOT NULL,
  `updatedAt` datetime NOT NULL,
  PRIMARY KEY (`id`)
) ENGINE=InnoDB DEFAULT CHARSET=utf8mb4 COLLATE=utf8mb4_0900_ai_ci;
/*!40101 SET character_set_client = @saved_cs_client */;

--
-- Dumping data for table `games`
--

LOCK TABLES `games` WRITE;
/*!40000 ALTER TABLE `games` DISABLE KEYS */;
/*!40000 ALTER TABLE `games` ENABLE KEYS */;
UNLOCK TABLES;

--
-- Table structure for table `games-list`
--

DROP TABLE IF EXISTS `games-list`;
/*!40101 SET @saved_cs_client     = @@character_set_client */;
/*!50503 SET character_set_client = utf8mb4 */;
CREATE TABLE `games-list` (
  `id` int NOT NULL AUTO_INCREMENT,
  `name` varchar(255) NOT NULL,
  `label` varchar(255) NOT NULL,
  `createdAt` datetime DEFAULT NULL,
  `updatedAt` datetime DEFAULT NULL,
  PRIMARY KEY (`id`),
  UNIQUE KEY `name` (`name`)
) ENGINE=InnoDB AUTO_INCREMENT=7 DEFAULT CHARSET=utf8mb4 COLLATE=utf8mb4_0900_ai_ci;
/*!40101 SET character_set_client = @saved_cs_client */;

--
-- Dumping data for table `games-list`
--

LOCK TABLES `games-list` WRITE;
/*!40000 ALTER TABLE `games-list` DISABLE KEYS */;
INSERT INTO `games-list` VALUES (4,'zodiac','Zodiac','2024-06-10 11:09:24','2024-06-10 11:09:24'),(5,'laglag','Lag Lag','2024-06-10 11:09:24','2024-06-10 11:09:24'),(6,'letra-karera','Letra Karera','2024-06-10 11:09:24','2024-06-10 11:09:24');
/*!40000 ALTER TABLE `games-list` ENABLE KEYS */;
UNLOCK TABLES;

--
-- Table structure for table `logs`
--

DROP TABLE IF EXISTS `logs`;
/*!40101 SET @saved_cs_client     = @@character_set_client */;
/*!50503 SET character_set_client = utf8mb4 */;
CREATE TABLE `logs` (
  `id` int NOT NULL AUTO_INCREMENT,
  `functionality` varchar(255) DEFAULT NULL,
  `message` text,
  `level` varchar(50) DEFAULT NULL,
  `associatedId` int NOT NULL,
  `associatedType` varchar(255) NOT NULL,
  `createdAt` datetime NOT NULL,
  `updatedAt` datetime NOT NULL,
  `userId` int DEFAULT NULL,
  PRIMARY KEY (`id`),
  KEY `logs_associated_id_associated_type` (`associatedId`,`associatedType`)
) ENGINE=InnoDB AUTO_INCREMENT=11 DEFAULT CHARSET=utf8mb4 COLLATE=utf8mb4_0900_ai_ci;
/*!40101 SET character_set_client = @saved_cs_client */;

--
-- Dumping data for table `logs`
--

LOCK TABLES `logs` WRITE;
/*!40000 ALTER TABLE `logs` DISABLE KEYS */;
INSERT INTO `logs` VALUES (1,'authentication','The mobile no. +639568198702 was login and an OTP No. 111111 is sent','info',2,'user','2024-06-10 11:22:56','2024-06-10 11:22:56',NULL),(2,'authentication','The OTP No. 111111 was entered correctly and successfully login.','info',2,'user','2024-06-10 11:23:04','2024-06-10 11:23:04',NULL),(3,'authentication','The mobile no. +639568198702 was login and an OTP No. 111111 is sent','info',2,'user','2024-06-13 15:21:41','2024-06-13 15:21:41',NULL),(4,'authentication','The OTP No. 111111 was entered correctly and successfully login.','info',2,'user','2024-06-13 15:21:43','2024-06-13 15:21:43',NULL),(5,'authentication','The mobile no. +639568198701 was login and an OTP No. 111111 is sent','info',1,'user','2024-06-14 15:48:26','2024-06-14 15:48:26',NULL),(6,'authentication','The OTP No. 111111 was entered correctly and successfully login.','info',1,'user','2024-06-14 15:48:27','2024-06-14 15:48:27',NULL),(7,'authentication','The mobile no. +639568198701 was login and an OTP No. 111111 is sent','info',1,'user','2024-06-14 15:58:47','2024-06-14 15:58:47',NULL),(8,'authentication','The OTP No. 111111 was entered correctly and successfully login.','info',1,'user','2024-06-14 15:58:49','2024-06-14 15:58:49',NULL),(9,'authentication','The mobile no. +639568198702 was login and an OTP No. 111111 is sent','info',2,'user','2024-06-14 18:09:18','2024-06-14 18:09:18',NULL),(10,'authentication','The OTP No. 111111 was entered correctly and successfully login.','info',2,'user','2024-06-14 18:09:20','2024-06-14 18:09:20',NULL);
/*!40000 ALTER TABLE `logs` ENABLE KEYS */;
UNLOCK TABLES;

--
-- Table structure for table `migrations`
--

DROP TABLE IF EXISTS `migrations`;
/*!40101 SET @saved_cs_client     = @@character_set_client */;
/*!50503 SET character_set_client = utf8mb4 */;
CREATE TABLE `migrations` (
  `name` varchar(255) COLLATE utf8mb3_unicode_ci NOT NULL,
  PRIMARY KEY (`name`),
  UNIQUE KEY `name` (`name`)
) ENGINE=InnoDB DEFAULT CHARSET=utf8mb3 COLLATE=utf8mb3_unicode_ci;
/*!40101 SET character_set_client = @saved_cs_client */;

--
-- Dumping data for table `migrations`
--

LOCK TABLES `migrations` WRITE;
/*!40000 ALTER TABLE `migrations` DISABLE KEYS */;
INSERT INTO `migrations` VALUES ('20240413093227-create_logs_table.js'),('20240413111324-create_sessions_table.js'),('20240416093239-create_notifications_table.js'),('20240418130153-create_user-groups_table.js'),('20240425042753-create_addresses_table.js'),('20240425043324-create_provinces_table.js'),('20240425045452-create_cities_table.js'),('20240425072121-create_barangays_table.js'),('20240426064759-create_referrals_table.js'),('20240510051919-create_bettings_table.js'),('20240515020741-create_game_matches_table.js'),('20240515023832-create_game_assets_table.js'),('20240515032726-create_game_match_bettors_table.js'),('20240518160319-create_game_match_bettings_table.js'),('20240523104533-create_games_list_table.js'),('20240605060624-createAllReferralTables.js');
/*!40000 ALTER TABLE `migrations` ENABLE KEYS */;
UNLOCK TABLES;

--
-- Table structure for table `notifications`
--

DROP TABLE IF EXISTS `notifications`;
/*!40101 SET @saved_cs_client     = @@character_set_client */;
/*!50503 SET character_set_client = utf8mb4 */;
CREATE TABLE `notifications` (
  `id` int NOT NULL AUTO_INCREMENT,
  `userId` int NOT NULL,
  `message` text NOT NULL,
  `module` varchar(255) NOT NULL,
  `reference` varchar(255) DEFAULT NULL,
  `type` enum('info','warning','error') NOT NULL,
  `isRead` tinyint(1) NOT NULL DEFAULT '0',
  `createdAt` datetime NOT NULL,
  `updatedAt` datetime NOT NULL,
  PRIMARY KEY (`id`),
  KEY `userId` (`userId`),
  CONSTRAINT `notifications_ibfk_1` FOREIGN KEY (`userId`) REFERENCES `users` (`id`) ON DELETE CASCADE
) ENGINE=InnoDB DEFAULT CHARSET=utf8mb4 COLLATE=utf8mb4_0900_ai_ci;
/*!40101 SET character_set_client = @saved_cs_client */;

--
-- Dumping data for table `notifications`
--

LOCK TABLES `notifications` WRITE;
/*!40000 ALTER TABLE `notifications` DISABLE KEYS */;
/*!40000 ALTER TABLE `notifications` ENABLE KEYS */;
UNLOCK TABLES;

--
-- Table structure for table `provinces`
--

DROP TABLE IF EXISTS `provinces`;
/*!40101 SET @saved_cs_client     = @@character_set_client */;
/*!50503 SET character_set_client = utf8mb4 */;
CREATE TABLE `provinces` (
  `id` int NOT NULL AUTO_INCREMENT,
  `name` varchar(255) NOT NULL,
  `createdAt` datetime DEFAULT NULL,
  `updatedAt` datetime DEFAULT NULL,
  PRIMARY KEY (`id`),
  UNIQUE KEY `name` (`name`)
) ENGINE=InnoDB AUTO_INCREMENT=83 DEFAULT CHARSET=utf8mb4 COLLATE=utf8mb4_0900_ai_ci;
/*!40101 SET character_set_client = @saved_cs_client */;

--
-- Dumping data for table `provinces`
--

LOCK TABLES `provinces` WRITE;
/*!40000 ALTER TABLE `provinces` DISABLE KEYS */;
INSERT INTO `provinces` VALUES (1,'Abra',NULL,NULL),(2,'Agusan del Norte',NULL,NULL),(3,'Agusan del Sur',NULL,NULL),(4,'Aklan',NULL,NULL),(5,'Albay',NULL,NULL),(6,'Antique',NULL,NULL),(7,'Apayao',NULL,NULL),(8,'Aurora',NULL,NULL),(9,'Basilan',NULL,NULL),(10,'Bataan',NULL,NULL),(11,'Batanes',NULL,NULL),(12,'Batangas',NULL,NULL),(13,'Benguet',NULL,NULL),(14,'Biliran',NULL,NULL),(15,'Bohol',NULL,NULL),(16,'Bukidnon',NULL,NULL),(17,'Bulacan',NULL,NULL),(18,'Cagayan',NULL,NULL),(19,'Camarines Norte',NULL,NULL),(20,'Camarines Sur',NULL,NULL),(21,'Camiguin',NULL,NULL),(22,'Capiz',NULL,NULL),(23,'Catanduanes',NULL,NULL),(24,'Cavite',NULL,NULL),(25,'Cebu',NULL,NULL),(26,'Cotabato',NULL,NULL),(27,'Davao de Oro',NULL,NULL),(28,'Davao del Norte',NULL,NULL),(29,'Davao del Sur',NULL,NULL),(30,'Davao Occidental',NULL,NULL),(31,'Davao Oriental',NULL,NULL),(32,'Dinagat Islands',NULL,NULL),(33,'Eastern Samar',NULL,NULL),(34,'Guimaras',NULL,NULL),(35,'Ifugao',NULL,NULL),(36,'Ilocos Norte',NULL,NULL),(37,'Ilocos Sur',NULL,NULL),(38,'Iloilo',NULL,NULL),(39,'Isabela',NULL,NULL),(40,'Kalinga',NULL,NULL),(41,'La Union',NULL,NULL),(42,'Laguna',NULL,NULL),(43,'Lanao del Norte',NULL,NULL),(44,'Lanao del Sur',NULL,NULL),(45,'Leyte',NULL,NULL),(46,'Maguindanao',NULL,NULL),(47,'Marinduque',NULL,NULL),(48,'Masbate',NULL,NULL),(49,'Metro Manila',NULL,NULL),(50,'Misamis Occidental',NULL,NULL),(51,'Misamis Oriental',NULL,NULL),(52,'Mountain Province',NULL,NULL),(53,'Negros Occidental',NULL,NULL),(54,'Negros Oriental',NULL,NULL),(55,'Northern Samar',NULL,NULL),(56,'Nueva Ecija',NULL,NULL),(57,'Nueva Vizcaya',NULL,NULL),(58,'Occidental Mindoro',NULL,NULL),(59,'Oriental Mindoro',NULL,NULL),(60,'Palawan',NULL,NULL),(61,'Pampanga',NULL,NULL),(62,'Pangasinan',NULL,NULL),(63,'Quezon',NULL,NULL),(64,'Quirino',NULL,NULL),(65,'Rizal',NULL,NULL),(66,'Romblon',NULL,NULL),(67,'Samar',NULL,NULL),(68,'Sarangani',NULL,NULL),(69,'Siquijor',NULL,NULL),(70,'Sorsogon',NULL,NULL),(71,'South Cotabato',NULL,NULL),(72,'Southern Leyte',NULL,NULL),(73,'Sultan Kudarat',NULL,NULL),(74,'Sulu',NULL,NULL),(75,'Surigao del Norte',NULL,NULL),(76,'Surigao del Sur',NULL,NULL),(77,'Tarlac',NULL,NULL),(78,'Tawi-Tawi',NULL,NULL),(79,'Zambales',NULL,NULL),(80,'Zamboanga del Norte',NULL,NULL),(81,'Zamboanga del Sur',NULL,NULL),(82,'Zamboanga Sibugay',NULL,NULL);
/*!40000 ALTER TABLE `provinces` ENABLE KEYS */;
UNLOCK TABLES;

--
-- Table structure for table `referralCodes`
--

DROP TABLE IF EXISTS `referralCodes`;
/*!40101 SET @saved_cs_client     = @@character_set_client */;
/*!50503 SET character_set_client = utf8mb4 */;
CREATE TABLE `referralCodes` (
  `id` int NOT NULL AUTO_INCREMENT,
  `userId` int NOT NULL,
  `code` varchar(10) DEFAULT NULL,
  PRIMARY KEY (`id`),
  UNIQUE KEY `code` (`code`)
) ENGINE=InnoDB AUTO_INCREMENT=9 DEFAULT CHARSET=utf8mb4 COLLATE=utf8mb4_0900_ai_ci;
/*!40101 SET character_set_client = @saved_cs_client */;

--
-- Dumping data for table `referralCodes`
--

LOCK TABLES `referralCodes` WRITE;
/*!40000 ALTER TABLE `referralCodes` DISABLE KEYS */;
INSERT INTO `referralCodes` VALUES (1,2,'S0'),(2,2,'S1'),(3,3,'M0'),(4,4,'A0'),(5,5,'A1'),(6,6,'M1'),(7,7,'A2'),(8,8,'A3');
/*!40000 ALTER TABLE `referralCodes` ENABLE KEYS */;
UNLOCK TABLES;

--
-- Table structure for table `referralShares`
--

DROP TABLE IF EXISTS `referralShares`;
/*!40101 SET @saved_cs_client     = @@character_set_client */;
/*!50503 SET character_set_client = utf8mb4 */;
CREATE TABLE `referralShares` (
  `id` int NOT NULL AUTO_INCREMENT,
  `refId` int NOT NULL,
  `share1` decimal(10,4) DEFAULT '5.0000',
  `share2` decimal(10,4) DEFAULT '2.5000',
  PRIMARY KEY (`id`)
) ENGINE=InnoDB AUTO_INCREMENT=3 DEFAULT CHARSET=utf8mb4 COLLATE=utf8mb4_0900_ai_ci;
/*!40101 SET character_set_client = @saved_cs_client */;

--
-- Dumping data for table `referralShares`
--

LOCK TABLES `referralShares` WRITE;
/*!40000 ALTER TABLE `referralShares` DISABLE KEYS */;
INSERT INTO `referralShares` VALUES (1,1,5.0000,2.5000),(2,2,4.0000,1.5000);
/*!40000 ALTER TABLE `referralShares` ENABLE KEYS */;
UNLOCK TABLES;

--
-- Table structure for table `referrals`
--

DROP TABLE IF EXISTS `referrals`;
/*!40101 SET @saved_cs_client     = @@character_set_client */;
/*!50503 SET character_set_client = utf8mb4 */;
CREATE TABLE `referrals` (
  `id` int NOT NULL AUTO_INCREMENT,
  `playerId` int NOT NULL,
  `referralCodeId` int DEFAULT NULL,
  `status` enum('Pending','Approved','Denied') DEFAULT 'Pending',
  `createdAt` datetime DEFAULT CURRENT_TIMESTAMP,
  `updatedAt` datetime DEFAULT CURRENT_TIMESTAMP,
  `inviterId` int DEFAULT NULL,
  PRIMARY KEY (`id`)
) ENGINE=InnoDB AUTO_INCREMENT=9 DEFAULT CHARSET=utf8mb4 COLLATE=utf8mb4_0900_ai_ci;
/*!40101 SET character_set_client = @saved_cs_client */;

--
-- Dumping data for table `referrals`
--

LOCK TABLES `referrals` WRITE;
/*!40000 ALTER TABLE `referrals` DISABLE KEYS */;
INSERT INTO `referrals` VALUES (1,9,4,'Pending','2024-06-10 11:09:24','2024-06-10 11:09:24',NULL),(2,10,4,'Pending','2024-06-10 11:09:24','2024-06-10 11:09:24',NULL),(3,11,5,'Pending','2024-06-10 11:09:24','2024-06-10 11:09:24',NULL),(4,12,5,'Pending','2024-06-10 11:09:24','2024-06-10 11:09:24',NULL),(5,13,7,'Pending','2024-06-10 11:09:24','2024-06-10 11:09:24',NULL),(6,14,7,'Pending','2024-06-10 11:09:24','2024-06-10 11:09:24',NULL),(7,15,8,'Pending','2024-06-10 11:09:24','2024-06-10 11:09:24',NULL),(8,16,8,'Pending','2024-06-10 11:09:24','2024-06-10 11:09:24',NULL);
/*!40000 ALTER TABLE `referrals` ENABLE KEYS */;
UNLOCK TABLES;

--
-- Table structure for table `sessions`
--

DROP TABLE IF EXISTS `sessions`;
/*!40101 SET @saved_cs_client     = @@character_set_client */;
/*!50503 SET character_set_client = utf8mb4 */;
CREATE TABLE `sessions` (
  `id` int NOT NULL AUTO_INCREMENT,
  `userId` int NOT NULL,
  `ipAddress` varchar(255) DEFAULT NULL,
  `userAgent` json DEFAULT NULL,
  `expiration` datetime NOT NULL,
  `createdAt` datetime NOT NULL,
  `updatedAt` datetime NOT NULL,
  PRIMARY KEY (`id`),
  KEY `userId` (`userId`),
  CONSTRAINT `sessions_ibfk_1` FOREIGN KEY (`userId`) REFERENCES `users` (`id`) ON DELETE CASCADE
) ENGINE=InnoDB AUTO_INCREMENT=6 DEFAULT CHARSET=utf8mb4 COLLATE=utf8mb4_0900_ai_ci;
/*!40101 SET character_set_client = @saved_cs_client */;

--
-- Dumping data for table `sessions`
--

LOCK TABLES `sessions` WRITE;
/*!40000 ALTER TABLE `sessions` DISABLE KEYS */;
INSERT INTO `sessions` VALUES (1,2,'127.0.0.1','\"{\\\"family\\\":\\\"Mobile Safari\\\",\\\"major\\\":\\\"16\\\",\\\"minor\\\":\\\"6\\\",\\\"patch\\\":\\\"0\\\",\\\"device\\\":{\\\"family\\\":\\\"iPhone\\\",\\\"major\\\":\\\"0\\\",\\\"minor\\\":\\\"0\\\",\\\"patch\\\":\\\"0\\\"},\\\"os\\\":{\\\"family\\\":\\\"iOS\\\",\\\"major\\\":\\\"16\\\",\\\"minor\\\":\\\"6\\\",\\\"patch\\\":\\\"0\\\"}}\"','2024-06-11 11:23:04','2024-06-10 11:23:04','2024-06-10 11:23:04'),(2,2,'127.0.0.1','\"{\\\"family\\\":\\\"Mobile Safari\\\",\\\"major\\\":\\\"16\\\",\\\"minor\\\":\\\"6\\\",\\\"patch\\\":\\\"0\\\",\\\"device\\\":{\\\"family\\\":\\\"iPhone\\\",\\\"major\\\":\\\"0\\\",\\\"minor\\\":\\\"0\\\",\\\"patch\\\":\\\"0\\\"},\\\"os\\\":{\\\"family\\\":\\\"iOS\\\",\\\"major\\\":\\\"16\\\",\\\"minor\\\":\\\"6\\\",\\\"patch\\\":\\\"0\\\"}}\"','2024-06-14 15:21:43','2024-06-13 15:21:43','2024-06-13 15:21:43'),(3,1,'127.0.0.1','\"{\\\"family\\\":\\\"Samsung Internet\\\",\\\"major\\\":\\\"14\\\",\\\"minor\\\":\\\"2\\\",\\\"patch\\\":\\\"0\\\",\\\"device\\\":{\\\"family\\\":\\\"Samsung SM-G973U\\\",\\\"major\\\":\\\"0\\\",\\\"minor\\\":\\\"0\\\",\\\"patch\\\":\\\"0\\\"},\\\"os\\\":{\\\"family\\\":\\\"Android\\\",\\\"major\\\":\\\"0\\\",\\\"minor\\\":\\\"0\\\",\\\"patch\\\":\\\"0\\\"}}\"','2024-06-15 15:48:27','2024-06-14 15:48:27','2024-06-14 15:48:27'),(4,1,'127.0.0.1','\"{\\\"family\\\":\\\"Mobile Safari\\\",\\\"major\\\":\\\"16\\\",\\\"minor\\\":\\\"6\\\",\\\"patch\\\":\\\"0\\\",\\\"device\\\":{\\\"family\\\":\\\"iPhone\\\",\\\"major\\\":\\\"0\\\",\\\"minor\\\":\\\"0\\\",\\\"patch\\\":\\\"0\\\"},\\\"os\\\":{\\\"family\\\":\\\"iOS\\\",\\\"major\\\":\\\"16\\\",\\\"minor\\\":\\\"6\\\",\\\"patch\\\":\\\"0\\\"}}\"','2024-06-15 15:58:49','2024-06-14 15:58:49','2024-06-14 15:58:49'),(5,2,'127.0.0.1','\"{\\\"family\\\":\\\"Mobile Safari\\\",\\\"major\\\":\\\"16\\\",\\\"minor\\\":\\\"6\\\",\\\"patch\\\":\\\"0\\\",\\\"device\\\":{\\\"family\\\":\\\"iPhone\\\",\\\"major\\\":\\\"0\\\",\\\"minor\\\":\\\"0\\\",\\\"patch\\\":\\\"0\\\"},\\\"os\\\":{\\\"family\\\":\\\"iOS\\\",\\\"major\\\":\\\"16\\\",\\\"minor\\\":\\\"6\\\",\\\"patch\\\":\\\"0\\\"}}\"','2024-06-15 18:09:20','2024-06-14 18:09:20','2024-06-14 18:09:20');
/*!40000 ALTER TABLE `sessions` ENABLE KEYS */;
UNLOCK TABLES;

--
-- Table structure for table `transactions`
--

DROP TABLE IF EXISTS `transactions`;
/*!40101 SET @saved_cs_client     = @@character_set_client */;
/*!50503 SET character_set_client = utf8mb4 */;
CREATE TABLE `transactions` (
  `id` int NOT NULL AUTO_INCREMENT,
  `wallet_id` int NOT NULL,
  `game_id` int DEFAULT NULL,
  `amount` decimal(10,4) NOT NULL,
  `type` enum('bet','wonprize','deposit','load','withdrawal') NOT NULL,
  `status` varchar(255) NOT NULL DEFAULT 'INITIAL',
  `callbackId` varchar(255) NOT NULL DEFAULT '',
  `createdAt` datetime NOT NULL,
  `updatedAt` datetime NOT NULL,
  PRIMARY KEY (`id`),
  KEY `wallet_id` (`wallet_id`),
  CONSTRAINT `transactions_ibfk_1` FOREIGN KEY (`wallet_id`) REFERENCES `wallets` (`id`) ON UPDATE CASCADE
) ENGINE=InnoDB DEFAULT CHARSET=utf8mb4 COLLATE=utf8mb4_0900_ai_ci;
/*!40101 SET character_set_client = @saved_cs_client */;

--
-- Dumping data for table `transactions`
--

LOCK TABLES `transactions` WRITE;
/*!40000 ALTER TABLE `transactions` DISABLE KEYS */;
/*!40000 ALTER TABLE `transactions` ENABLE KEYS */;
UNLOCK TABLES;

--
-- Table structure for table `user-groups`
--

DROP TABLE IF EXISTS `user-groups`;
/*!40101 SET @saved_cs_client     = @@character_set_client */;
/*!50503 SET character_set_client = utf8mb4 */;
CREATE TABLE `user-groups` (
  `id` int NOT NULL AUTO_INCREMENT,
  `parentId` int NOT NULL,
  `childId` int NOT NULL,
  `type` varchar(255) NOT NULL,
  `createdAt` datetime NOT NULL,
  `updatedAt` datetime NOT NULL,
  PRIMARY KEY (`id`)
) ENGINE=InnoDB DEFAULT CHARSET=utf8mb4 COLLATE=utf8mb4_0900_ai_ci;
/*!40101 SET character_set_client = @saved_cs_client */;

--
-- Dumping data for table `user-groups`
--

LOCK TABLES `user-groups` WRITE;
/*!40000 ALTER TABLE `user-groups` DISABLE KEYS */;
/*!40000 ALTER TABLE `user-groups` ENABLE KEYS */;
UNLOCK TABLES;

--
-- Table structure for table `users`
--

DROP TABLE IF EXISTS `users`;
/*!40101 SET @saved_cs_client     = @@character_set_client */;
/*!50503 SET character_set_client = utf8mb4 */;
CREATE TABLE `users` (
  `id` int NOT NULL AUTO_INCREMENT,
  `uuid` char(36) CHARACTER SET utf8mb4 COLLATE utf8mb4_bin NOT NULL,
  `accountId` varchar(255) DEFAULT NULL,
  `mobile` varchar(255) NOT NULL DEFAULT '',
  `otp` varchar(255) DEFAULT NULL,
  `firstName` varchar(255) NOT NULL DEFAULT '',
  `lastName` varchar(255) NOT NULL DEFAULT '',
  `nickName` varchar(255) NOT NULL DEFAULT '',
  `role` enum('superadmin','admin','supervisor','verifier','masteragent','agent','operator','moderator','accounting','player') NOT NULL DEFAULT 'player',
  `referralCodeForMA` varchar(255) DEFAULT NULL,
  `referralLinkForMA` varchar(255) DEFAULT NULL,
  `referralCodeForAgent` varchar(255) DEFAULT NULL,
  `referralLinkForAgent` varchar(255) DEFAULT NULL,
  `username` varchar(255) DEFAULT '',
  `email` varchar(255) DEFAULT '',
  `birthdate` datetime DEFAULT NULL,
  `placeOfBirth` varchar(255) DEFAULT NULL,
  `nationalities` varchar(255) DEFAULT NULL,
  `natureOfWork` varchar(255) DEFAULT NULL,
  `sourceOfIncome` varchar(255) DEFAULT NULL,
  `gender` int NOT NULL DEFAULT '0',
  `address` varchar(255) DEFAULT NULL,
  `usePresentAddress` int NOT NULL DEFAULT '0',
  `currentAddressId` int DEFAULT NULL,
  `permanentAddressId` int DEFAULT NULL,
  `profilePicture` varchar(255) DEFAULT NULL,
  `govtType` varchar(255) NOT NULL DEFAULT '0',
  `govtId` varchar(255) NOT NULL DEFAULT '',
  `govtPicture` varchar(255) DEFAULT NULL,
  `govtIdPicture` varchar(255) DEFAULT NULL,
  `password` varchar(255) NOT NULL DEFAULT '',
  `otpExpiration` datetime DEFAULT NULL,
  `otpMaxEntries` int DEFAULT '20',
  `otpMaxEntriesExpiration` datetime DEFAULT NULL,
  `isMobileVerified` tinyint(1) NOT NULL DEFAULT '0',
  `isEmailVerified` tinyint(1) NOT NULL DEFAULT '0',
  `actionStatus` enum('new','forapproval','fordeactive','deactive','approved','deactivate','denied') NOT NULL DEFAULT 'new',
  `isSupervisorApproved` tinyint(1) NOT NULL DEFAULT '0',
  `isVerifierApproved` tinyint(1) NOT NULL DEFAULT '0',
  `isDenied` tinyint(1) NOT NULL DEFAULT '0',
  `isDeactivated` tinyint(1) NOT NULL DEFAULT '0',
  `supervisorWhoApprove` char(36) CHARACTER SET utf8mb4 COLLATE utf8mb4_bin DEFAULT NULL,
  `verifierWhoApprove` char(36) CHARACTER SET utf8mb4 COLLATE utf8mb4_bin DEFAULT NULL,
  `personWhoDeactivated` char(36) CHARACTER SET utf8mb4 COLLATE utf8mb4_bin DEFAULT NULL,
  `personWhoDenied` char(36) CHARACTER SET utf8mb4 COLLATE utf8mb4_bin DEFAULT NULL,
  `supervisorApprovedAt` datetime DEFAULT NULL,
  `verifierApprovedAt` datetime DEFAULT NULL,
  `deniedReason` text,
  `deactivatedReason` text,
  `deniedAt` datetime DEFAULT NULL,
  `deactivatedAt` datetime DEFAULT NULL,
  `commission` decimal(5,2) DEFAULT NULL,
  `createdAt` datetime DEFAULT NULL,
  `updatedAt` datetime DEFAULT NULL,
  `deletedAt` datetime DEFAULT NULL,
  `createdBy` int DEFAULT NULL,
  PRIMARY KEY (`id`,`uuid`),
  UNIQUE KEY `nickName` (`nickName`),
  UNIQUE KEY `mobile` (`mobile`),
  UNIQUE KEY `accountId` (`accountId`),
  UNIQUE KEY `username` (`username`),
  UNIQUE KEY `email` (`email`),
  KEY `currentAddressId` (`currentAddressId`),
  KEY `permanentAddressId` (`permanentAddressId`),
  CONSTRAINT `users_ibfk_1` FOREIGN KEY (`currentAddressId`) REFERENCES `addresses` (`id`) ON DELETE SET NULL ON UPDATE CASCADE,
  CONSTRAINT `users_ibfk_2` FOREIGN KEY (`permanentAddressId`) REFERENCES `addresses` (`id`) ON DELETE SET NULL ON UPDATE CASCADE
) ENGINE=InnoDB AUTO_INCREMENT=31 DEFAULT CHARSET=utf8mb4 COLLATE=utf8mb4_0900_ai_ci;
/*!40101 SET character_set_client = @saved_cs_client */;

--
-- Dumping data for table `users`
--

LOCK TABLES `users` WRITE;
/*!40000 ALTER TABLE `users` DISABLE KEYS */;
INSERT INTO `users` VALUES (1,'moderator1',NULL,'+639568198701','111111','Ana','Nichols','Ana0','moderator',NULL,NULL,NULL,NULL,NULL,NULL,NULL,NULL,NULL,NULL,NULL,2,'',1,NULL,NULL,NULL,'','',NULL,NULL,'','2024-06-14 15:59:55',20,'2024-06-15 16:02:47',1,0,'new',0,0,0,0,NULL,NULL,NULL,NULL,NULL,NULL,NULL,NULL,NULL,NULL,NULL,'2024-06-10 11:09:24','2024-06-14 15:58:47',NULL,NULL),(2,'player1',NULL,'+639568198702','111111','Marcus','Ombog','Marcus1','player',NULL,NULL,NULL,NULL,NULL,NULL,NULL,NULL,NULL,NULL,NULL,1,'',1,NULL,NULL,NULL,'','',NULL,NULL,'','2024-06-14 18:10:26',20,'2024-06-15 18:13:18',1,0,'new',0,0,0,0,NULL,NULL,NULL,NULL,NULL,NULL,NULL,NULL,NULL,NULL,NULL,'2024-06-10 11:09:24','2024-06-14 18:09:18',NULL,NULL),(3,'player2',NULL,'+639568198703',NULL,'John','Dizon','John2','player',NULL,NULL,NULL,NULL,NULL,NULL,NULL,NULL,NULL,NULL,NULL,1,'',1,NULL,NULL,NULL,'','',NULL,NULL,'',NULL,20,NULL,1,0,'new',0,0,0,0,NULL,NULL,NULL,NULL,NULL,NULL,NULL,NULL,NULL,NULL,NULL,'2024-06-10 11:09:24',NULL,NULL,NULL),(4,'player3',NULL,'+639568198704',NULL,'Nancy','Serapio','Nancy3','player',NULL,NULL,NULL,NULL,NULL,NULL,NULL,NULL,NULL,NULL,NULL,2,'',1,NULL,NULL,NULL,'','',NULL,NULL,'',NULL,20,NULL,1,0,'new',0,0,0,0,NULL,NULL,NULL,NULL,NULL,NULL,NULL,NULL,NULL,NULL,NULL,'2024-06-10 11:09:24',NULL,NULL,NULL),(5,'player4',NULL,'+639568198705',NULL,'Mark','Go','Mark4','player',NULL,NULL,NULL,NULL,NULL,NULL,NULL,NULL,NULL,NULL,NULL,1,'',1,NULL,NULL,NULL,'','',NULL,NULL,'',NULL,20,NULL,1,0,'new',0,0,0,0,NULL,NULL,NULL,NULL,NULL,NULL,NULL,NULL,NULL,NULL,NULL,'2024-06-10 11:09:24',NULL,NULL,NULL),(6,'player5',NULL,'+639568198706',NULL,'Jennifer','Dela Cruz','Jennifer5','player',NULL,NULL,NULL,NULL,NULL,NULL,NULL,NULL,NULL,NULL,NULL,1,'',1,NULL,NULL,NULL,'','',NULL,NULL,'',NULL,20,NULL,1,0,'new',0,0,0,0,NULL,NULL,NULL,NULL,NULL,NULL,NULL,NULL,NULL,NULL,NULL,'2024-06-10 11:09:24',NULL,NULL,NULL),(7,'player6',NULL,'+639568198707',NULL,'Rose','Dela Cruz','Rose6','player',NULL,NULL,NULL,NULL,NULL,NULL,NULL,NULL,NULL,NULL,NULL,2,'',1,NULL,NULL,NULL,'','',NULL,NULL,'',NULL,20,NULL,1,0,'new',0,0,0,0,NULL,NULL,NULL,NULL,NULL,NULL,NULL,NULL,NULL,NULL,NULL,'2024-06-10 11:09:24',NULL,NULL,NULL),(8,'player7',NULL,'+639568198708',NULL,'Nancy','Nichols','Nancy7','player',NULL,NULL,NULL,NULL,NULL,NULL,NULL,NULL,NULL,NULL,NULL,2,'',1,NULL,NULL,NULL,'','',NULL,NULL,'',NULL,20,NULL,1,0,'new',0,0,0,0,NULL,NULL,NULL,NULL,NULL,NULL,NULL,NULL,NULL,NULL,NULL,'2024-06-10 11:09:24',NULL,NULL,NULL),(9,'player8',NULL,'+639568198709',NULL,'Oli','Brown','Oli8','player',NULL,NULL,NULL,NULL,NULL,NULL,NULL,NULL,NULL,NULL,NULL,2,'',1,NULL,NULL,NULL,'','',NULL,NULL,'',NULL,20,NULL,1,0,'new',0,0,0,0,NULL,NULL,NULL,NULL,NULL,NULL,NULL,NULL,NULL,NULL,NULL,'2024-06-10 11:09:24',NULL,NULL,NULL),(10,'player9',NULL,'+639568198710',NULL,'Eli','Uy','Eli9','player',NULL,NULL,NULL,NULL,NULL,NULL,NULL,NULL,NULL,NULL,NULL,2,'',1,NULL,NULL,NULL,'','',NULL,NULL,'',NULL,20,NULL,1,0,'new',0,0,0,0,NULL,NULL,NULL,NULL,NULL,NULL,NULL,NULL,NULL,NULL,NULL,'2024-06-10 11:09:24',NULL,NULL,NULL),(11,'player10',NULL,'+639568198711',NULL,'Nash','Dizon','Nash10','player',NULL,NULL,NULL,NULL,NULL,NULL,NULL,NULL,NULL,NULL,NULL,1,'',1,NULL,NULL,NULL,'','',NULL,NULL,'',NULL,20,NULL,1,0,'new',0,0,0,0,NULL,NULL,NULL,NULL,NULL,NULL,NULL,NULL,NULL,NULL,NULL,'2024-06-10 11:09:24',NULL,NULL,NULL),(12,'player11',NULL,'+639568198712',NULL,'Joy','Dizon','Joy11','player',NULL,NULL,NULL,NULL,NULL,NULL,NULL,NULL,NULL,NULL,NULL,1,'',1,NULL,NULL,NULL,'','',NULL,NULL,'',NULL,20,NULL,1,0,'new',0,0,0,0,NULL,NULL,NULL,NULL,NULL,NULL,NULL,NULL,NULL,NULL,NULL,'2024-06-10 11:09:24',NULL,NULL,NULL),(13,'player12',NULL,'+639568198713',NULL,'Alice','Legaspi','Alice12','player',NULL,NULL,NULL,NULL,NULL,NULL,NULL,NULL,NULL,NULL,NULL,2,'',1,NULL,NULL,NULL,'','',NULL,NULL,'',NULL,20,NULL,1,0,'new',0,0,0,0,NULL,NULL,NULL,NULL,NULL,NULL,NULL,NULL,NULL,NULL,NULL,'2024-06-10 11:09:24',NULL,NULL,NULL),(14,'player13',NULL,'+639568198714',NULL,'Nash','Samonte','Nash13','player',NULL,NULL,NULL,NULL,NULL,NULL,NULL,NULL,NULL,NULL,NULL,1,'',1,NULL,NULL,NULL,'','',NULL,NULL,'',NULL,20,NULL,1,0,'new',0,0,0,0,NULL,NULL,NULL,NULL,NULL,NULL,NULL,NULL,NULL,NULL,NULL,'2024-06-10 11:09:24',NULL,NULL,NULL),(15,'player14',NULL,'+639568198715',NULL,'Nash','Go','Nash14','player',NULL,NULL,NULL,NULL,NULL,NULL,NULL,NULL,NULL,NULL,NULL,1,'',1,NULL,NULL,NULL,'','',NULL,NULL,'',NULL,20,NULL,1,0,'new',0,0,0,0,NULL,NULL,NULL,NULL,NULL,NULL,NULL,NULL,NULL,NULL,NULL,'2024-06-10 11:09:24',NULL,NULL,NULL),(16,'player15',NULL,'+639568198716',NULL,'Jennie','Legaspi','Jennie15','player',NULL,NULL,NULL,NULL,NULL,NULL,NULL,NULL,NULL,NULL,NULL,1,'',1,NULL,NULL,NULL,'','',NULL,NULL,'',NULL,20,NULL,1,0,'new',0,0,0,0,NULL,NULL,NULL,NULL,NULL,NULL,NULL,NULL,NULL,NULL,NULL,'2024-06-10 11:09:24',NULL,NULL,NULL),(17,'player16',NULL,'+639568198717',NULL,'Mark','Ombog','Mark16','player',NULL,NULL,NULL,NULL,NULL,NULL,NULL,NULL,NULL,NULL,NULL,1,'',1,NULL,NULL,NULL,'','',NULL,NULL,'',NULL,20,NULL,1,0,'new',0,0,0,0,NULL,NULL,NULL,NULL,NULL,NULL,NULL,NULL,NULL,NULL,NULL,'2024-06-10 11:09:24',NULL,NULL,NULL),(18,'player17',NULL,'+639568198718',NULL,'Bob','Ombog','Bob17','player',NULL,NULL,NULL,NULL,NULL,NULL,NULL,NULL,NULL,NULL,NULL,1,'',1,NULL,NULL,NULL,'','',NULL,NULL,'',NULL,20,NULL,1,0,'new',0,0,0,0,NULL,NULL,NULL,NULL,NULL,NULL,NULL,NULL,NULL,NULL,NULL,'2024-06-10 11:09:24',NULL,NULL,NULL),(19,'player18',NULL,'+639568198719',NULL,'Joy','Dela Cruz','Joy18','player',NULL,NULL,NULL,NULL,NULL,NULL,NULL,NULL,NULL,NULL,NULL,1,'',1,NULL,NULL,NULL,'','',NULL,NULL,'',NULL,20,NULL,1,0,'new',0,0,0,0,NULL,NULL,NULL,NULL,NULL,NULL,NULL,NULL,NULL,NULL,NULL,'2024-06-10 11:09:24',NULL,NULL,NULL),(20,'player19',NULL,'+639568198720',NULL,'Marcus','Johnson','Marcus19','player',NULL,NULL,NULL,NULL,NULL,NULL,NULL,NULL,NULL,NULL,NULL,1,'',1,NULL,NULL,NULL,'','',NULL,NULL,'',NULL,20,NULL,1,0,'new',0,0,0,0,NULL,NULL,NULL,NULL,NULL,NULL,NULL,NULL,NULL,NULL,NULL,'2024-06-10 11:09:24',NULL,NULL,NULL),(21,'player20',NULL,'+639568198721',NULL,'Mars','Uy','Mars20','player',NULL,NULL,NULL,NULL,NULL,NULL,NULL,NULL,NULL,NULL,NULL,1,'',1,NULL,NULL,NULL,'','',NULL,NULL,'',NULL,20,NULL,1,0,'new',0,0,0,0,NULL,NULL,NULL,NULL,NULL,NULL,NULL,NULL,NULL,NULL,NULL,'2024-06-10 11:09:24',NULL,NULL,NULL),(22,'player21',NULL,'+639568198722',NULL,'Aaron','Rivera','Aaron21','player',NULL,NULL,NULL,NULL,NULL,NULL,NULL,NULL,NULL,NULL,NULL,1,'',1,NULL,NULL,NULL,'','',NULL,NULL,'',NULL,20,NULL,1,0,'new',0,0,0,0,NULL,NULL,NULL,NULL,NULL,NULL,NULL,NULL,NULL,NULL,NULL,'2024-06-10 11:09:24',NULL,NULL,NULL),(23,'player22',NULL,'+639568198723',NULL,'Jane','Mendez','Jane22','player',NULL,NULL,NULL,NULL,NULL,NULL,NULL,NULL,NULL,NULL,NULL,2,'',1,NULL,NULL,NULL,'','',NULL,NULL,'',NULL,20,NULL,1,0,'new',0,0,0,0,NULL,NULL,NULL,NULL,NULL,NULL,NULL,NULL,NULL,NULL,NULL,'2024-06-10 11:09:24',NULL,NULL,NULL),(24,'player23',NULL,'+639568198724',NULL,'Jonas','Brown','Jonas23','player',NULL,NULL,NULL,NULL,NULL,NULL,NULL,NULL,NULL,NULL,NULL,1,'',1,NULL,NULL,NULL,'','',NULL,NULL,'',NULL,20,NULL,1,0,'new',0,0,0,0,NULL,NULL,NULL,NULL,NULL,NULL,NULL,NULL,NULL,NULL,NULL,'2024-06-10 11:09:24',NULL,NULL,NULL),(25,'player24',NULL,'+639568198725',NULL,'Jennie','Villar','Jennie24','player',NULL,NULL,NULL,NULL,NULL,NULL,NULL,NULL,NULL,NULL,NULL,1,'',1,NULL,NULL,NULL,'','',NULL,NULL,'',NULL,20,NULL,1,0,'new',0,0,0,0,NULL,NULL,NULL,NULL,NULL,NULL,NULL,NULL,NULL,NULL,NULL,'2024-06-10 11:09:24',NULL,NULL,NULL),(26,'player25',NULL,'+639568198726',NULL,'Eve','Dela Cruz','Eve25','player',NULL,NULL,NULL,NULL,NULL,NULL,NULL,NULL,NULL,NULL,NULL,2,'',1,NULL,NULL,NULL,'','',NULL,NULL,'',NULL,20,NULL,1,0,'new',0,0,0,0,NULL,NULL,NULL,NULL,NULL,NULL,NULL,NULL,NULL,NULL,NULL,'2024-06-10 11:09:24',NULL,NULL,NULL),(27,'player26',NULL,'+639568198727',NULL,'Jennie','Samonte','Jennie26','player',NULL,NULL,NULL,NULL,NULL,NULL,NULL,NULL,NULL,NULL,NULL,1,'',1,NULL,NULL,NULL,'','',NULL,NULL,'',NULL,20,NULL,1,0,'new',0,0,0,0,NULL,NULL,NULL,NULL,NULL,NULL,NULL,NULL,NULL,NULL,NULL,'2024-06-10 11:09:24',NULL,NULL,NULL),(28,'player27',NULL,'+639568198728',NULL,'Joy','Samonte','Joy27','player',NULL,NULL,NULL,NULL,NULL,NULL,NULL,NULL,NULL,NULL,NULL,1,'',1,NULL,NULL,NULL,'','',NULL,NULL,'',NULL,20,NULL,1,0,'new',0,0,0,0,NULL,NULL,NULL,NULL,NULL,NULL,NULL,NULL,NULL,NULL,NULL,'2024-06-10 11:09:24',NULL,NULL,NULL),(29,'player28',NULL,'+639568198729',NULL,'Ana','Roxas','Ana28','player',NULL,NULL,NULL,NULL,NULL,NULL,NULL,NULL,NULL,NULL,NULL,2,'',1,NULL,NULL,NULL,'','',NULL,NULL,'',NULL,20,NULL,1,0,'new',0,0,0,0,NULL,NULL,NULL,NULL,NULL,NULL,NULL,NULL,NULL,NULL,NULL,'2024-06-10 11:09:24',NULL,NULL,NULL),(30,'player29',NULL,'+639568198730',NULL,'Joy','Dizon','Joy29','player',NULL,NULL,NULL,NULL,NULL,NULL,NULL,NULL,NULL,NULL,NULL,1,'',1,NULL,NULL,NULL,'','',NULL,NULL,'',NULL,20,NULL,1,0,'new',0,0,0,0,NULL,NULL,NULL,NULL,NULL,NULL,NULL,NULL,NULL,NULL,NULL,'2024-06-10 11:09:24',NULL,NULL,NULL);
/*!40000 ALTER TABLE `users` ENABLE KEYS */;
UNLOCK TABLES;

--
-- Table structure for table `wallets`
--

DROP TABLE IF EXISTS `wallets`;
/*!40101 SET @saved_cs_client     = @@character_set_client */;
/*!50503 SET character_set_client = utf8mb4 */;
CREATE TABLE `wallets` (
  `id` int NOT NULL AUTO_INCREMENT,
  `user_id` int NOT NULL,
  `balance` decimal(10,2) NOT NULL DEFAULT '0.00',
  `createdAt` datetime DEFAULT CURRENT_TIMESTAMP,
  `updatedAt` datetime DEFAULT CURRENT_TIMESTAMP,
  PRIMARY KEY (`id`),
  UNIQUE KEY `user_id` (`user_id`)
) ENGINE=InnoDB AUTO_INCREMENT=31 DEFAULT CHARSET=utf8mb4 COLLATE=utf8mb4_0900_ai_ci;
/*!40101 SET character_set_client = @saved_cs_client */;

--
-- Dumping data for table `wallets`
--

LOCK TABLES `wallets` WRITE;
/*!40000 ALTER TABLE `wallets` DISABLE KEYS */;
INSERT INTO `wallets` VALUES (1,1,1000.00,'2024-06-10 11:09:24','2024-06-10 11:09:24'),(2,2,1000.00,'2024-06-10 11:09:24','2024-06-10 11:09:24'),(3,3,1000.00,'2024-06-10 11:09:24','2024-06-10 11:09:24'),(4,4,1000.00,'2024-06-10 11:09:24','2024-06-10 11:09:24'),(5,5,1000.00,'2024-06-10 11:09:24','2024-06-10 11:09:24'),(6,6,1000.00,'2024-06-10 11:09:24','2024-06-10 11:09:24'),(7,7,1000.00,'2024-06-10 11:09:24','2024-06-10 11:09:24'),(8,8,1000.00,'2024-06-10 11:09:24','2024-06-10 11:09:24'),(9,9,1000.00,'2024-06-10 11:09:24','2024-06-10 11:09:24'),(10,10,1000.00,'2024-06-10 11:09:24','2024-06-10 11:09:24'),(11,11,1000.00,'2024-06-10 11:09:24','2024-06-10 11:09:24'),(12,12,1000.00,'2024-06-10 11:09:24','2024-06-10 11:09:24'),(13,13,1000.00,'2024-06-10 11:09:24','2024-06-10 11:09:24'),(14,14,1000.00,'2024-06-10 11:09:24','2024-06-10 11:09:24'),(15,15,1000.00,'2024-06-10 11:09:24','2024-06-10 11:09:24'),(16,16,1000.00,'2024-06-10 11:09:24','2024-06-10 11:09:24'),(17,17,1000.00,'2024-06-10 11:09:24','2024-06-10 11:09:24'),(18,18,1000.00,'2024-06-10 11:09:24','2024-06-10 11:09:24'),(19,19,1000.00,'2024-06-10 11:09:24','2024-06-10 11:09:24'),(20,20,1000.00,'2024-06-10 11:09:24','2024-06-10 11:09:24'),(21,21,1000.00,'2024-06-10 11:09:24','2024-06-10 11:09:24'),(22,22,1000.00,'2024-06-10 11:09:24','2024-06-10 11:09:24'),(23,23,1000.00,'2024-06-10 11:09:24','2024-06-10 11:09:24'),(24,24,1000.00,'2024-06-10 11:09:24','2024-06-10 11:09:24'),(25,25,1000.00,'2024-06-10 11:09:24','2024-06-10 11:09:24'),(26,26,1000.00,'2024-06-10 11:09:24','2024-06-10 11:09:24'),(27,27,1000.00,'2024-06-10 11:09:24','2024-06-10 11:09:24'),(28,28,1000.00,'2024-06-10 11:09:24','2024-06-10 11:09:24'),(29,29,1000.00,'2024-06-10 11:09:24','2024-06-10 11:09:24'),(30,30,1000.00,'2024-06-10 11:09:24','2024-06-10 11:09:24');
/*!40000 ALTER TABLE `wallets` ENABLE KEYS */;
UNLOCK TABLES;
/*!40103 SET TIME_ZONE=@OLD_TIME_ZONE */;

/*!40101 SET SQL_MODE=@OLD_SQL_MODE */;
/*!40014 SET FOREIGN_KEY_CHECKS=@OLD_FOREIGN_KEY_CHECKS */;
/*!40014 SET UNIQUE_CHECKS=@OLD_UNIQUE_CHECKS */;
/*!40101 SET CHARACTER_SET_CLIENT=@OLD_CHARACTER_SET_CLIENT */;
/*!40101 SET CHARACTER_SET_RESULTS=@OLD_CHARACTER_SET_RESULTS */;
/*!40101 SET COLLATION_CONNECTION=@OLD_COLLATION_CONNECTION */;
/*!40111 SET SQL_NOTES=@OLD_SQL_NOTES */;

-- Dump completed on 2024-06-18 11:24:27
